Timestamp,Satellite_ID,Constellation,Broadcast_X,Broadcast_Y,Broadcast_Z,Broadcast_Clock,Modelled_X,Modelled_Y,Modelled_Z,Modelled_Clock,Error_X,Error_Y,Error_Z,3D_Orbit_Error,Error_Clock
2026-08-08 00:00:00,G01,G,-2554752.260610007,25150765.217452448,8049232.787266418,1.3246213444326272e-05,-2554753.9742993964,25150766.373862665,8049233.193171417,1.3243527258455776e-05,1.713689389227103,-1.1564102164048444,-0.4059049993074843,2.106839998627772,2.6861858704956e-09
2026-08-08 00:15:00,G01,G,-3016915.41536511,25847357.06390427,5342134.185319178,1.3255033645590695e-05,-3016916.9496608283,25847358.220162317,5342134.270095113,1.3251900719891368e-05,1.5342957180194934,-1.156258041918523,-0.0847759346950564,1.9230660334314136,3.132925699327101e-09
2026-08-08 00:30:00,G01,G,-3366996.153712725,26263416.7441727,2543142.105245348,1.3263942397939106e-05,-3366997.5520431567,26263417.89384418,2543141.8685123706,1.326027418132696e-05,1.398330431771214,-1.1496714791931166,0.2367329775841547,1.8256820668351368,3.6682166121452635e-09
2026-08-08 00:45:00,G01,G,-3638612.4272012506,26382809.95561944,-299410.9788269498,1.327277880053933e-05,-3638613.740372279,26382811.200035017,-299411.4567398859,1.3268647642762552e-05,1.3131710284209144,-1.2444155823141132,0.477912936105028,1.8711999000338644,4.131157776778231e-09
2026-08-08 01:00:00,G01,G,-3867997.676831518,26197808.31162819,-3136825.5972213238,1.328157745399372e-05,-3867998.911451824,26197809.584716197,-3136826.2474054475,1.3277021104198143e-05,1.2346203061449277,-1.2730880033522194,0.6501841242874071,1.8888567336090152,4.556349795576715e-09
2026-08-08 01:15:00,G01,G,-4092398.4202007446,25709336.45746939,-5920858.554517921,1.3290071979513272e-05,-4092399.424625053,25709337.65360357,-5920859.391242544,1.3285394565633735e-05,1.0044243086593072,-1.1961341832624934,0.8367246227072209,1.7719236073937557,4.677413879537473e-09
2026-08-08 01:30:00,G01,G,-4348455.662153992,24926901.729673147,-8604513.327331735,1.3298386080897425e-05,-4348456.497012674,24926902.854021613,-8604514.28698211,1.3293768027069329e-05,0.8348586816860082,-1.1243484641091226,0.9596503745171256,1.697668203284111,4.618053828096072e-09
2026-08-08 01:45:00,G01,G,-4670633.000862467,23868215.864815496,-11142786.100795625,1.3306979578459685e-05,-4670633.641458662,23868216.74390955,-11142787.080708906,1.330214148850492e-05,0.6405961955679689,-0.8790940528488905,0.9799132830951016,1.4640354783667862,4.838089954765584e-09
2026-08-08 02:00:00,G01,G,-5089746.385966564,22558527.32789441,-13493359.508818451,1.33153058594652e-05,-5089746.964905381,22558528.04750645,-13493360.42718684,1.331051494994051e-05,0.5789388177647806,-0.7196120387040111,0.9183683857601584,1.302463870104021,4.7909095246892524e-09
2026-08-08 02:15:00,G01,G,-5631649.65178946,21029696.505699843,-15617237.613234729,1.3323120295134476e-05,-5631650.0326358,21029697.079699893,-15617238.37659658,1.3318888411376102e-05,0.3808463390670443,-0.5740000507651353,0.7633618543590405,1.0282224044192096,4.231883758373263e-09
2026-08-08 02:30:00,G01,G,-6316117.759301552,19319048.47284356,-17479317.280398205,1.3331691738015807e-05,-6316118.023392888,19319048.930997007,-17479317.86187766,1.3327261872811694e-05,0.2640913360745202,-0.4581534501257757,0.5814794574573967,0.7859816646059405,4.4298652041127915e-09
2026-08-08 02:45:00,G01,G,-7155967.778771892,17468048.709576055,-19048893.474476647,1.3339896643119682e-05,-7155967.9263933245,17468048.969231024,-19048893.774431784,1.3335635334247286e-05,0.147621432667013,-0.2596549703196558,0.2999551370193106,0.4233035261117444,4.2613088723956554e-09
2026-08-08 03:00:00,G01,G,-8156442.952147001,15520848.606164215,-20300095.788082637,1.3348801899572398e-05,-8156442.897582862,15520848.743545871,-20300095.713092305,1.3344008795682876e-05,-0.0545641402228314,-0.1373816551959935,-0.074990327485838,0.1657543779182948,4.793103889520183e-09
2026-08-08 03:15:00,G01,G,-9314880.039368711,13522753.40073732,-21212255.470061757,1.3357009533404329e-05,-9314879.877300885,13522753.3392511,-21212255.158924703,1.335238225711847e-05,-0.1620678289358322,0.0614862196325549,-0.3111370479819805,0.3561640057720855,4.627276285858885e-09
2026-08-08 03:30:00,G01,G,-10620670.72273135,11518663.031051228,-21770202.700660568,1.3365036389829125e-05,-10620670.392529542,11518662.726240804,-21770202.090958,1.3360755718554064e-05,-0.3302018092110529,0.304810422730779,-0.6097025716284983,0.7574165660070903,4.280671275062731e-09
2026-08-08 03:45:00,G01,G,-12055515.755304284,9551540.28344315,-21964490.92833805,1.3373200351283548e-05,-12055515.287164127,9551539.769211091,-21964489.97523459,1.3369129179989654e-05,-0.4681401564461344,0.5142320563108758,-0.953103464976051,1.1798288133303396,4.071171293894142e-09
2026-08-08 04:00:00,G01,G,-13593965.640149292,7660956.952398857,-21791548.828121684,1.3381574247340054e-05,-13593965.065752791,7660956.407995826,-21791547.72131716,1.3377502641425246e-05,-0.5743964998170579,0.5444030315319764,-1.1068045234333654,1.3606330338617585,4.071605914808953e-09
2026-08-08 04:15:00,G01,G,-15204229.348159565,5881767.755882909,-21253758.01190073,1.3390171042632454e-05,-15204228.701499198,5881767.124680819,-21253756.718762383,1.3385876102860838e-05,-0.6466603666660135,0.6312020899306958,-1.2931383500505895,1.5775907265577669,4.294939771615736e-09
2026-08-08 04:30:00,G01,G,-16849226.006529417,4242955.95244182,-20359451.9405899,1.3398143397207545e-05,-16849225.251153804,4242955.211948301,-20359450.56683555,1.339424956429643e-05,-0.7553756126286217,0.740493519122223,-1.373754354089861,1.73381775091759,3.893832911115078e-09
2026-08-08 04:45:00,G01,G,-18487845.383379128,2766693.401028669,-19122836.13180485,1.3406094719625549e-05,-18487844.56331136,2766692.540018893,-19122834.72342249,1.3402623025732025e-05,-0.8200677655067439,0.8610097759357455,-1.4083823610574662,1.8432009790627688,3.471693893524728e-09
2026-08-08 05:00:00,G01,G,-20076376.754699573,1467648.325816063,-17563824.443571568,1.3414456708560384e-05,-20076375.927431047,1467647.4727071803,-17563823.14696453,1.3410996487167616e-05,-0.8272685273145721,0.8531088826845465,-1.2966070356406854,1.7587944129071544,3.460221392770568e-09
2026-08-08 05:15:00,G01,G,-21570057.85673568,352569.1703571795,-15707790.296261951,1.3422129664947026e-05,-21570056.90193272,352568.3027951233,-15707789.195432575,1.3419369948603208e-05,-0.9548029585808266,0.8675620561596156,-1.1008293773942948,1.6959180195802244,2.759716343819544e-09
2026-08-08 05:30:00,G01,G,-22924690.02957561,-579838.0105190144,-13585229.48411707,1.3430518990083777e-05,-22924689.04275351,-579838.9042600803,-13585228.66100914,1.3427743410038798e-05,-0.9868221001317768,0.8937410658860752,-0.8231079289969808,1.5652787652483395,2.775580044977744e-09
2026-08-08 05:45:00,G01,G,-24098264.07136102,-1338727.7677669225,-11231334.415256651,1.3438671979439231e-05,-24098263.1286273,-1338728.7574187396,-11231333.907947114,1.343611687147439e-05,-0.9427337188577634,0.9896518170471004,-0.5073095390686458,1.457916510670641,2.5551079648421663e-09
2026-08-08 06:00:00,G01,G,-25052534.919340767,-1940631.432230944,-8685479.870438,1.3446630431724089e-05,-25052534.063538525,-1940632.495556756,-8685479.656014035,1.3444490332909982e-05,-0.8558022432077234,1.0633258121437468,-0.2144239653690053,1.3816790145236697,2.1400988141048275e-09
2026-08-08 06:15:00,G01,G,-25754486.07435979,-2408682.793445876,-5990622.958755066,1.3454612341215952e-05,-25754485.23666858,-2408683.844377208,-5990622.984447067,1.3452863794345572e-05,-0.8376912118840527,1.0509313316002435,0.0256920006254785,1.3441887178156844,1.7485468703798676e-09
2026-08-08 06:30:00,G01,G,-26177624.80827481,-2771577.5331088025,-3192622.1786719845,1.3462283131281952e-05,-26177623.996391352,-2771578.6258224742,-3192622.552562639,1.3461237255781164e-05,-0.8118834555978659,1.0927136719658934,0.3738906548390583,1.4117266506483108,1.0458755007876454e-09
2026-08-08 06:45:00,G01,G,-26303054.968879644,-3062302.2433775,-339484.08358047134,1.3471502796662558e-05,-26303054.226182356,-3062303.244726167,-339484.7370372219,1.3469610717216755e-05,-0.7426972904243343,1.00134866720625,0.6534567505347483,1.4075880588221874,1.89207944580096e-09
2026-08-08 07:00:00,G01,G,-26120279.511150584,-3316676.867361588,2519453.657400011,1.3479345429141665e-05,-26120278.859279267,-3316677.727029648,2519452.764724688,1.3477984178652349e-05,-0.6518713174864958,0.8596680597687933,0.8926753227214185,1.4002980466115098,1.361250489315472e-09
2026-08-08 07:15:00,G01,G,-25627695.015360072,-3571767.4794169297,5334387.6209980985,1.348736823251452e-05,-25627694.45464745,-3571768.229086382,5334386.480207025,1.348635764008794e-05,-0.560712617756252,0.7496694523580977,1.1407910730599764,1.4757395433758935,1.0105924265794055e-09
2026-08-08 07:30:00,G01,G,-24832751.91468421,-3864230.647129253,8055947.059404502,1.3495565855997782e-05,-24832751.437971316,-3864231.298501686,8055945.820992169,1.3494731101523532e-05,-0.4767128975054246,0.6513724331599676,1.2384123329774603,1.478244343740043,8.3475447425014e-10
2026-08-08 07:45:00,G01,G,-23751767.066838942,-4228656.569045894,10636107.730502564,1.3503751449192907e-05,-23751766.882936183,-4228657.110491995,10636106.525774077,1.3503104562959124e-05,-0.1839027577692218,0.5414461005546618,1.2047284901824842,1.333549713800855,6.468862337835496e-10
2026-08-08 08:00:00,G01,G,-22409391.19450132,-4695980.552333943,13029099.908773892,1.3512699711393784e-05,-22409391.21276914,-4695980.991239976,13029098.777931796,1.3511478024394716e-05,0.0182678197767132,0.4389060336413085,1.130842096693969,1.2131677819911604,1.2216869990667995e-09
2026-08-08 08:15:00,G01,G,-20837745.15573709,-5292031.208022538,15192289.744043808,1.3520984003031114e-05,-20837745.25709515,-5292031.470575009,15192288.759487811,1.3519851485830307e-05,0.1013580584366138,0.2625524711502531,0.9845559943540264,1.0239910947540465,1.1325172008043584e-09
2026-08-08 08:30:00,G01,G,-19075258.678833976,-6036278.616941298,17087012.7156149,1.3529301498326636e-05,-19075258.936331216,-6036278.75313035,17087012.02727685,1.35282249472659e-05,0.2574972395317605,0.1361890519654807,0.6883380472624978,0.7474366552095782,1.0765510607367383e-09
2026-08-08 08:45:00,G01,G,-17165256.23874305,-6940839.98106766,18679337.93824069,1.3538327542194036e-05,-17165256.661203045,-6940839.928767133,18679337.536364205,1.3536598408701493e-05,0.4224599961781662,-0.0523005272506112,0.4018764845285827,0.585416520384077,1.729133492542832e-09
2026-08-08 09:00:00,G01,G,-15154345.983700214,-8009786.878306018,19940742.51534953,1.3547154010615997e-05,-15154346.545286031,-8009786.731877071,19940742.40740705,1.3544971870137084e-05,0.5615858185560304,-0.146428947235088,0.1079424762462437,0.5903148705307988,2.182140478912644e-09
2026-08-08 09:15:00,G01,G,-13090679.415529594,-9238789.009934314,20848679.35466054,1.3555587451916542e-05,-13090680.027887557,-9238788.672695309,20848679.60981136,1.3553345331572678e-05,0.6123579631312368,-0.3372390049864865,-0.2551508216606071,0.7441870485896644,2.2421203438634517e-09
2026-08-08 09:30:00,G01,G,-11022154.23395715,-10615110.027756844,21387022.977541097,1.3563659502399364e-05,-11022154.917646904,-10615109.539382637,21387023.537286803,1.356171879300827e-05,0.6836897546768547,-0.4883742082987229,-0.5597457076452433,1.0095822429147496,1.940709391092581e-09
2026-08-08 09:45:00,G01,G,-8994636.889915705,-12117960.072021002,21546381.032435488,1.3571790559300956e-05,-8994637.7928744,-12117959.375620725,21546381.872226533,1.357009225444386e-05,0.902958693954781,-0.6964002769406209,-0.8397910431825293,1.416176805671205,1.698304857093773e-09
2026-08-08 10:00:00,G01,G,-7050279.835476755,-13719188.653719569,21324265.006902665,1.3580307996264955e-05,-7050280.937541454,-13719187.923460016,21324266.02169654,1.3578465715879451e-05,1.1020646989286402,-0.7302595502470245,-1.0147938747855134,1.666622998657422,1.842280385502709e-09
2026-08-08 10:15:00,G01,G,-5226003.398396699,-15384290.915399138,20725115.39747478,1.3588833760132994e-05,-5226004.578404184,-15384290.056652296,20725116.586627036,1.3586839177315045e-05,1.1800074846234585,-0.8587468407702811,-1.1891522529992462,1.8825373518508213,1.9945828179489222e-09
2026-08-08 10:30:00,G01,G,-3552206.0390246003,-17073680.677505773,19760183.281818688,1.3597470408630836e-05,-3552207.366246232,-17073679.750337884,19760184.60742265,1.3595212638750637e-05,1.3272216315158472,-0.927167890207634,-1.3256039617766282,2.092458701927844,2.2577698801982194e-09
2026-08-08 10:45:00,G01,G,-2051755.8736221136,-18744178.40670302,18447272.32352629,1.3605594785427e-05,-2051757.2631986616,-18744177.37931671,18447273.519240774,1.3603586100186228e-05,1.389576547844536,-1.027386311479969,-1.1957144914015347,2.101470618467835,2.0086852407726553e-09
2026-08-08 11:00:00,G01,G,-739300.367263131,-20350647.33925205,16810349.546359174,1.361391564037068e-05,-739301.8795002513,-20350646.205959342,16810350.660594568,1.361195956162182e-05,1.5122371202663267,-1.1332927128986283,-1.1142353938986198,2.19379442839044,1.9560787488594484e-09
2026-08-08 11:15:00,G01,G,379078.9091172016,-21847709.40173807,14879039.656297715,1.362270547475312e-05,379077.4070130307,-21847708.22468341,14879040.638941914,1.3620333023057412e-05,1.502104170824394,-1.177054656097815,-0.9826441963521696,2.146477165048393,2.3724516957079407e-09
2026-08-08 11:30:00,G01,G,1305860.2447423069,-23191468.56077437,12688014.920541557,1.363071248701108e-05,1305858.6997254184,-23191467.281568304,12688015.722931938,1.3628706484493004e-05,1.5450168885749844,-1.2792060724864782,-0.802390382403914,2.160387855835731,2.006002518075918e-09
2026-08-08 11:45:00,G01,G,2051728.2577532555,-24341169.87537278,10276300.160863737,1.3638738414105435e-05,2051726.7793539085,-24341168.58061447,10276300.59511413,1.3637079945928595e-05,1.4783993473161945,-1.2947583077750815,-0.4342503940714097,2.0126194648886604,1.6584681768408266e-09
2026-08-08 12:00:00,G01,G,2634896.856846757,-25260729.318818398,7686510.188290521,1.36469164307014e-05,2634895.411081368,-25260728.11432341,7686510.195160559,1.3645453407364189e-05,1.445765389280782,-1.2044949812890702,-0.0068700391853253,1.881779189552052,1.4630233372122075e-09
2026-08-08 12:15:00,G01,G,3080140.3088068054,-25920074.02464523,4964040.274625921,1.3655108850046791e-05,3080138.975596845,-25920072.828959275,4964039.991662013,1.365382686879978e-05,1.333209960461886,-1.1956859560223845,0.2829639071856369,1.813058817819684,1.2819812470143643e-09
2026-08-08 12:30:00,G01,G,3417579.746604821,-26296243.06964652,2156228.407408923,1.3663894788837323e-05,3417578.5938791893,-26296241.92683858,2156227.86598819,1.366220033023537e-05,1.1527256316413852,-1.1428079386447092,0.5414207331405023,1.7111174058920675,1.6944586019531047e-09
2026-08-08 12:45:00,G01,G,3681277.5202446,-26374212.111486625,-688493.2988337944,1.3672714564039443e-05,3681276.386614547,-26374210.998310875,-688494.0562075935,1.3670573791670964e-05,1.1336300529444163,-1.1131757488691632,0.7573737991189168,1.760083070880748,2.1407723684813876e-09
2026-08-08 13:00:00,G01,G,3907698.3550910535,-26147414.156056248,-3521439.758365065,1.368109852070392e-05,3907697.275972669,-26147413.001336437,-3521440.7245579534,1.3678947253106556e-05,1.079118384538671,-1.1547198151143812,0.9661928887889706,1.852404663569361,2.151267597363898e-09
2026-08-08 13:15:00,G01,G,4134101.7146442505,-25617943.955044504,-6294492.468356232,1.3690180976228758e-05,4134100.753985381,-25617942.811180007,-6294493.617755203,1.3687320714542147e-05,0.960658869445265,-1.1438644976689072,1.1493989699769278,1.884783659907741,2.860261686611281e-09
2026-08-08 13:30:00,G01,G,4396926.194063618,-24796445.61117574,-8960884.32337748,1.369814648967537e-05,4396925.416590153,-24796444.54390474,-8960885.493812095,1.369569417597774e-05,0.777473464435004,-1.0672709995508889,1.1704346147648808,1.7644969713271643,2.4523136976319127e-09
2026-08-08 13:45:00,G01,G,4730227.634104415,-23701693.57891444,-11475938.74220043,1.3706877993463688e-05,4730227.030549021,-23701692.600355767,-11475939.910414388,1.3704067637413333e-05,0.6035553933997944,-0.9785586751833631,1.1682139586529388,1.6390790239857775,2.81035605035722e-09
2026-08-08 14:00:00,G01,G,5164227.308093397,-22359888.810518585,-13797756.19578834,1.3715869288192303e-05,5164226.787025984,-22359887.978789665,-13797757.27412232,1.3712441098848924e-05,0.5210674125220642,-0.831728921143578,1.0783339811666572,1.4581112514475127,3.428189343379097e-09
2026-08-08 14:15:00,G01,G,5724020.955406468,-20803701.248791005,-15887840.365961531,1.3723896053667293e-05,5724020.576759263,-20803700.58206405,-15887841.293460725,1.3720814560284516e-05,0.3786472051789871,-0.6667269527806966,0.9274991929190354,1.203392408327206,3.081493382774306e-09
2026-08-08 14:30:00,G01,G,6428493.252844582,-19071096.432155907,-17711660.7677363,1.373232288179305e-05,6428492.986984762,-19071095.83517472,-17711661.540725958,1.3729188021720108e-05,0.2658598197125293,-0.596981191978958,0.772989655719792,1.0122158836750186,3.134860072942393e-09
2026-08-08 14:45:00,G01,G,7289471.815042766,-17203990.372543063,-19239148.817751907,1.3741273913572436e-05,7289471.639722382,-17203989.870470636,-19239149.285388425,1.37375614831557e-05,0.1753203844253924,-0.502072425915786,0.4676365176611116,0.7081651436707691,3.7124304167357372e-09
2026-08-08 15:00:00,G01,G,8311148.775766744,-15246782.146187631,-20445124.624248173,1.3749770246217648e-05,8311148.79178481,-15246781.851474978,-20445124.800415736,1.3745934944591291e-05,-0.0160180660291907,-0.2947126543846541,0.1761675644088193,0.3437253814362558,3.8353016263570145e-09
2026-08-08 15:15:00,G01,G,9489787.851753522,-13244814.892963834,-21309655.04270628,1.3757603443102367e-05,9489788.068788256,-13244814.76584157,-21309654.95285203,1.3754308406026885e-05,-0.2170347355069912,-0.1271222641388145,-0.0898542495910805,0.2670916184120055,3.29503707548645e-09
2026-08-08 15:30:00,G01,G,10813724.64521625,-11242817.255294092,-21818340.43705497,1.3766334585994823e-05,10813725.018291416,-11242817.32273247,-21818340.101093013,1.3762681867462477e-05,-0.3730751655359565,0.0674383783495777,-0.3359619538553443,0.5065604094798591,3.652718532347969e-09
2026-08-08 15:45:00,G01,G,12263660.434958968,-9283379.361793634,-21962529.805798654,1.377474030748699e-05,12263660.9975451,-9283379.538816929,-21962529.197794005,1.3771055328898068e-05,-0.5625861302730288,0.177023295087415,-0.6080046472487132,0.8470596508246745,3.6849785889238276e-09
2026-08-08 16:00:00,G01,G,13813240.15928392,-7405512.944780124,-21739462.48750515,1.3782833343323946e-05,13813240.877567131,-7405513.269774765,-21739461.632482786,1.3779428790333658e-05,-0.7182832127230454,0.3249946404405163,-0.8550223641681508,1.1630200055125854,3.404552990287992e-09
2026-08-08 16:15:00,G01,G,15429895.5154238,-5643345.970044557,-21152334.88816764,1.3790881288651664e-05,15429896.24791015,-5643346.389759626,-21152333.85631539,1.378780225176925e-05,-0.7324863507700584,0.4197150688324292,-1.0318522486382042,1.3331976807995003,3.079036882412445e-09
2026-08-08 16:30:00,G01,G,17075926.52479503,-4024994.99330396,-20210289.48322849,1.3798646789928218e-05,17075927.350566827,-4024995.5568612935,-20210288.339858573,1.3796175713204842e-05,-0.825771797842451,0.5635573337877754,-1.1433699138934317,1.518812263110426,2.4710767233762034e-09
2026-08-08 16:45:00,G01,G,18709788.170912515,-2571656.8781092125,-18928323.21179036,1.3806589560224782e-05,18709788.98706464,-2571657.52129292,-18928322.05259522,1.3804549174640434e-05,-0.816152127098366,0.6431837077987649,-1.159195137738687,1.5567668238698975,2.0403855843482424e-09
2026-08-08 17:00:00,G01,G,20287537.46110434,-1296951.9972323065,-17327112.54676458,1.3814730858456905e-05,20287538.301066063,-1296952.7199952304,-17327111.541638255,1.3812922636076024e-05,-0.8399617207823169,0.7227629239934923,-1.005126324957085,1.4960617854222964,1.80822238088025e-09
2026-08-08 17:15:00,G01,G,21764394.97888311,-206546.6271249659,-15432752.758787746,1.382259965187399e-05,21764395.859846517,-206547.4563026782,-15432751.931142837,1.3821296097511615e-05,-0.8809634044058554,0.8291777123182337,-0.8276449109395421,1.4658200084293354,1.303554362373211e-09
2026-08-08 17:30:00,G01,G,23096365.15897017,701928.5600328572,-13276408.438907407,1.3830467270547625e-05,23096366.109743204,701927.6743678097,-13276407.84120826,1.382966955894721e-05,-0.9507730395946286,0.8856650475901366,-0.5976991465401088,1.43025040434101,7.977116004125211e-10
2026-08-08 17:45:00,G01,G,24241858.446155183,1438656.1636596534,-10893875.727591902,1.3838108725575598e-05,24241859.36672413,1438655.1781477602,-10893875.380466845,1.3838043020382802e-05,-0.9205689441581684,0.9855118931551043,-0.3471250574295428,1.3925432409782132,6.570519279560272e-11
2026-08-08 18:00:00,G01,G,25163254.48507146,2021107.5766161813,-8325056.038468958,1.3846525717852656e-05,25163255.34151008,2021106.566835722,-8325056.00662615,1.3846416481818394e-05,-0.8564386167318958,1.0097804594501072,-0.0318428082580009,1.3244461653667423,1.0923603426138348e-10
2026-08-08 18:15:00,G01,G,25828347.35932696,2473231.6378089683,-5613344.83422126,1.3854882619582288e-05,25828348.09155292,2473230.701953997,-5613345.139783912,1.3854789943253986e-05,-0.7322259544790257,0.9358549716274652,0.3055626528881425,1.2269262044526572,9.267632830235068e-11
2026-08-08 18:30:00,G01,G,26211613.852962136,2824380.883676648,-2804940.246496405,1.3862655051478652e-05,26211614.491376277,2824379.97130902,-2804940.880219362,1.386316340468958e-05,-0.6384141366806487,0.9123676277715818,0.6337229574512564,1.28124630142686,-5.083532109273018e-10
2026-08-08 18:45:00,G01,G,26295252.400154576,3108011.74767064,51920.074118887744,1.3870584692253634e-05,26295252.983269192,3108010.9001808623,51919.08520840474,1.3871536866125173e-05,-0.5831146177410949,0.8474897778606497,0.9889104830034964,1.4269567352922252,-9.521738715368496e-10
2026-08-08 19:00:00,G01,G,26069946.02599599,3360206.9571129354,2907782.5847414024,1.3878483613229844e-05,26069946.556663733,3360206.2079264214,2907781.4466339946,1.3879910327560764e-05,-0.530667745582938,0.7491865139461137,1.138107407978284,1.4622507175501254,-1.4267143309193e-09
2026-08-08 19:15:00,G01,G,25535313.091634966,3618074.909911045,5712849.724820429,1.3886299082940287e-05,25535313.504839458,3618074.345700884,5712848.34285332,1.3888283788996354e-05,-0.4132044928025827,0.5642101605713199,1.381967109640938,1.548839614128423,-1.9847060560671413e-09
2026-08-08 19:30:00,G01,G,24700020.888446737,3918090.14821953,8417880.690093406,1.3894540627618185e-05,24700021.258291066,3918089.615747609,8417879.167479208,1.3896657250431946e-05,-0.3698443292501196,0.5324719207470021,1.5226141980124983,1.6548912865356793,-2.116622813760752e-09
2026-08-08 19:45:00,G01,G,23581551.838043943,4294441.017375945,10975105.967293084,1.3902639162648074e-05,23581552.068471905,4294440.554148715,10975104.502948366,1.3905030711867538e-05,-0.2304279605288796,0.4632272300170804,1.46434471774843,1.553055686065547,-2.3915492194633156e-09
2026-08-08 20:00:00,G01,G,22205623.801929712,4777456.227997343,13339133.314202895,1.3911207996394374e-05,22205623.93756778,4777455.934656796,13339131.8778581,1.391340417330313e-05,-0.135638069350814,0.2933405472279614,1.4363447995141292,1.4722543073791632,-2.1961769087552374e-09
2026-08-08 20:15:00,G01,G,20605285.31839356,5392176.365643319,15467823.318999404,1.3920039015676688e-05,20605285.26249741,5392176.242166605,15467822.011823311,1.392177763473872e-05,0.055896146200352,0.1234767140143245,1.3071760912511023,1.3141842380740747,-1.7386190620338796e-09
2026-08-08 20:30:00,G01,G,18819716.62460752,6157133.628659972,17323114.949964143,1.3928438108241442e-05,18819716.408190813,6157133.668716579,17323113.944749154,1.3930151096174311e-05,0.2164167098749908,-0.0400566065491628,1.0052149895971891,1.0290276475159583,-1.7129879328721814e-09
2026-08-08 20:45:00,G01,G,16892785.436338402,7083395.455601781,18871778.666912187,1.3936998717501432e-05,16892785.04190614,7083395.698836073,18871778.00037456,1.3938524557609903e-05,0.3944322629162701,-0.2432342928472154,0.6665376319616014,0.8117956307267943,-1.5258401084714563e-09
2026-08-08 21:00:00,G01,G,14871414.265417052,8173916.235736676,20086077.138695624,1.3945512383596844e-05,14871413.770811338,8173916.474248216,20086076.91812433,1.3946898019045497e-05,0.4946057153739316,-0.2385115400444119,0.2205712933033898,0.5917552398115675,-1.3856354486527951e-09
2026-08-08 21:15:00,G01,G,12803828.446338307,9423226.522484228,20944317.562762763,1.3953866547163556e-05,12803827.738073852,9423226.852692802,20944317.667482343,1.3955271480481088e-05,0.7082644549737207,-0.3302085733653936,-0.1047195828440663,0.7884430424160426,-1.404933317532088e-09
2026-08-08 21:30:00,G01,G,10737756.637999289,10817478.56540241,21431278.95906405,1.3962464136774729e-05,10737755.79407721,10817479.059608474,21431279.35547944,1.396364494191668e-05,0.8439220785578132,-0.4942060628471546,-0.396415384461001,1.0552673899394356,-1.1808051419507924e-09
2026-08-08 21:45:00,G01,G,8718662.29067799,12334845.174777463,21538505.39215753,1.39711399120807e-05,8718661.294347277,12334845.856907528,21538506.13088557,1.3972018403352272e-05,0.9963307145828536,-0.6821300640962751,-0.7387280431893873,1.4155194943763894,-8.78491271571718e-10
2026-08-08 22:00:00,G01,G,6788078.408173444,13946257.19767885,21264456.93314309,1.3979167393356352e-05,6788077.318372196,13946258.075297784,21264457.92574235,1.3980391864787864e-05,1.0898012485258328,-0.8776189346620195,-0.9925992557618224,1.7155567721018985,-1.224471431512211e-09
2026-08-08 22:15:00,G01,G,4982117.389773723,15616448.102565184,20614514.932189733,1.3987793964771753e-05,4982116.210504184,15616449.045522803,20614516.07913026,1.3988765326223455e-05,1.179269539574533,-0.9429576206937036,-1.1469405246294884,1.896132455402319,-9.713614517054867e-10
2026-08-08 22:30:00,G01,G,3330216.4497949136,17305259.71953191,19600843.8800508,1.3996330013923128e-05,3330215.091629532,17305260.74467828,19600845.16861903,1.3997138787659049e-05,1.3581653815323942,-1.0251463709808546,-1.2885682270124703,2.1344662942277424,-8.087737359218675e-10
2026-08-08 22:45:00,G01,G,1854169.2224512196,18969153.83245292,18242115.333151232,1.4004674139266129e-05,1854167.8540859185,18969155.07023833,18242116.537485857,1.400551224909464e-05,1.3683653007101368,-1.2377854112406823,-1.2043346239981647,2.2033969699145475,-8.381098285114408e-10
2026-08-08 23:00:00,G01,G,567482.1290897984,20562863.828748163,16563101.668486346,1.4013947158729414e-05,567480.7732220311,20562865.140596617,16563102.86422453,1.4013885710530232e-05,1.3558677673173456,-1.3118484554640184,-1.1957381859429868,2.2336323739316817,6.144819918095829e-11
2026-08-08 23:15:00,G01,G,-524924.5796928593,22041114.901470643,14594155.51107441,1.4022301616044935e-05,-524925.9941094555,22041116.28465332,14594156.507450162,1.4022259171965826e-05,1.4144165961302209,-1.3831826788470103,-0.9963757508568312,2.215069585219956,4.244407911124984e-11
2026-08-08 23:30:00,G01,G,-1426662.929592344,23360343.191116124,12370586.38387899,1.403042311807836e-05,-1426664.27834946,23360344.604100768,12370587.134911235,1.4030632633401416e-05,1.3487571161389118,-1.41298464484282,-0.7510322455882709,2.0927782488382056,-2.0951532305669838e-10
2026-08-08 23:45:00,G01,G,-2149478.5277908863,24480341.157923263,9931955.722715382,1.4039492830782112e-05,-2149479.745721843,24480342.63776153,9931956.207415216,1.403900609483701e-05,1.2179309565539636,-1.4798382633912488,-0.4846998347312892,1.9769195811964173,4.86735945104318e-10
2026-08-08 00:00:00,G02,G,-18448762.830823287,-9729646.335061865,-16614482.328312185,4.678819537673315e-05,-18448763.65343641,-9729647.403935753,-16614481.280088514,4.678721876013438e-05,0.822613128422587,1.0688738857551117,-1.0482236693427311,1.7082027407988685,9.766165987672391e-10
2026-08-08 00:15:00,G02,G,-16533961.048932292,-10157941.069953632,-18334676.057364736,4.6796031416003775e-05,-16533961.74711839,-10157942.193623977,-18334675.03631685,4.679505495543746e-05,0.6981860969073144,1.123670341098313,-1.0210478886622405,1.671118682894871,9.764605663146552e-10
2026-08-08 00:30:00,G02,G,-14474823.76762869,-10718723.19088184,-19744173.224719487,4.680420978599768e-05,-14474824.334502015,-10718724.470188312,-19744172.350407645,4.680289115074054e-05,0.5668733253249097,1.2793064731494497,-0.8743118437686617,1.6499671570553036,1.3186352571424662e-09
2026-08-08 00:45:00,G02,G,-12316281.539449152,-11421491.33119115,-20820176.31567148,4.681224924067393e-05,-12316281.945701825,-11421492.661685709,-20820175.625220127,4.681072734604362e-05,0.4062526692839954,1.3304945569476831,-0.6904513515832168,1.5530550750925975,1.521894630312392e-09
2026-08-08 01:00:00,G02,G,-10104946.990961416,-12267946.371098217,-21545546.13214291,4.682040259371676e-05,-10104947.228287928,-12267947.758930605,-21545545.695417024,4.6818563541346696e-05,0.237326512447118,1.3878323871161216,-0.4367258851043797,1.4741547093025713,1.8390523700607434e-09
2026-08-08 01:15:00,G02,G,-7887509.162635845,-13251854.697168091,-21909002.59935008,4.682821950452664e-05,-7887509.276857522,-13251856.037413262,-21909002.41929886,4.6826399736649775e-05,0.1142216774596594,1.3402451705420362,-0.1800512183158894,1.3571006410653508,1.8197678768600382e-09
2026-08-08 01:30:00,G02,G,-5709148.520044863,-14359212.600691104,-21905236.259312507,4.683563651296922e-05,-5709148.489703983,-14359213.90546147,-21905236.4403766,4.683423593195285e-05,-0.030340879726308,1.3047703653441336,0.1810640910927483,1.317623041824206,1.4005810163665454e-09
2026-08-08 01:45:00,G02,G,-3612026.846863368,-15568703.504331617,-21534935.32474848,4.684326907514105e-05,-3612026.693137295,-15568704.783866238,-21534935.83021308,4.684207212725593e-05,-0.153726073140417,1.2795346204696876,0.5054646019395808,1.3843175265659318,1.196947885123125e-09
2026-08-08 02:00:00,G02,G,-1633903.571487152,-16852427.51234877,-20804730.836742587,4.685105477699043e-05,-1633903.288105256,-16852428.68108781,-20804731.577551022,4.684990832255901e-05,-0.2833818960510668,1.1687390388229124,0.7408084329545567,1.4124635833234034,1.146454431419228e-09
2026-08-08 02:15:00,G02,G,193076.68247692476,-18176875.773822017,-19727064.83007249,4.685929795934458e-05,193077.0387633089,-18176876.857925974,-19727065.774077427,4.685774451786209e-05,-0.3562863841611784,1.08410395718248,0.9440049325606968,1.4810019210710987,1.5534414824922395e-09
2026-08-08 02:30:00,G02,G,1843385.2791627608,-19504115.670401804,-18319984.76657845,4.686700957449466e-05,1843385.7028619384,-19504116.74907763,-18319985.96987397,4.686558071316517e-05,-0.4236991778703287,1.078675825872049,1.203295517041707,1.670623426144087,1.4288613294886116e-09
2026-08-08 02:45:00,G02,G,3298867.749364507,-20793145.236110304,-16606867.2837918,4.687479102534909e-05,3298868.378225386,-20793146.16162125,-16606868.654306583,4.687341690846825e-05,-0.628860879108855,0.9255109517775234,1.3705147825223054,1.76927875029512,1.3741168808416492e-09
2026-08-08 03:00:00,G02,G,4549234.566482019,-22001369.912325945,-14616072.806931378,4.688203190254849e-05,4549235.255415631,-22001370.72412828,-14616074.290761506,4.688125310377133e-05,-0.6889336116025095,0.8118023350801366,1.4838301285911215,1.82630895605097,7.787987771614301e-10
2026-08-08 03:15:00,G02,G,5592266.22608781,-23086154.011628084,-12380534.52937068,4.689003450956844e-05,5592266.940957554,-23086154.64533952,-12380535.923332935,4.6889089299074406e-05,-0.7148697443675535,0.6337114357849415,1.3939622569757046,1.6898993192286762,9.452104940322447e-10
2026-08-08 03:30:00,G02,G,6433727.42496545,-24006391.68051226,-9937281.895452175,4.689772778803781e-05,6433728.204364212,-24006392.113301,-9937283.194711572,4.6896925494377485e-05,-0.7793987623291818,0.432788737696559,1.2992593945387472,1.5757041272061303,8.022936603253498e-10
2026-08-08 03:45:00,G02,G,7086989.973400487,-24724044.877206977,-7326902.650189085,4.6905131284078016e-05,7086990.815174811,-24724045.212350607,-7326903.759959462,4.690476168968056e-05,-0.8417743237953863,0.3351436285600731,1.1097703769173313,1.4326533263315406,3.6959439745134064e-10
2026-08-08 04:00:00,G02,G,7572375.178150627,-25205593.965127926,-4592943.759347991,4.6912694976655e-05,7572376.01054702,-25205594.17558262,-4592944.614216867,4.691259788498364e-05,-0.832396392868509,0.2104546955389356,0.8548688755826159,1.2116004820792938,9.709167135639785e-11
2026-08-08 04:15:00,G02,G,7916235.650760334,-25423347.15211932,-1781256.2983970628,4.692053192987165e-05,7916236.541760402,-25423347.26391369,-1781256.8026427545,4.692043408028672e-05,-0.8910000677018166,0.111794379222779,0.5042456915871629,1.0298751484304614,9.784958492778728e-11
2026-08-08 04:30:00,G02,G,8149806.765750949,-25356560.74746354,1060711.8350229838,4.692776975772865e-05,8149807.55444479,-25356560.70996959,1060711.6611234946,4.69282702755898e-05,-0.7886938406158073,-0.0374939487382438,0.173899489272057,0.808507762972243,-5.005178611494099e-10
2026-08-08 04:45:00,G02,G,8307863.679767837,-24992324.411867693,3884667.966552837,4.693517332289606e-05,8307864.48401322,-24992324.10071576,3884668.123921456,4.693610647089288e-05,-0.8042453830240486,-0.3111519354186526,-0.1573686196888839,0.876579172404328,-9.33147996822025e-10
2026-08-08 05:00:00,G02,G,8427233.59747168,-24326173.81246023,6642263.852998886,4.694284155579535e-05,8427234.350599606,-24326173.35733063,6642264.332473799,4.694394266619596e-05,-0.7531279246378721,-0.4551295960103586,-0.4794749124941376,1.0021181625662523,-1.1011104006135127e-09
2026-08-08 05:15:00,G02,G,8545213.38395209,-23362402.67954554,9285910.757080138,4.695039112653188e-05,8545213.920058034,-23362402.08060245,9285911.494858934,4.695177886149904e-05,-0.5361059429218272,-0.5989430936583178,-0.7377787957504646,1.091082014761541,-1.3877349671652892e-09
2026-08-08 05:30:00,G02,G,8697953.21210202,-22114053.090889227,11769607.59389792,4.695849431297516e-05,8697953.733225333,-22114052.332762025,11769608.506817684,4.695961505680212e-05,-0.5211233128975559,-0.7581272028225166,-0.9129197659283824,1.296051257446074,-1.120743826953465e-09
2026-08-08 05:45:00,G02,G,8918870.197819965,-20602578.5147153,14049767.422035472,4.696615191577504e-05,8918870.572018052,-20602577.664365605,14049768.455539236,4.69674512521052e-05,-0.37419808606627,-0.8503496956161709,-1.0335037625673211,1.389693793499483,-1.299336330154107e-09
2026-08-08 06:00:00,G02,G,9237151.913723486,-18857184.987707306,16086025.71006027,4.69739725937099e-05,9237152.147302816,-18857183.97902104,16086026.78214502,4.697528744740827e-05,-0.2335793307993118,-1.0086862640023289,-1.0720847509165532,1.4904271186849218,-1.314853698375209e-09
2026-08-08 06:15:00,G02,G,9676416.250069384,-16913868.274132714,17842012.08355388,4.698106142407728e-05,9676416.36207157,-16913867.147679213,17842013.2037201,4.698312364271135e-05,-0.1120021857453916,-1.1264534990788069,-1.1201662208679537,1.592549634257038,-2.062218634081461e-09
2026-08-08 06:30:00,G02,G,10253583.258916216,-14814180.72877238,19286067.83238349,4.698873670566776e-05,10253583.247978084,-14814179.524750512,19286068.79936769,4.699095983801443e-05,0.0109381320627332,-1.2040218676598198,-0.9669841993400587,1.544294901341514,-2.223132346676419e-09
2026-08-08 06:45:00,G02,G,10978010.65855577,-12603771.218720673,20391888.90193845,4.6995802932983136e-05,10978010.57096801,-12603770.000214444,20391889.655818906,4.699879603331751e-05,0.0875877610391638,-1.2185062294964133,-0.7538804569177615,1.435536412121947,-2.9931003343718703e-09
2026-08-08 07:00:00,G02,G,11850934.570529187,-10330754.505782736,21139078.624356143,4.700334166013734e-05,11850934.304295767,-10330753.242563477,21139079.212119285,4.700663222862059e-05,0.2662334175521532,-1.2632192597584166,-0.5877631412329734,1.41847405370636,-3.2905684832489607e-09
2026-08-08 07:15:00,G02,G,12865243.512808751,-8043973.873954595,21513592.65311375,4.70107075086367e-05,12865243.008147769,-8043972.673167856,21513592.961744983,4.701446842392367e-05,0.5046609843145148,-1.2007867390838065,-0.3086312366414466,1.3385905804538012,-3.760915286966388e-09
2026-08-08 07:30:00,G02,G,14005601.684667015,-5791228.943848896,21508061.552032158,4.701867289534517e-05,14005601.141440762,-5791227.871394589,21508061.44008559,4.702230461922674e-05,0.5432262528929366,-1.0724543075179542,0.1119465626365574,1.2073876910222563,-3.631723881569198e-09
2026-08-08 07:45:00,G02,G,15248921.802457422,-3617541.122216221,21121980.84135768,4.702694206494241e-05,15248921.11966336,-3617540.081037872,21121980.37602617,4.703014081452982e-05,0.6827940610168134,-1.0411783498549865,0.4653315082896213,1.329207846265466,-3.1987495874053114e-09
2026-08-08 08:00:00,G02,G,16565169.0571244,-1563529.9987577423,20361761.11739906,4.703495465453794e-05,16565168.291053228,-1563528.9845856735,20361760.407300845,4.70379770098329e-05,0.7660711721917091,-1.0141720687305424,0.7100982139886003,1.455901610468979,-3.022355294957725e-09
2026-08-08 08:15:00,G02,G,17918468.64349968,336029.2226773824,19240633.69245371,4.704276952854587e-05,17918467.762497067,336030.1530227158,19240632.704186857,4.7045813205135976e-05,0.881002613343427,-0.9303453334283291,0.98826685350748,1.61814072870421,-3.0436765901081037e-09
2026-08-08 08:30:00,G02,G,19268468.96465773,2053406.475065646,17778412.25339576,4.70506941594624e-05,19268468.002996147,2053407.364504829,17778411.04235003,4.7053649400439054e-05,0.96166158995664,-0.8894391830460597,1.2110457280707452,1.783963797114161,-2.955240976654164e-09
2026-08-08 08:45:00,G02,G,20571905.171429764,3568824.974894698,16001116.477221714,4.705900133667722e-05,20571904.170762666,3568825.85869008,16001115.12433,4.706148559574213e-05,1.00066709839788,-0.8837953815158741,1.3528917137111902,1.9007222067501663,-2.484259064912107e-09
2026-08-08 09:00:00,G02,G,21784295.872979943,4871038.274614445,13940465.54184476,4.706695269826846e-05,21784294.826118127,4871039.000727368,13940464.076058485,4.706932179104521e-05,1.046861819468719,-0.7261129223174085,1.465786274122723,1.9420836867715712,-2.369092776749274e-09
2026-08-08 09:15:00,G02,G,22861700.74098795,5957552.810843599,11633254.343337318,4.707481743604903e-05,22861699.625887,5957553.476490367,11633252.851627002,4.707715798634829e-05,1.1151009487646637,-0.6656467680241172,1.491710317152478,1.9778107634493127,-2.340550299263029e-09
2026-08-08 09:30:00,G02,G,23762464.225931317,6834491.229851049,9120628.946641484,4.7082880633278506e-05,23762463.071931597,6834491.742666775,9120627.594513468,4.708499418165137e-05,1.1539997182176882,-0.5128157255276724,1.352128016718784,1.850120399214832,-2.113548372861362e-09
2026-08-08 09:45:00,G02,G,24448871.753371906,7516102.657450005,6447279.764760788,4.70904076819135e-05,24448870.51701691,7516103.0558900945,6447278.681428371,4.709283037695445e-05,1.236354995331914,-0.398440089285345,1.083332416669518,1.6914305496351036,-2.422695040944022e-09
2026-08-08 10:00:00,G02,G,24888648.49279825,8023947.5997688575,3660572.94465218,4.709897519218977e-05,24888647.30398757,8023947.874634607,3660572.105255073,4.710066657225753e-05,1.188810683705469,-0.2748657492022369,0.8393971066075742,1.4810163822044438,-1.6913800677568284e-09
2026-08-08 10:15:00,G02,G,25056240.99133068,8385794.299745556,809641.5672290522,4.710647755598429e-05,25056239.80746669,8385794.433112796,809640.9667760525,4.7108502767560606e-05,1.1838639885811726,-0.1333672406137976,0.6004529997178967,1.3341156506084777,-2.025211576315562e-09
2026-08-08 10:30:00,G02,G,24933828.93596683,8634278.15442986,-2055540.6124516453,4.711426312398164e-05,24933827.75579942,8634278.107678814,-2055540.8833718807,4.7116338962863685e-05,1.1801674088120866,0.0467510462522206,0.2709202359630658,1.2117667050229577,-2.0758388820476907e-09
2026-08-08 10:45:00,G02,G,24512031.07096304,8805383.335810168,-4885081.658213044,4.712200440314647e-05,24512029.886761025,8805383.3004787,-4885081.558977702,4.712417515816677e-05,1.184202013824815,0.0353314671640753,-0.0992353420124542,1.1888777797667187,-2.170755020294512e-09
2026-08-08 11:00:00,G02,G,23790280.11096143,8936813.767325306,-7630070.4241559,4.713029002544111e-05,23790278.993106715,8936813.604926068,-7630070.016225779,4.713201135346984e-05,1.1178547148838698,0.1623992371756339,-0.4079301205824376,1.2009911153300543,-1.7213280287389716e-09
2026-08-08 11:15:00,G02,G,22776857.896556072,9066319.188378183,-10243433.527569875,4.713822131852462e-05,22776856.96579798,9066318.84478426,-10243432.85047145,4.713984754877292e-05,0.9307580936629224,0.3435939226107354,-0.6770984257802186,1.2011784591675458,-1.6262302483041461e-09
2026-08-08 11:30:00,G02,G,21488595.612190872,9230047.769845556,-12680734.054889372,4.714635802853008e-05,21488594.78479465,9230047.24077986,-12680733.222194225,4.7147683744076e-05,0.8273962232868065,0.5290656938906279,-0.8326951496739347,1.2875854267005895,-1.3257155459185983e-09
2026-08-08 11:45:00,G02,G,19950256.57421468,9460988.293726834,-14900899.835474009,4.715444733824915e-05,19950255.850220174,9460987.680882713,-14900898.923387429,4.715551993937908e-05,0.7239945052069312,0.6128441198305186,-0.9120865798398194,1.3159209276793844,-1.0726011299290532e-09
2026-08-08 12:00:00,G02,G,18193633.49925209,9787562.014549138,-16866870.51050038,4.716239568455042e-05,18193633.012027428,9787561.22389714,-16866869.568628453,4.716335613468216e-05,0.4872246621128091,0.7906520001479999,-0.9418719247675986,1.3227400271309533,-9.604501317357081e-10
2026-08-08 12:15:00,G02,G,16256400.06443455,10232413.952526351,-18546156.66095553,4.7170654779098696e-05,16256399.70554672,10232413.027315332,-18546155.86697304,4.717119232998524e-05,0.3588878313400581,0.925211017133048,-0.7939824841088742,1.2709146654201602,-5.375508865440138e-10
2026-08-08 12:30:00,G02,G,14180763.644228544,10811447.357039198,-19911307.4456064,4.717833387357149e-05,14180763.44931526,10811446.395859692,-19911306.740773365,4.717902852528832e-05,0.1949132822557709,0.9611795062449616,-0.7048330296577998,1.207744522041652,-6.946517168229603e-10
2026-08-08 12:45:00,G02,G,12011975.566121709,11533131.185609031,-20940283.035337813,4.718631470943818e-05,12011975.480195696,11533130.147391282,-20940282.56752943,4.71868647205914e-05,0.0859260101215045,1.0382177519315026,-0.4678083861795367,1.1419825155496062,-5.500111532126775e-10
2026-08-08 13:00:00,G02,G,9796753.383354248,12398100.59127547,-21616735.09788532,4.719408556043829e-05,9796753.498943036,12398099.511683987,-21616734.924591936,4.7194700915894473e-05,-0.1155887879498222,1.0795914832708842,-0.1732933822324488,1.0995040404547398,-6.153554561870133e-10
2026-08-08 13:15:00,G02,G,7581675.244892073,13399060.835114842,-21930194.70225323,4.720238175815474e-05,7581675.502344018,13399059.77931747,-21930194.845340356,4.720253711119755e-05,-0.257451945263701,1.05579737274094,0.1430871234221192,1.096112914482788,-1.5535304281248208e-10
2026-08-08 13:30:00,G02,G,5411601.305156894,14520992.212457811,-21876172.20105833,4.720969164035954e-05,5411601.694982912,14520991.28537332,-21876172.72151562,4.721037330650063e-05,-0.3898260187804552,0.927084493100633,0.5204572900237711,1.1323982395803895,-6.816661410909842e-10
2026-08-08 13:45:00,G02,G,3328178.2798529896,15741645.18657891,-21456172.778215986,4.721830631536814e-05,3328178.762568366,15741644.337248309,-21456173.622824278,4.721820950180371e-05,-0.4827153759760852,0.849330604682371,0.8446082925800045,1.2914099961471437,9.681356442769839e-11
2026-08-08 14:00:00,G02,G,1368475.9637100687,17032304.38676172,-20677630.838960946,4.722601167428811e-05,1368476.6234863484,17032303.57961312,-20677632.00275216,4.722604569710679e-05,-0.6597762796285394,0.8071486017695992,1.1637912116040618,1.5624351470400126,-3.402281868371866e-11
2026-08-08 14:15:00,G02,G,-436198.3556581685,18358793.859750997,-19553768.22662018,4.723380729743683e-05,-436197.5828453805,18358793.15674961,-19553769.6022723,4.723388189240987e-05,-0.7728127879588983,0.7030013875888157,1.3756521193551017,1.7273880020628798,-7.459497303654969e-11
2026-08-08 14:30:00,G02,G,-2061270.6582899897,19682687.589454647,-18103378.38611544,4.724153440320229e-05,-2061269.834767092,19682686.949645445,-18103379.959198784,4.724171808771295e-05,-0.8235228976863496,0.6398092006814573,1.573083347203809,1.8873624436075616,-1.8368451065602039e-10
2026-08-08 14:45:00,G02,G,-3489623.4597016536,20962682.65410734,-16350540.760185586,4.724915856080366e-05,-3489622.560253465,20962682.164390795,-16350542.404563524,4.7249554283016025e-05,-0.899448188017147,0.4897165466011304,1.6443779380540573,1.9372165965893384,-3.9572221236675277e-10
2026-08-08 15:00:00,G02,G,-4712048.298864146,22156090.04746528,-14324266.21862254,4.7257293403820206e-05,-4712047.368565456,22156089.65165168,-14324267.908728192,4.7257390478319104e-05,-0.9302986897661608,0.395813599447996,1.690105650658645,1.9694113760402867,-9.707449890103983e-11
2026-08-08 15:15:00,G02,G,-5727412.805318053,23220390.80729353,-12058077.163115934,4.72653067330129e-05,-5727411.862426993,23220390.57741385,-12058078.754906068,4.726522667362218e-05,-0.942891059521532,0.2298796869617013,1.5917901332853566,1.8643186554416764,8.005939072011677e-11
2026-08-08 15:30:00,G02,G,-6542534.909203152,24114806.56215682,-9589522.5296292,4.727328592191576e-05,-6542533.932306935,24114806.50215668,-9589523.878338676,4.727306286892526e-05,-0.9768962173392228,0.0600001398753046,1.3487094777659516,1.666416362033344,2.23052990496752e-10
2026-08-08 15:45:00,G02,G,-7171766.953649633,24801828.60921514,-6959630.768572696,4.7281060638843485e-05,-7171766.013268826,24801828.651590917,-6959631.904772107,4.728089906422834e-05,-0.9403808073625296,-0.0423757716492716,1.1361994106353623,1.475486655177477,1.6157461514665568e-10
2026-08-08 16:00:00,G02,G,-7636302.032413466,25248652.051874608,-4212303.6648563,4.728900701342161e-05,-7636301.108145619,25248652.29992088,-4212304.511331519,4.728873525953142e-05,-0.9242678469624552,-0.2480462703617386,0.8464752193955306,1.277622128103491,2.7175389018972517e-10
2026-08-08 16:15:00,G02,G,-7963222.60390722,25428463.429158457,-1393653.1175442855,4.729667806446953e-05,-7963221.789290733,25428463.87731713,-1393653.7402667874,4.729657145483449e-05,-0.8146164877369968,-0.4481586790807609,0.6227225019156899,1.1190306242996702,1.0660963504066134e-10
2026-08-08 16:30:00,G02,G,-8184323.386518124,25321531.17137977,1448712.0617696082,4.730357417638404e-05,-8184322.664928361,25321531.79549572,1448711.6931359991,4.730440765013757e-05,-0.7215897627305987,-0.6241159520232855,0.3686336089430617,1.0227918873797934,-8.334737535325092e-10
2026-08-08 16:45:00,G02,G,-8334746.28433321,24916056.40096269,4266444.336756079,4.731072767222833e-05,-8334745.647422854,24916057.168416884,4266444.296028875,4.731224384544065e-05,-0.6369103569571691,-0.767454186487942,0.0407272038311395,0.998148003198464,-1.5161732123249667e-09
2026-08-08 17:00:00,G02,G,-8451476.008094005,24208746.746174984,7011250.908200754,4.731860574264874e-05,-8451475.437437953,24208747.639716294,7011251.072358725,4.732008004074373e-05,-0.5706560525458624,-0.8935413106974572,-0.1641579709308441,1.072852386701119,-1.474298094988766e-09
2026-08-08 17:15:00,G02,G,-8571750.074755918,23205085.31105606,9635710.742883218,4.732637962386795e-05,-8571749.537541898,23205086.37752549,9635711.189015288,4.732791623604681e-05,-0.5372140207945948,-1.0664694266768362,-0.4461320685946245,1.2747508638174103,-1.536612178856416e-09
2026-08-08 17:30:00,G02,G,-8731442.893498175,21919277.612590868,12094104.343630886,4.733429719120128e-05,-8731442.403666902,21919278.812235396,12094104.887396242,4.7335752431349886e-05,-0.4898312731633711,-1.1996445252956978,-0.5437653560241671,1.405262404553996,-1.455240148602993e-09
2026-08-08 17:45:00,G02,G,-8963486.94330682,20373870.26190574,14343237.907528374,4.73428957560898e-05,-8963486.613477657,20373871.59807169,14343238.495290035,4.734358862665296e-05,-0.3298291641767293,-1.3361659547722664,-0.587761662106684,1.4965261466731592,-6.928705631679527e-10
2026-08-08 18:00:00,G02,G,-9296394.958477609,18599049.716012742,16343248.039793842,4.735045840563498e-05,-9296394.805259164,18599051.169000283,16343248.715535708,4.735142482195604e-05,-0.1532184449946102,-1.4529875383260502,-0.6757418660916195,1.60974400076731,-9.664163210630828e-10
2026-08-08 18:15:00,G02,G,-9752944.355473695,16631641.040075509,18058367.536896028,4.735796269957777e-05,-9752944.335785791,16631642.6064474,18058368.16004508,4.735926101725912e-05,-0.0196879045795854,-1.5663718925224317,-0.6231490526066293,1.685889456944191,-1.298317681351373e-09
2026-08-08 18:30:00,G02,G,-10349081.88391574,14513841.096527094,19457632.99830521,4.736610512160357e-05,-10349081.96362358,14513842.716020709,19457633.49000593,4.73670972125622e-05,0.0797078389833503,-1.619493613730731,-0.4917007203688375,1.694367877092,-9.920909586298915e-10
2026-08-08 18:45:00,G02,G,-11093098.084632624,12291731.923261238,20515517.367833525,4.7373432695833145e-05,-11093098.385248171,12291733.53675714,20515517.61408305,4.737493340786528e-05,0.300615549735976,-1.6134959029065836,-0.246249529465822,1.6596317568067722,-1.500712032132506e-09
2026-08-08 19:00:00,G02,G,-11985111.766805865,10013631.646072546,21212468.250685506,4.738127454823282e-05,-11985112.311474793,10013633.277560776,21212468.246018823,4.738276960316836e-05,0.5446689278800243,-1.6314882300685332,0.0046666809167544,1.7200115882635527,-1.4950549355352854e-09
2026-08-08 19:15:00,G02,G,-13016890.608957551,7728348.469719924,21535337.016596258,4.738897836964615e-05,-13016891.328789445,7728350.22566732,21535336.746900927,4.739060579847144e-05,0.7198318908445624,-1.7559473964945005,0.2696953308197495,1.916831964935541,-1.627428825284414e-09
2026-08-08 19:30:00,G02,G,-14172021.73638898,5483409.210239141,21477684.032305725,4.7396475921267786e-05,-14172022.573254265,5483410.924074537,21477683.54511461,4.739844199377452e-05,0.8368652823824476,-1.7138353955279393,0.4871911160210395,1.968484302033239,-1.9660725067310544e-09
2026-08-08 19:45:00,G02,G,-15426430.020589074,3323334.744035111,21039950.204286564,4.740377713725462e-05,-15426430.927885665,3323336.429572867,21039949.46310413,4.74062781890776e-05,0.90729658998352,-1.6855377562457652,0.7411824361226638,2.0526996939500086,-2.50105182297377e-09
2026-08-08 20:00:00,G02,G,-16749225.771384211,1288037.7929406555,20229486.873264223,4.741179683754619e-05,-16749226.81748591,1288039.4784381231,20229485.86825089,4.7414114384380674e-05,1.04610169891584,-1.6854974676032524,1.0050133278065378,2.223799061705072,-2.3175468344816053e-09
2026-08-08 20:15:00,G02,G,-18103849.441171862,-588590.7386833923,19060441.79719972,4.741909783796541e-05,-18103850.552610487,-588589.1537291761,19060440.555068348,4.742195057968375e-05,1.1114386215953524,-1.5849542161236043,1.2421313709440387,2.3000578295914837,-2.8527417183439158e-09
2026-08-08 20:30:00,G02,G,-19449465.159250177,-2279846.189524046,17553501.861846134,4.74264656004264e-05,-19449466.39974848,-2279844.748093603,17553500.482066657,4.742978677498683e-05,1.2404983034533257,-1.4414304428259823,1.3797794756718216,2.3495423307234318,-3.3211745604340863e-09
2026-08-08 20:45:00,G02,G,-20742546.53958085,-3767075.133763344,15735498.18539076,4.743501466454135e-05,-20742547.90078759,-3767073.8053949103,15735496.738747662,4.743762297028991e-05,1.361206736955991,-1.3283684331604029,1.446643097951353,2.389607232957267,-2.608305748561509e-09
2026-08-08 21:00:00,G02,G,-21938585.70993991,-5040205.449438267,13638882.630409684,4.7442873210396905e-05,-21938587.088990748,-5040204.3089217525,13638881.212214837,4.744545916559299e-05,1.3790508382045257,-1.1405165152557046,1.4181948494756411,2.2833825275242114,-2.5859551960868357e-09
2026-08-08 21:15:00,G02,G,-22993853.25058113,-6097921.344182028,11301089.5656493,4.745076943653999e-05,-22993854.646282125,-6097920.289875889,11301088.172126716,4.745329536089607e-05,1.395700992086909,-1.0543061392638051,1.393522582654622,2.236391710539578,-2.5259243560758757e-09
2026-08-08 21:30:00,G02,G,-23867134.59045806,-6947476.857834797,8763798.392644148,4.745791031596752e-05,-23867136.015370347,-6947475.99095016,8763797.228550272,4.746113155619915e-05,1.4249122852786882,-0.8668846373219694,1.1640938755406345,2.033956377662557,-3.221240231634332e-09
2026-08-08 21:45:00,G02,G,-24521368.729105134,-7604161.683791064,6072117.680414169,4.746684785938324e-05,-24521370.100329213,-7604161.072148045,6072116.698732883,4.746896775150223e-05,1.371224078888607,-0.6116430177913723,0.981681286403028,1.7938954272227658,-2.119892118990616e-09
2026-08-08 22:00:00,G02,G,-24925120.813580565,-8090444.085279775,3273708.899272859,4.747446804990886e-05,-24925122.319888312,-8090443.646229993,3273708.240578568,4.74768039468053e-05,1.5063077479646956,-0.4390497823558705,0.6586942911020679,1.7016479988809867,-2.3358968964425903e-09
2026-08-08 22:15:00,G02,G,-25053830.4982936,-8434831.986820787,417875.0090374282,4.748184061112076e-05,-25053832.07034279,-8434831.678797489,417874.6092947695,4.748464014210838e-05,1.5720491885459236,-0.3080232983261597,0.3997426587571974,1.651063656177404,-2.799530987623798e-09
2026-08-08 22:30:00,G02,G,-24890784.06457048,-8670504.860060787,-2445367.349889394,4.748980274330279e-05,-24890785.582616106,-8670504.769604124,-2445367.448914632,4.749247633741146e-05,1.518045623157937,-0.0904566628542671,0.0990252379949766,1.523958962572044,-2.6735941086726923e-09
2026-08-08 22:45:00,G02,G,-24427776.69268736,-8833776.979425618,-5266207.962268791,4.749847236901585e-05,-24427778.05699525,-8833777.038020149,-5266207.807904957,4.750031253271454e-05,1.3643078953215728,0.058594530930361,-0.1543638345941058,1.3742625461396831,-1.8401636986915807e-09
2026-08-08 23:00:00,G02,G,-23665441.800896607,-8962457.180942345,-7995937.569225704,4.7506664414777735e-05,-23665443.080620904,-8962457.445889452,-7995937.115627247,4.750814872801762e-05,1.2797242974671734,0.264947106571486,-0.4535984575580991,1.3833447898147226,-1.484313239881531e-09
2026-08-08 23:15:00,G02,G,-22613240.71457596,-9094175.85004663,-10587797.142637933,4.751471975704317e-05,-22613241.89874261,-9094176.284079444,-10587796.555240229,4.75159849233207e-05,1.18416664817846,0.4340328137467143,-0.5873977032217295,1.3912840097612211,-1.265166277529305e-09
2026-08-08 23:30:00,G02,G,-21289118.23850922,-9264745.24997618,-12997768.58091743,4.752301947080032e-05,-21289119.368804675,-9264745.797741964,-12997767.789781222,4.752382111862378e-05,1.1302954570051709,0.5477657838295331,-0.7911362064732832,1.484423009540693,-8.016478234589484e-10
2026-08-08 23:45:00,G02,G,-19718845.68454281,-9506618.621731356,-15185291.442907428,4.753167324229906e-05,-19718846.700008027,-9506619.276718223,-15185290.501659954,4.7531657313926856e-05,1.0154652170364011,0.6549868686966307,-0.941247474123468,1.5317063075928137,1.5928372206396537e-11
2026-08-08 00:00:00,G03,G,11925781.834711194,-20611926.728269536,11813061.81800683,-3.008213093451308e-05,11925781.404012363,-20611927.78740856,11813063.118897878,-3.008702462294865e-05,0.4306988287248587,1.0591390233835525,-1.3008910469388324,1.7319337365859129,4.893688435572334e-09
2026-08-08 00:15:00,G03,G,11940404.241099276,-19146253.316347625,14117517.532623287,-3.0071283601704184e-05,11940403.75083846,-19146254.414672635,14117518.847975263,-3.0076780399767183e-05,0.4902608162317543,1.0983250103571671,-1.315351978566575,1.7823648122164275,5.496798062997881e-09
2026-08-08 00:30:00,G03,G,12010374.171613855,-17440709.47944977,16180588.40849353,-3.00603093556242e-05,12010373.656124609,-17440710.626460508,16180589.5960281,-3.006653617658571e-05,0.5154892488792283,1.1470107350711884,-1.187534569472387,1.7296245678674278,6.226820961513559e-09
2026-08-08 00:45:00,G03,G,12164972.581398131,-15527511.318306703,17968028.633781824,-3.004978870735838e-05,12164972.081347438,-15527512.49351251,17968029.598968107,-3.0056291953404244e-05,0.5000506942222156,1.175205807042653,-0.9651862811868436,1.6008572525650693,6.503246045866475e-09
2026-08-08 01:00:00,G03,G,12427760.857485814,-13444712.648264227,19450486.73077416,-3.003897379578609e-05,12427760.487169316,-13444713.752240688,19450487.411579438,-3.004604773022277e-05,0.3703164976464184,1.1039764607371,-0.6808052727292413,1.3488491960433011,7.073934436681342e-09
2026-08-08 01:15:00,G03,G,12815605.355622532,-11234870.827418463,20603914.15743418,-3.00277468495e-05,12815605.045623314,-11234871.88624319,20603914.5327106,-3.0035803507041304e-05,0.3099992182534369,1.0588247254765986,-0.375276421537571,1.1653504653795703,8.056657541307592e-09
2026-08-08 01:30:00,G03,G,13337973.13472264,-8943568.891519543,21409878.853198346,-3.001731863241104e-05,13337972.887252567,-8943569.947052697,21409879.03858271,-3.002555928385984e-05,0.2474700727866066,1.0555331540040167,-0.1853843666701147,1.099890467061314,8.240651448797534e-09
2026-08-08 01:45:00,G03,G,13996521.14253859,-6617849.225972404,21855785.81808563,-3.000658190830349e-05,13996520.9235068,-6617850.186043996,21855785.69974804,-3.001531506067837e-05,0.219031790557629,0.960071592129508,0.1183375957020009,0.9918246689034808,8.733152374878561e-09
2026-08-08 02:00:00,G03,G,14784987.115376435,-4304615.833843258,21935005.932801034,-2.999659377266558e-05,14784986.923460258,-4304616.652181586,21935005.44528617,-3.0005070837496898e-05,0.1919161796197867,0.8183383276203765,0.4875148680460203,0.971689345942569,8.477064831318187e-09
2026-08-08 02:15:00,G03,G,15689382.05387414,-2049062.3403335707,21646918.738341063,-2.9986332315067375e-05,15689381.998775428,-2049063.0722687785,21646917.92095568,-2.999482661431543e-05,0.055098712777677,0.7319352076970782,0.8173853875693251,1.0985826724594638,8.494299248052086e-09
2026-08-08 02:30:00,G03,G,16688473.667531244,106820.91449627494,20996872.28892359,-2.9976478745185374e-05,16688473.739144849,106820.18202764912,20996871.299061567,-2.998458239113396e-05,-0.0716136025612558,0.7324686258036728,0.9898620263363358,1.233477047634531,8.103645948585951e-09
2026-08-08 02:45:00,G03,G,17754539.837029237,2125610.76274731,19996064.67541186,-2.996648663857427e-05,17754540.13421263,2125610.1657812893,19996063.505150057,-2.997433816795249e-05,-0.2971833949357702,0.5969660209627282,1.170261802451077,1.346922078921296,7.851529378221058e-09
2026-08-08 03:00:00,G03,G,18854365.911528423,3975642.173030588,18661349.95217444,-2.9956391302233335e-05,18854366.236845765,3975641.701836257,18661348.727598306,-2.9964093944771023e-05,-0.3253173435882764,0.4711943308455036,1.2245761340622945,1.3518291976337946,7.70264253768426e-09
2026-08-08 03:15:00,G03,G,19950447.850364417,5631985.623575437,17014973.836978648,-2.9946161024564533e-05,19950448.33419505,5631985.296048353,17014972.588506225,-2.995384972158955e-05,-0.4838306331003389,0.3275270831642989,1.2484724237820366,1.378422817816283,7.688697025018368e-09
2026-08-08 03:30:00,G03,G,21002363.56387235,7077181.062608658,15084239.99004615,-2.9936074370097435e-05,21002364.23632339,7077180.809662173,15084238.806680378,-2.9943605498408084e-05,-0.6724510417392553,0.2529464855508581,1.1833657724317868,1.38438682435648,7.531128310649445e-09
2026-08-08 03:45:00,G03,G,21968262.44634064,8301702.687855797,12901110.653402314,-2.9926000405900127e-05,21968263.201575823,8301702.631254276,12901109.705347115,-2.993336127522661e-05,-0.7552351844388001,0.0566015201756548,0.9480551977655576,1.2134218449948864,7.360869326485708e-09
2026-08-08 04:00:00,G03,G,22806424.12236256,9304140.218495367,10501743.508185688,-2.9915711667785254e-05,22806425.04284996,9304140.239886424,10501742.628688823,-2.9923117052045145e-05,-0.9204873960119732,-0.0213910555538914,0.8794968653978057,1.2732907600855268,7.405384259892021e-09
2026-08-08 04:15:00,G03,G,23476834.07575476,10091086.528702987,7925964.915665919,-2.9905892020285507e-05,23476835.177867647,10091086.711829403,7925964.333996152,-2.991287282886368e-05,-1.1021128858039826,-0.1831264164018698,0.5816697661284392,1.259574457611493,6.980808578168581e-09
2026-08-08 04:30:00,G03,G,23942719.622478228,10676736.407105342,5216686.122968774,-2.9895536486373068e-05,23942720.911732983,10676736.809084862,5216685.795094466,-2.990262860568221e-05,-1.2892547540292858,-0.4019795203892264,0.3278743084885859,1.3897002978219208,7.0921193091365415e-09
2026-08-08 04:45:00,G03,G,24171992.943678144,11082205.17775474,2419260.673591868,-2.9884944464001013e-05,24171994.21299734,11082205.681432037,2419260.629775677,-2.9892384382500738e-05,-1.269319196112737,-0.503677294993686,0.0438161910145972,1.3663022717200866,7.4399184997237e-09
2026-08-08 05:00:00,G03,G,24138546.533646643,11334588.079142652,-419208.779258667,-2.98752143788904e-05,24138547.82186547,11334588.746191712,-419208.4458601559,-2.9882140159319263e-05,-1.2882188278441713,-0.6670490605664984,-0.3333985111127792,1.488494798387645,6.9257804288710524e-09
2026-08-08 05:15:00,G03,G,23823353.57083154,11465791.914565405,-3250609.8210825534,-2.9865137708597488e-05,23823354.86072137,11465792.747288588,-3250609.16390167,-2.98718959361378e-05,-1.2898898269017152,-0.8327231823031523,-0.6571808835690373,1.670068973910421,6.758227540311034e-09
2026-08-08 05:30:00,G03,G,23215325.9178135,11511176.03281899,-6026598.234031676,-2.9855782655254707e-05,23215327.31750276,11511177.032535069,-6026597.402726897,-2.986165171295633e-05,-1.3996892592621792,-0.9997160792375788,-0.8313047790791436,1.9104004546952689,5.869057701623646e-09
2026-08-08 05:45:00,G03,G,22311894.490840327,11508051.275993228,-8699404.066559287,-2.9846167610673945e-05,22311895.89103357,11508052.354605716,-8699403.108393785,-2.9851407489774863e-05,-1.4001932494865277,-1.0786124879093095,-0.9581655029389582,2.0104793373730105,5.239879100917885e-09
2026-08-08 06:00:00,G03,G,21119281.195965163,11494090.489880368,-11222653.403744549,-2.9836459557799123e-05,21119282.67963192,11494091.576565292,-11222652.362609802,-2.984116326659339e-05,-1.4836667545621771,-1.0866849233458211,-1.04113474435862,2.11331794037974,4.703708794267274e-09
2026-08-08 06:15:00,G03,G,19652447.44182488,11505710.909461694,-13552192.554788036,-2.9826353449913487e-05,19652448.898321245,11505712.10385682,-13552191.45429169,-2.9830919043411924e-05,-1.4564963680403649,-1.1943951258070111,-1.1004963452805452,2.181525519594524,4.565593498435162e-09
2026-08-08 06:30:00,G03,G,17934710.495256566,11576491.961433664,-15646897.976000767,-2.9816473164106417e-05,17934711.93272454,11576493.240443202,-15646896.986941542,-2.9820674820230453e-05,-1.4374679749939074,-1.2790095376817436,-0.9890592272097788,2.1634273113610165,4.201656124036788e-09
2026-08-08 06:45:00,G03,G,15997037.821562558,11735691.355046555,-17469455.458381996,-2.980665400358064e-05,15997039.15298928,11735692.599085266,-17469454.626590364,-2.9810430597048985e-05,-1.3314267214699544,-1.244038708398099,-0.8317916334646861,2.0030493613835114,3.7765934683467774e-09
2026-08-08 07:00:00,G03,G,13877038.184490344,12006922.625579525,-18987088.818480294,-2.9796645732790864e-05,13877039.471209936,12006923.9003206,-18987088.205513347,-2.980018637386752e-05,-1.2867195913911469,-1.2747410745959693,-0.6129669524694812,1.9121560080055209,3.540641076652648e-09
2026-08-08 07:15:00,G03,G,11617685.733162267,12407052.611208808,-20172220.95962764,-2.9786668343736632e-05,11617686.98730929,12407053.819269983,-20172220.65979659,-2.978994215068605e-05,-1.2541470211389123,-1.2080611773760093,-0.2998310439917424,1.7669734615595942,3.273806949412531e-09
2026-08-08 07:30:00,G03,G,9265822.431594033,12945366.88396578,-21003048.686098646,-2.977690637014911e-05,9265823.529781273,12945367.993461756,-21003048.77347728,-2.9779697927504574e-05,-1.098187239407414,-1.1094959742869208,0.0873786308344912,1.5635317569153084,2.791557355467884e-09
2026-08-08 07:45:00,G03,G,6870496.789091025,13623044.958585195,-21464014.559994232,-2.9766905592002563e-05,6870497.747109748,13623046.077766951,-21464014.96586523,-2.9769453704323107e-05,-0.9580187242691,-1.1191817548709593,0.4058709976457541,1.528103053859979,2.548112320542405e-09
2026-08-08 08:00:00,G03,G,4481206.136759315,14432972.168645555,-21546160.66479513,-2.975606904603505e-05,4481206.973172288,14432973.197020594,-21546161.38371893,-2.975920948114164e-05,-0.8364129740334586,-1.028375038468634,0.7189237952577634,1.507976560250419,3.140435106587817e-09
2026-08-08 08:15:00,G03,G,2146113.167077719,15359899.967360256,-21247353.20633292,-2.97461591235786e-05,2146113.800549073,15359900.84683747,-21247354.292215228,-2.974896525796017e-05,-0.6334713544627237,-0.87947721332871,1.0858823056007982,1.5342446047831408,2.8061343815719556e-09
2026-08-08 08:30:00,G03,G,-89688.67609019902,16380954.168977046,-20572368.795153312,-2.97363192211854e-05,-89688.28199602012,16380954.915705256,-20572370.100834887,-2.97387210347787e-05,-0.3940941789095502,-0.746728210533874,1.3056815750825863,1.5549011601280829,2.401813593295756e-09
2026-08-08 08:45:00,G03,G,-2185787.2331128274,17466472.244648144,-19532836.646380264,-2.9725527289532896e-05,-2185786.946714227,17466472.8360454,-19532838.177538984,-2.9728476811597232e-05,-0.2863986005061558,-0.5913972543152956,1.531158718826982,1.666199835861065,2.949522064334534e-09
2026-08-08 09:00:00,G03,G,-4107872.319808518,18581136.26269932,-18147038.19152205,-2.9714785867524803e-05,-4107872.231071706,18581136.758559342,-18147039.73238713,-2.971823258841576e-05,-0.0887368122573094,-0.4958600290372371,1.5408650789190077,1.6211158446201426,3.4467208909563803e-09
2026-08-08 09:15:00,G03,G,-5828906.302881788,19685355.586571146,-16439564.883922998,-2.970399159868902e-05,-5828906.435741552,19685355.916050617,-16439566.305616817,-2.9707988365234293e-05,0.1328597641193256,-0.3294794698157283,1.4216938166919215,1.4654083889387075,3.996766545273073e-09
2026-08-08 09:30:00,G03,G,-7329993.078794372,20736839.4941612,-14440844.234746013,-2.969291512436379e-05,-7329993.370030041,20736839.76804661,-14440845.58154983,-2.9697744142052825e-05,0.2912356681776973,-0.2738854111033786,1.3468038182324074,1.4048885926078152,4.829017689034569e-09
2026-08-08 09:45:00,G03,G,-8600910.705551099,21692294.647258397,-12186545.024616765,-2.9683248552242675e-05,-8600911.140664104,21692294.74404689,-12186546.177028872,-2.968749991887136e-05,0.435113005900277,-0.096788495643401,1.152412108077194,1.2356152344623343,4.2513666286830375e-09
2026-08-08 10:00:00,G03,G,-9640287.280703573,22509171.92413306,-9716875.597966198,-2.9672171303544483e-05,-9640287.93076593,22509171.913380224,-9716876.5428846,-2.967725569568989e-05,0.6500623578503255,0.0107528332899701,0.9449184025495908,1.1469819004651107,5.084392145403543e-09
2026-08-08 10:15:00,G03,G,-10455415.532883314,23147391.14952094,-7075795.324079891,-2.9661300504811823e-05,-10455416.347639024,23147390.98611044,-7075796.013936135,-2.9667011472508415e-05,0.8147557091725937,0.1634105050193527,0.6898562444365821,1.0800145817386733,5.7109676965943885e-09
2026-08-08 10:30:00,G03,G,-11061717.12913004,23570968.096518166,-4310157.856426224,-2.965081988369968e-05,-11061718.059348848,23570967.75686493,-4310158.224043919,-2.9656767249326947e-05,0.9302188062713842,0.3396532302312328,0.3676176949316309,1.056321027895552,5.9473656272638285e-09
2026-08-08 10:45:00,G03,G,-11481884.74257447,23749477.71461126,-1468808.456622667,-2.964012831508922e-05,-11481885.73566571,23749477.286783457,-1468808.483654966,-2.964652302614548e-05,0.9930912400987116,0.4278277997218891,0.0270322990250425,1.081664265179473,6.394711056257674e-09
2026-08-08 11:00:00,G03,G,-11744741.916913442,23659293.99972872,1398342.4566017156,-2.9629259407784357e-05,-11744742.976748075,23659293.41828178,1398342.7419422197,-2.963627880296401e-05,1.0598346327497878,0.5814469428920485,-0.2853405041129903,1.2420745547115286,7.0193951796571986e-09
2026-08-08 11:15:00,G03,G,-11883873.155088391,23284556.78241576,4241247.911686208,-2.961887195467832e-05,-11883874.295219198,23284556.09912321,4241248.408759395,-2.962603457978254e-05,1.1401308071805238,0.6832925546585671,-0.4970731867246156,1.4191084263348266,7.162625104217526e-09
2026-08-08 11:30:00,G03,G,-11936084.6234857,22617831.55933298,7010634.004537011,-2.960851902168024e-05,-11936085.81976078,22617830.79147071,7010634.755579369,-2.9615790356601072e-05,1.1962750795306465,0.7678622705379816,-0.7510423582224105,1.6077161304988137,7.271334920832397e-09
2026-08-08 11:45:00,G03,G,-11939761.731699193,21660439.042781983,9658872.564760732,-2.959809196195177e-05,-11939762.90565732,21660438.21396567,9658873.446431024,-2.96055461334196e-05,1.173958128631415,0.8288163138936785,-0.8816702917242765,1.685958680770454,7.454171467830901e-09
2026-08-08 12:00:00,G03,G,-11933192.058058176,20422447.89613481,12140798.313214686,-2.9587500965005285e-05,-11933193.162864149,20422447.042554304,12140799.314482316,-2.9595301910238133e-05,1.1048059727756654,0.8535805038814579,-1.0012676281854134,1.718060760665743,7.8009452328488e-09
2026-08-08 12:15:00,G03,G,-11952921.541077243,18922337.074079376,14414458.765447645,-2.957687299394983e-05,-11952922.629340395,18922336.241731904,14414459.756849231,-2.9585057687056665e-05,1.0882631495321489,0.8323474721871904,-0.9914015888045896,1.691152301648288,8.184693106834783e-09
2026-08-08 12:30:00,G03,G,-12032208.063572912,17186347.663797945,16441783.923688974,-2.956692165725988e-05,-12032209.180475902,17186346.75415,16441784.792018132,-2.9574813463875197e-05,1.1169029907691603,0.9096479441378909,-0.8683291573858003,1.6819414967916453,7.891806615313841e-09
2026-08-08 12:45:00,G03,G,-12199630.09656748,15247554.714549692,18189169.16761316,-2.9556076185056737e-05,-12199631.164012644,15247553.80247349,18189169.81166962,-2.956456924069373e-05,1.067445162022634,0.9120762023145088,-0.6440564658578785,1.5447106214328057,8.493055636989856e-09
2026-08-08 13:00:00,G03,G,-12477900.193626853,13144701.593826704,19627965.536075834,-2.9545429166164167e-05,-12477901.167215286,13144700.654535234,19627965.969636828,-2.955432501751225e-05,0.973588433499602,0.939291470619776,-0.4335609929087289,1.4206048145755643,8.89585134808822e-09
2026-08-08 13:15:00,G03,G,-12882924.340926014,10920843.093030272,20734875.64948783,-2.953504550203182e-05,-12882925.290851347,10920842.1251429,20734875.804866757,-2.9544080794330787e-05,0.9499253357769452,0.9678873722161248,-0.1553789242783378,1.3650299333554086,9.035292298964972e-09
2026-08-08 13:30:00,G03,G,-13423137.067472452,8621852.219529284,21492254.095544837,-2.952522893101516e-05,-13423137.858429162,8621851.237742411,21492253.973671906,-2.953383657114932e-05,0.790956709125314,0.9817868738145192,0.1218729331453056,1.266637672398178,8.607640134158443e-09
2026-08-08 13:45:00,G03,G,-14099130.051816871,6294846.311786673,21888315.176200263,-2.951455250304195e-05,-14099130.630282491,6294845.380217152,21888314.786424868,-2.952359234796785e-05,0.5784656184848702,0.9315695215479176,0.3897753955326762,1.16377364818454,9.039844925902056e-09
2026-08-08 14:00:00,G03,G,-14903584.29343704,3986589.946763479,21917250.25047912,-2.950418079702119e-05,-14903584.75743068,3986589.1000630152,21917249.56239968,-2.951334812478638e-05,0.4639936402956117,0.8467004640427179,0.688079443226932,1.1855990444650384,9.167327765188232e-09
2026-08-08 14:15:00,G03,G,-15821502.956211062,1741930.4535118532,21579258.575808723,-2.949329407039556e-05,-15821503.254043369,1741929.6061492683,21579257.63230049,-2.9503103901604912e-05,0.2978323058394458,0.8473625849623955,0.9435082316171152,1.3026646598127432,9.809831209353646e-09
2026-08-08 14:30:00,G03,G,-16830731.722522017,-397680.93372138654,20880496.350721262,-2.9483779767160755e-05,-16830731.955192506,-397681.6732786428,20880495.169147693,-2.949285967842344e-05,0.2326704889437208,0.7395572562834032,1.1815735693600882,1.4132220602428638,9.07991126268684e-09
2026-08-08 14:45:00,G03,G,-17902747.810926422,-2395531.565281792,19832947.26975939,-2.947299758945488e-05,-17902747.939561594,-2395532.2273086617,19832945.987385247,-2.9482615455241973e-05,0.1286351710324471,0.662026870228486,1.2823741448318884,1.4488995932998217,9.61786578709193e-09
2026-08-08 15:00:00,G03,G,-19003686.372979254,-4220811.876152675,18454219.476874888,-2.9462862684832445e-05,-19003686.346290387,-4220812.290884838,18454218.11796332,-2.9472371232060505e-05,-0.0266888658072396,0.414732163317715,1.3589115659340876,1.4210403607490192,9.508547228062068e-09
2026-08-08 15:15:00,G03,G,-20095569.75104575,-5849561.266819016,16767270.91552233,-2.9452432892365223e-05,-20095569.4634411,-5849561.552208746,16767269.46358423,-2.9462127008879037e-05,-0.2876046503414486,0.2853897300153141,1.4519381008889367,1.5074110194997292,9.694116513806898e-09
2026-08-08 15:30:00,G03,G,-21137696.367580585,-7265367.817207592,14800066.683486804,-2.944225673885932e-05,-21137695.949840933,-7265367.901522819,14800065.292650914,-2.945188278569757e-05,-0.4177396535815126,0.0843152273756789,1.3908358878987457,1.4546614529879132,9.62604683824256e-09
2026-08-08 15:45:00,G03,G,-22088143.7306851,-8459795.065674786,12585171.062398244,-2.9432363289834835e-05,-22088143.107630137,-8459795.026965816,12585169.871436415,-2.944163856251609e-05,-0.6230549642120442,-0.0387089695816875,1.1909618279602414,1.3446508648767337,9.275272681260871e-09
2026-08-08 16:00:00,G03,G,-22905332.10427668,-9432524.03347958,10159275.223086623,-2.942255837523429e-05,-22905331.302576102,-9432523.885428311,10159274.279781513,-2.9431394339334627e-05,-0.8017005678616953,-0.148051268271449,0.9433051148722168,1.2467828673392312,8.835964100333925e-09
2026-08-08 16:15:00,G03,G,-23549597.93383876,-10191202.060923984,7562663.086975604,-2.941186324767612e-05,-23549597.016083173,-10191201.799759468,7562662.504605939,-2.942115011615316e-05,-0.9177555850091456,-0.2611645152893874,0.5823696659277436,1.117871479936138,9.286868477038929e-09
2026-08-08 16:30:00,G03,G,-23984720.779449496,-10751002.45483076,4838618.622003073,-2.9401813495852477e-05,-23984719.723600887,-10751002.068991384,4838618.328476372,-2.9410905892971688e-05,-1.0558486111932175,-0.3858393738245019,0.2935267010633101,1.1618288326552408,9.092397119213916e-09
2026-08-08 16:45:00,G03,G,-24179349.180948567,-11133906.955620332,2032776.3873842023,-2.9391337453497207e-05,-24179347.97350081,-11133906.402075876,2032776.364587123,-2.940066166979022e-05,-1.2074477538955664,-0.5535444554364408,0.0227970793884701,1.328480805040298,9.324216293014085e-09
2026-08-08 17:00:00,G03,G,-24108273.07892769,-11367732.790483886,-807578.4262531791,-2.938112474085508e-05,-24108271.84573817,-11367732.021173969,-807578.1656853216,-2.939041744660875e-05,-1.2331895240479018,-0.7693099193480193,-0.2605678575023588,1.476648151250702,9.292705753670141e-09
2026-08-08 17:15:00,G03,G,-23753493.901965,-11484935.629514394,-3634255.311462205,-2.937098260982965e-05,-23753492.547437195,-11484934.684104148,-3634254.700030513,-2.938017322342728e-05,-1.3545277994233471,-0.9454102451273224,-0.6114316911649212,1.7613616334992526,9.190613597630424e-09
2026-08-08 17:30:00,G03,G,-23105046.731356543,-11521228.728538444,-6398940.318727166,-2.9360758427165804e-05,-23105045.36061259,-11521227.832798416,-6398939.52316121,-2.9369929000245813e-05,-1.3707439571928244,-0.895740028783069,-0.795565956533459,1.8204983896010276,9.170573080007966e-09
2026-08-08 17:45:00,G03,G,-22161540.892440524,-11514067.25561014,-9054005.56079228,-2.935077808718525e-05,-22161539.533889454,-11514066.206722066,-9054004.654468028,-2.9359684777064345e-05,-1.3585510698681476,-1.048888074401506,-0.9063242519571,1.940940713094345,8.906689879095724e-09
2026-08-08 18:00:00,G03,G,-20930389.20594315,-11501050.25304692,-11553332.060654182,-2.9341296655080867e-05,-20930387.946049456,-11501049.141944643,-11553331.067954373,-2.9349440553882877e-05,-1.2598936914755543,-1.1111022777573638,-0.99269980941104,1.9512389133733,8.143898802008346e-09
2026-08-08 18:15:00,G03,G,-19427711.53715416,-11518305.046171095,-13853132.773617856,-2.93317966586362e-05,-19427710.285488315,-11518303.96407796,-13853131.83432689,-2.9339196330701403e-05,-1.2516658404208585,-1.0820931386110193,-0.9392909668878991,1.902593087652403,7.399672065202089e-09
2026-08-08 18:30:00,G03,G,-17677907.05124978,-11598914.102850763,-15912759.851794653,-2.932185442346607e-05,-17677905.774960246,-11598912.950342992,-15912758.995624278,-2.932895210751993e-05,-1.2762895348641692,-1.1525077703017554,-0.8561703757046983,1.920993714108416,7.097684053863328e-09
2026-08-08 18:45:00,G03,G,-15712905.933350522,-11771449.121714346,-17695477.39760573,-2.931171368814001e-05,-15712904.681587534,-11771447.914641147,-17695476.62099481,-2.9318707884338467e-05,-1.2517629883550905,-1.2070731992771415,-0.7766109174684369,1.9044843933621476,6.994196198456546e-09
2026-08-08 19:00:00,G03,G,-13571122.678248482,-12058675.495310314,-19169182.22374653,-2.930229234825104e-05,-13571121.425584668,-12058674.29117069,-19169181.685771987,-2.9308463661157e-05,-1.2526638130569585,-1.204139623462763,-0.5379745479120668,1.8189380076123087,6.1713129059585384e-09
2026-08-08 19:15:00,G03,G,-11296146.572097495,-12476482.68306841,-20307054.62723745,-2.929215454504323e-05,-11296145.383665577,-12476481.524891382,-20307054.275046226,-2.9298219437975528e-05,-1.1884319181285483,-1.1581770272710794,-0.3521912266048934,1.696402991810211,6.064892932298155e-09
2026-08-08 19:30:00,G03,G,-8935218.762502305,-13033089.72266411,-21088119.247741893,-2.9282067107154488e-05,-8935217.768773235,-13033088.654064111,-21088119.211484395,-2.928797521479406e-05,-0.9937290689708232,-1.068599996349895,-0.0362574980753957,1.4596979211067276,5.908107639573282e-09
2026-08-08 19:45:00,G03,G,-6537554.497707288,-13728564.306036444,-21497702.288421232,-2.9271968111192044e-05,-6537553.547229273,-13728563.405436857,-21497702.576526117,-2.927773099161259e-05,-0.9504780145463356,-0.900599586776057,0.2881048798278602,1.3407059683680738,5.762880420545413e-09
2026-08-08 20:00:00,G03,G,-4152576.341480721,-14554681.10241634,-21527768.224793583,-2.926189377113297e-05,-4152575.567366697,-14554680.313414425,-21527768.719995804,-2.926748676843112e-05,-0.7741140244881138,-0.7890019174027623,0.4952022215507758,1.2111984927348791,5.592997298148199e-09
2026-08-08 20:15:00,G03,G,-1828133.8743695808,-15495129.56827858,-21177125.41747376,-2.92516796194946e-05,-1828133.3620994475,-15495128.885896107,-21177126.175404124,-2.9257242545249653e-05,-0.5122701333691423,-0.6823824724780658,0.757930363277332,1.1412821578667676,5.5629257550566504e-09
2026-08-08 20:30:00,G03,G,391218.5783217284,-16526067.956132824,-20451493.318096213,-2.9241661591273515e-05,391218.9572370807,-16526067.375157552,-20451494.314025626,-2.9246998322068185e-05,-0.3789153522710491,-0.5809752710549907,0.995929414297858,1.213665731586662,5.3367307946716634e-09
2026-08-08 20:45:00,G03,G,2465812.647127019,-17617002.623773698,-19363425.30858197,-2.923113647328021e-05,2465812.899187715,-17617002.07158587,-19363426.44077339,-2.9236754098886718e-05,-0.2520606959704596,-0.5521878246910995,1.1321914155937547,1.2846413467323832,5.617625606501434e-09
2026-08-08 21:00:00,G03,G,4362256.180689595,-18731957.522773348,-17932087.921411928,-2.922107957677649e-05,4362256.23403492,-18731957.06379137,-17932089.191099785,-2.9226509875705243e-05,-0.0533453258580897,-0.4589819746457529,1.2696878586192686,1.351154112292822,5.430298928747697e-09
2026-08-08 21:15:00,G03,G,6054565.074184083,-19830886.19093129,-16182901.162432875,-2.921020978579965e-05,6054564.959236112,-19830885.928430043,-16182902.344278213,-2.9216265652523772e-05,0.1149479721346021,-0.262501245429396,1.1818453369302977,1.216091419496795,6.055866724128129e-09
2026-08-08 21:30:00,G03,G,7524989.300437323,-20871265.650274724,-14147046.24574776,-2.920035092649588e-05,7524988.941765965,-20871265.58180627,-14147047.330501232,-2.9206021429342307e-05,0.3586713581761014,-0.0684684552022919,1.084753472023395,1.1445624349944774,5.670502846425732e-09
2026-08-08 21:45:00,G03,G,8764497.857101174,-21809804.06428577,-11860855.718966208,-2.919004533787246e-05,8764497.409089204,-21809804.171167318,-11860856.586888172,-2.919577720616084e-05,0.4480119706403491,0.1068815425415913,0.8679219628025168,0.9825614095251718,5.731868288377949e-09
2026-08-08 22:00:00,G03,G,9772906.477722788,-22604189.57786997,-9365098.749253243,-2.9179773177885048e-05,9772905.880306326,-22604189.863469284,-9365099.334826756,-2.9185532982979368e-05,0.5974164620217648,0.2855993148530047,0.5855735107196539,0.8839512057775866,5.7598050943187555e-09
2026-08-08 22:15:00,G03,G,10558643.019648643,-23214805.519452844,-6704181.770666462,-2.916912739591563e-05,10558642.313255817,-23214805.95720632,-6704182.156704231,-2.9175288759797897e-05,0.706392829194708,0.437753475878931,0.3860377687054754,0.916320955587556,6.161363882268241e-09
2026-08-08 22:30:00,G03,G,11138167.197733205,-23606339.29258284,-3925284.669232467,-2.9158627089483728e-05,11138166.319359234,-23606339.933321416,-3925284.8257852034,-2.916504453661643e-05,0.8783739715203774,0.6407385798062574,0.1565527361446357,1.0984514193586317,6.41744713270089e-09
2026-08-08 22:45:00,G03,G,11535071.418680536,-23749218.885657303,-1077453.2210338137,-2.9147676573106304e-05,11535070.417044774,-23749219.69027663,-1077453.110475442,-2.915480031343496e-05,1.0016357616314726,0.8046193269768145,-0.1105583717618488,1.289538527493581,7.123740328659038e-09
2026-08-08 23:00:00,G03,G,11778906.685731975,-23620817.93469377,1789328.815967549,-2.9137866851120035e-05,11778905.688797813,-23620818.890704505,1789329.3003829615,-2.9144556090253493e-05,0.9969341648614796,0.9560107321368504,-0.4844154122380003,1.4637255687602797,6.689239133457196e-09
2026-08-08 23:15:00,G03,G,11903786.326848542,-23206383.43603824,4625067.298769215,-2.9127676819956743e-05,11903785.238564832,-23206384.52835854,4625068.008814981,-2.9134311867072026e-05,1.0882837095799964,1.0923203017600742,-0.7100457658029378,1.6975541416134856,6.635047115280931e-09
2026-08-08 23:30:00,G03,G,11946828.116549814,-22499651.605411217,7380662.844222413,-2.911692445396004e-05,11946827.045511764,-22499652.82557584,7380663.689577329,-2.9124067643890554e-05,1.0710380497010383,1.220164617957203,-0.8453549154936593,1.8304505270482845,7.143189930516517e-09
2026-08-08 23:45:00,G03,G,11946503.932124346,-21503132.30908336,10008776.759596244,-2.910604279102396e-05,11946502.898353023,-21503133.64249924,10008777.726127416,-2.9113823420709083e-05,1.0337713207142352,1.3334158792868422,-0.966531170754664,1.9444442791465992,7.780629685125502e-09
2026-08-08 00:00:00,G04,G,-22643462.929569863,-12896732.338752296,4338510.045338968,1.1457553416209022e-05,-22643463.83031709,-12896731.233469224,4338508.967520217,1.14590050523633e-05,0.9007472325918892,-1.1052830718513005,1.0778187502831909,1.7873694370233069,-1.451636154279465e-09
2026-08-08 00:15:00,G04,G,-21901536.91727489,-12895639.371860975,7100342.702690647,1.1471778958621765e-05,-21901537.93058777,-12895638.319620412,7100341.719484674,1.1472664868620704e-05,1.0133128761474648,-1.0522405651011493,0.9832059730956606,1.76088249958412,-8.859099989406977e-10
2026-08-08 00:30:00,G04,G,-20865492.22223305,-12840293.406413523,9737504.137394812,1.1486057425879088e-05,-20865493.372870263,-12840292.450701917,9737503.330877004,1.1486324684878108e-05,1.1506372199910715,-0.955711609994648,0.8065178081214565,1.6993591934386276,-2.672589990192786e-10
2026-08-08 00:45:00,G04,G,-19543429.32893292,-12768926.017948307,12203263.636102526,1.1500309370314772e-05,-19543430.571004488,-12768925.09997774,12203263.090778384,1.1499984501135511e-05,1.2420715708278531,-0.91797056722069,0.5453241420150864,1.6379225162402329,3.2486917926175656e-10
2026-08-08 01:00:00,G04,G,-17952430.92396743,-12718419.23191144,14453741.298228243,1.151429982095628e-05,-17952432.2039119,-12718418.338634318,14453741.064222565,1.1513644317392916e-05,1.2799444721283693,-0.8932771216592836,0.2340056816584158,1.57827770904245,6.555035633643065e-10
2026-08-08 01:15:00,G04,G,-16118071.349413402,-12722673.100715062,16448762.42108544,1.1528255610828062e-05,-16118072.61615913,-12722672.267318968,16448762.496764956,1.1527304133650317e-05,1.266745727612461,-0.8333960939505853,-0.0756795151813432,1.51819668582651,9.51477177745195e-10
2026-08-08 01:30:00,G04,G,-14073585.409026893,-12811093.588576764,18152648.07750339,1.1542120980699407e-05,-14073586.601939904,-12811092.826352408,18152648.39425429,1.154096394990772e-05,1.1929130124366394,-0.7622243555878374,-0.3167508945195582,1.4506407386637437,1.1570307916890036e-09
2026-08-08 01:45:00,G04,G,-11858727.5824664,-13007266.887028197,19534921.25374634,1.1555936125511344e-05,-11858728.767163971,-13007266.176725077,19534921.878472,1.1554623766165123e-05,1.1846975745115902,-0.7103031208054065,-0.6247256628902615,1.516021444555855,1.312359346221078e-09
2026-08-08 02:00:00,G04,G,-9518367.741915775,-13327878.94184643,20570910.933429196,1.1569689253873312e-05,-9518368.906215869,-13327878.293469593,20570911.843366344,1.1568283582422529e-05,1.1643000920010926,-0.6483768365728892,-0.909937150288327,1.6136830060184877,1.405671450786879e-09
2026-08-08 02:15:00,G04,G,-7100879.898347129,-13781928.365488712,21242237.008345213,1.1583199472648964e-05,-7100881.0978519935,-13781927.8614845,21242238.10851175,1.1581943398679929e-05,1.199504864201983,-0.5040042114654872,-1.1001665379015693,1.7038775118938243,1.2560739690355054e-09
2026-08-08 02:30:00,G04,G,-4656392.75191123,-14370267.877749652,21537164.326253533,1.1596755380201996e-05,-4656393.82223485,-14370267.5294684,21537165.57784958,1.1595603214937332e-05,1.070323619705957,-0.348281250414016,-1.251596046869324,1.6832662132976268,1.1521652646639127e-09
2026-08-08 02:45:00,G04,G,-2234973.7767095105,-15085493.9342169,21450817.40319477,1.1610792428061036e-05,-2234974.7822214565,-15085493.74020582,21450818.71918937,1.1609263031194736e-05,1.0055119458488335,-0.1940110805082666,-1.3159945969502342,1.6674940335146335,1.5293968663006626e-09
2026-08-08 03:00:00,G04,G,115173.9545709047,-15912189.5441175,20985250.63120617,1.1624601564364553e-05,115173.07935381217,-15912189.511656187,20985251.812818985,1.162292284745214e-05,0.8752170925363856,-0.032461313305456,-1.1816128208979708,1.4708050701706936,1.6787169124140599e-09
2026-08-08 03:15:00,G04,G,2349429.562924437,-16827508.437112615,20149373.652526367,1.1638327640204665e-05,2349428.7798266467,-16827508.552373577,20149374.688137613,1.1636582663709544e-05,0.7830977906632572,0.1152609641213256,-1.0356112450667652,1.3034638048294964,1.744976495122886e-09
2026-08-08 03:30:00,G04,G,4428313.226938629,-17802073.474154804,18958737.109816216,1.1651787671054174e-05,4428312.664016403,-17802073.819337063,18958737.88115877,1.1650242479966944e-05,0.5629222256337828,0.3451822590902224,-0.7713425525059483,1.0153824685356314,1.5451910872285702e-09
2026-08-08 03:45:00,G04,G,6318825.084878121,-18801149.431882188,17435184.631203257,1.1665280076752778e-05,6318824.757380132,-18801149.8732174,17435185.11332918,1.1663902296224348e-05,0.3274979888097262,0.4413352136710705,-0.482125921422757,0.7310794126551831,1.3777805284307323e-09
2026-08-08 04:00:00,G04,G,7995509.756054492,-19786036.225549825,15606384.413510583,1.1679091796697532e-05,7995509.635207325,-19786036.852556184,15606384.539224545,1.1677562112481751e-05,0.1208471668841555,0.6270063599147464,-0.1257139608568197,0.650803359757598,1.529684215780425e-09
2026-08-08 04:15:00,G04,G,9441208.123246346,-20715624.35956532,13505253.31993174,1.1693083543404926e-05,9441208.248631544,-20715625.11682698,13505253.18894523,1.1691221928739156e-05,-0.1253851962275031,0.7572616648244392,0.1309865100514743,0.7786681849550268,1.8616146657713955e-09
2026-08-08 04:30:00,G04,G,10647471.214856852,-21548043.13337676,11169291.783992456,1.1706317377175011e-05,10647471.510061633,-21548043.955326207,11169291.326558309,1.1704881744996556e-05,-0.2952047805488809,0.8219494495647023,0.4574341503671433,0.9858969327575476,1.4356321784565915e-09
2026-08-08 04:45:00,G04,G,11614624.965260915,-22242334.469142355,8639845.68271083,1.1719355436718172e-05,11614625.456798546,-22242335.378555626,8639844.98601232,1.171854156125396e-05,-0.4915376308486734,0.909413267621996,0.6966985117392878,1.2466076167451334,8.138754642124125e-10
2026-08-08 05:00:00,G04,G,12351492.02549712,-22760083.82299223,5961316.7688833065,1.1732574944967716e-05,12351492.692904815,-22760084.853868533,5961315.703091388,1.1732201377511363e-05,-0.6674076964293671,1.0308763007580797,1.0657919187113976,1.626053933517686,3.7356745635328017e-10
2026-08-08 05:15:00,G04,G,12874788.089846171,-23066943.52560045,3180337.607787986,1.1745913545136037e-05,12874788.827549966,-23066944.68524485,3180336.454828752,1.1745861193768769e-05,-0.7377037937071527,1.159644404650905,1.1529592335913317,1.793961266809177,5.2351367270108895e-11
2026-08-08 05:30:00,G04,G,13208224.263401968,-23133990.994480103,344933.2477038391,1.1759396345527869e-05,13208225.160529062,-23133992.181038797,344932.10915190843,1.175952101002617e-05,-0.8971270955732404,1.1865586916107853,1.138551930659353,1.873248262526064,-1.2466449830209394e-10
2026-08-08 05:45:00,G04,G,13381358.340527909,-22938872.06220317,-2496317.477405421,1.1772794641137886e-05,13381359.428995762,-22938873.302418675,-2496318.6213926035,1.1773180826283572e-05,-1.088467854026005,1.2402155067526328,1.1439871823410677,2.007885316893951,-3.8618514568574045e-10
2026-08-08 06:00:00,G04,G,13428243.488103306,-22466691.332103565,-5295103.410391735,1.178625854127853e-05,13428244.697763411,-22466692.570784185,-5295104.505071128,1.1786840642540976e-05,-1.2096601072643842,1.2386806190040291,1.0946793924396825,2.0483969886804654,-5.82101262444577e-10
2026-08-08 06:15:00,G04,G,13385931.028670592,-21710619.800104667,-8004172.224024735,1.179984496210882e-05,13385932.28460947,-21710621.047079813,-8004173.271779059,1.180050045879838e-05,-1.2559388790026482,1.2469751463748933,1.04775432431676,2.0567252144104198,-6.55496689558269e-10
2026-08-08 06:30:00,G04,G,13292886.584970571,-20672204.33366091,-10578081.699231576,1.1812573806112942e-05,13292887.948522016,-20672205.61669718,-10578082.372925334,1.1814160275055784e-05,-1.363551443326614,1.2830362685937442,0.6736937575727134,1.989803478768065,-1.5864689428405552e-09
2026-08-08 06:45:00,G04,G,13187380.183396054,-19361372.78066504,-12973899.93364324,1.1825991841521914e-05,13187381.5481026,-19361374.11870832,-12973900.387466842,1.1827820091313186e-05,-1.3647065448610336,1.3380432751546114,0.4538236043466355,1.964367486911548,-1.828249791272473e-09
2026-08-08 07:00:00,G04,G,13105907.777613886,-17796140.259626236,-15151852.453907823,1.1838927228495443e-05,13105909.21239992,-17796141.632302713,-15151852.536052989,1.1841479907570588e-05,-1.4347860337220746,1.3726764785219427,0.0821451660693279,1.9873599335701324,-2.5526790751418884e-09
2026-08-08 07:15:00,G04,G,13081702.613944603,-16002031.852921074,-17075905.78167383,1.1853040086827116e-05,13081704.032715855,-16002033.161440838,-17075905.59082746,1.1855139723827991e-05,-1.4187712546037576,1.3085197642420034,-0.1908463701548862,1.939473687190204,-2.0996370008737677e-09
2026-08-08 07:30:00,G04,G,13143385.226550603,-14011245.600601776,-18714289.547485087,1.1866402400493025e-05,13143386.684121016,-14011246.826681154,-18714288.9356043,1.1868799540085396e-05,-1.4575704107905898,1.2260793757668542,-0.6118807859760146,2.0005449843329477,-2.397139592371441e-09
2026-08-08 07:45:00,G04,G,13313800.05887004,-11861588.241078326,-20039950.48187814,1.187952904381448e-05,13313801.518066732,-11861589.357647134,-20039949.587221324,1.1882459356342798e-05,-1.4591966916245709,1.1165688080850915,-0.8946568147858484,2.043622201944238,-2.930312528316506e-09
2026-08-08 08:00:00,G04,G,13609075.370603748,-9595221.109844305,-21030940.806990527,1.1893399801720414e-05,13609076.80305886,-9595222.129401363,-21030939.620235536,1.18961191726002e-05,-1.4324551107289163,1.019557062223257,-1.1867549917061122,2.121275950394499,-2.719370879786092e-09
2026-08-08 08:15:00,G04,G,14037938.795489682,-7257260.28205202,-21670736.124262683,1.1906999404618944e-05,14037940.156398546,-7257261.197781412,-21670734.668536127,1.1909778988857603e-05,-1.3609088644799736,0.9157293923967552,-1.4557265581103378,2.193119483636784,-2.7795842386587638e-09
2026-08-08 08:30:00,G04,G,14601310.66406092,-4894278.00235884,-21948483.61693052,1.1920236898048596e-05,14601311.986661064,-4894278.781477729,-21948482.06896163,1.1923438805115009e-05,-1.3226001449540488,0.7791188891209742,-1.5479688860613978,2.1800240959750274,-3.201907066412247e-09
2026-08-08 08:45:00,G04,G,15292189.845796805,-2552755.935920825,-21859178.343576062,1.1933593295141517e-05,15292191.092110328,-2552756.429508848,-21859176.853573643,1.193709862137241e-05,-1.2463135225969364,0.4935880230600974,-1.4900024201965292,2.0042539123843253,-3.505326230895875e-09
2026-08-08 09:00:00,G04,G,16095836.469647843,-277541.3368571329,-21403764.67982966,1.194730854914408e-05,16095837.544538124,-277541.69898292515,-21403763.30118264,1.1950758437629814e-05,-1.0748902810519871,0.3621257922404894,-1.3786470207001256,1.7852707955352751,-3.4498884857336527e-09
2026-08-08 09:15:00,G04,G,16990247.737750128,1889639.7241950927,-20589160.515635747,1.196106112199519e-05,16990248.732280012,1889639.4842356008,-20589159.250990227,1.1964418253887216e-05,-0.9945298848499986,0.2399594925334893,-1.264645519643966,1.626652556716473,-3.3571318920243723e-09
2026-08-08 09:30:00,G04,G,17946914.270046543,3911563.6998249255,-19428201.09024862,1.197469504870238e-05,17946915.054974712,3911563.566554457,-19428199.991538707,1.197807807014462e-05,-0.7849281701743152,0.133270468739632,-1.0987099094665154,1.3568480811539656,-3.383021442237998e-09
2026-08-08 09:45:00,G04,G,18931831.7085006,5756734.28266588,-17939499.268814865,1.1987987614089328e-05,18931832.40520017,5756734.347044381,-17939498.389993645,1.1991737886402022e-05,-0.6966995703636627,-0.0643785012644866,-0.8788212207049708,1.1233261417466205,-3.750272312694384e-09
2026-08-08 10:00:00,G04,G,19906738.96320948,7400406.99608891,-16147218.696463412,1.2001436905209396e-05,19906739.43922709,7400407.182669445,-16147218.127421455,1.2005397702659426e-05,-0.4760176040602799,-0.1865805350593218,-0.5690419535617368,0.7649926799333899,-3.960797450028975e-09
2026-08-08 10:15:00,G04,G,20830538.704677258,8825372.51465685,-14080757.83521422,1.2015941598683704e-05,20830538.992588066,8825372.829245072,-14080757.537370743,1.2019057518916828e-05,-0.2879108081046999,-0.3145882231978013,-0.2978434748075767,0.5201625890850884,-3.115920233124587e-09
2026-08-08 10:30:00,G04,G,21660855.08961581,10022467.83811942,-11774342.596501866,1.2029739549425376e-05,21660855.15880651,10022468.37157762,-11774342.657399694,1.2032717335174231e-05,-0.0691906958404111,-0.5334582014672814,0.0608978270275704,0.5413626792089262,-2.9777857488550263e-09
2026-08-08 10:45:00,G04,G,22355671.00297852,10990790.70593611,-9266529.335093703,1.2043480271142808e-05,22355670.89441798,10990791.324123546,-9266529.707958786,1.2046377151431636e-05,0.1085605439582559,-0.6181874365199695,0.3728650805931788,0.7300475783819858,-2.896880288826913e-09
2026-08-08 11:00:00,G04,G,22874986.258846324,11737602.280716976,-6599618.726393761,1.205732906018787e-05,22874985.94192457,11737603.06880324,-6599619.281384987,1.2060036967689038e-05,0.3169217516185777,-0.7880862645864938,0.5549912252859938,1.014659852967155,-2.707907501167044e-09
2026-08-08 11:15:00,G04,G,23182432.27157598,12277918.123222936,-3818986.2621893096,1.2070940658888863e-05,23182431.77404298,12277919.098333113,-3818986.986230005,1.2073696783946442e-05,0.4975329995568678,-0.9751101774726896,0.7240406953271161,1.3124838560335317,-2.756125057578501e-09
2026-08-08 11:30:00,G04,G,23246780.09054206,12633794.56650658,-972337.1784152128,1.2084632102206968e-05,23246779.51777418,12633795.690196116,-972338.0420518843,1.2087356600203843e-05,0.5727678801907323,-1.1236895353715124,0.8636366714150379,1.5285972382202175,-2.7244979968750953e-09
2026-08-08 11:45:00,G04,G,23043279.40156307,12833333.963069458,1891104.6364196248,1.2098736778256284e-05,23043278.696561463,12833335.172157995,1891103.780764573,1.2101016416461249e-05,0.7050016080619455,-1.2090885383913552,0.8556550517318282,1.640447478157551,-2.2796382049631367e-09
2026-08-08 12:00:00,G04,G,22554770.16793377,12909443.078601932,4721460.422721562,1.211279942988655e-05,22554769.29689456,12909444.283142366,4721459.592942064,1.211467623271865e-05,0.8710392068982175,-1.2045404332903766,0.8297794979661646,1.7023985933471115,-1.876802832100331e-09
2026-08-08 12:15:00,G04,G,21772518.149120588,12898390.50166227,7469095.809459372,1.2126914497066656e-05,21772517.136701167,12898391.646915898,7469095.200894727,1.2128336048976054e-05,1.012419421292442,-1.1452536289039994,0.6085646449315059,1.6452810964052655,-1.4215519093979322e-09
2026-08-08 12:30:00,G04,G,20696733.711183675,12838219.285740623,10085539.492660142,1.2140685937235549e-05,20696732.63031789,12838220.401544783,10085538.96375035,1.2141995865233456e-05,1.0808657846488912,-1.1158041604286193,0.5289097927323096,1.6410470248297622,-1.3099279979092731e-09
2026-08-08 12:45:00,G04,G,19336746.64759135,12767078.874002388,12524397.802298363,1.2154247873367217e-05,19336745.47329659,12767079.932168515,12524397.516055675,1.215565568149086e-05,1.1742947599179543,-1.058166127918768,0.286242689735684,1.6064303952778294,-1.407808123644394e-09
2026-08-08 13:00:00,G04,G,17710823.280105107,12721544.903118744,14742248.073487224,1.2168240081645868e-05,17710822.00258877,12721545.882678969,14742247.993908592,1.2169315497748262e-05,1.2775163349502945,-0.979560226472672,0.0795786333927932,1.6118061242732298,-1.0754161023952892e-09
2026-08-08 13:15:00,G04,G,15845628.624150202,12734998.841846475,16699484.804923637,1.2182274724468024e-05,15845627.367627038,12734999.743490068,16699484.97133615,1.2182975314005666e-05,1.2565231645529653,-0.901643591154348,-0.1664125141364151,1.5554757321762078,-7.005895376417147e-10
2026-08-08 13:30:00,G04,G,13775351.551730588,12836137.326566862,18361100.32139318,1.2195966168302262e-05,13775350.407819375,12836138.064359335,18361100.70051217,1.219663513026307e-05,1.1439112126776934,-0.7377924752544489,-0.3791189928293656,1.4130116099154282,-6.689619608073552e-10
2026-08-08 13:45:00,G04,G,11540525.572080445,13047675.980991667,19697377.90450959,1.221004116017656e-05,11540524.441108571,13047676.655911908,19697378.472369637,1.2210294946520473e-05,1.130971871955919,-0.6749202403373509,-0.567860043940686,1.4342523262929785,-2.5378634391143813e-10
2026-08-08 14:00:00,G04,G,9186592.292158537,13385306.651900273,20684480.19781663,1.2223514747637138e-05,9186591.188665964,13385307.16437828,20684480.94530845,1.2223954762777876e-05,1.1034925710156516,-0.5124780088745523,-0.7474918250812876,1.4279613413640135,-4.400151407356909e-10
2026-08-08 14:15:00,G04,G,6762268.060719691,13856952.037161993,21304917.14323113,1.2237338199266393e-05,6762267.006035415,13856952.483077936,21304918.056239884,1.2237614579035278e-05,1.0546842765396285,-0.4459159431406198,-0.9130087480667416,1.464508424548424,-2.7637976888647783e-10
2026-08-08 14:30:00,G04,G,4317780.765682644,14462353.87799391,21547881.54093511,1.2251287484022333e-05,4317779.782261392,14462354.143561471,21547882.51657576,1.2251274395292682e-05,0.9834212525732696,-0.2655675634330297,-0.9756406497335154,1.4105028068646197,1.3088729650602976e-11
2026-08-08 14:45:00,G04,G,1903051.621768612,15193009.782533232,21409443.70293552,1.226490326488862e-05,1903050.7834443185,15193009.807568064,21409444.75820229,1.2264934211550083e-05,0.8383242932090782,-0.0250348315860933,-1.0552667672977467,1.3479622819426669,-3.0946661462753306e-11
2026-08-08 15:00:00,G04,G,-434101.2152523712,16032463.08688272,20892602.41210332,1.2278187175396218e-05,-434101.97248009127,16032463.066528205,20892603.35750429,1.2278594027807488e-05,0.7572277201127957,0.0203545168754701,-0.945400967310921,1.21144175074862,-4.0685241126793375e-10
2026-08-08 15:15:00,G04,G,-2649662.984705952,16956931.933188528,20007190.560393743,1.2291908206213585e-05,-2649663.628286796,16956931.811428927,20007191.23980497,1.229225384406489e-05,0.643580843845264,0.1217595995350966,-0.6794112298660477,0.9437273557080056,-3.4563785130567745e-10
2026-08-08 15:30:00,G04,G,-4704954.974458959,17936246.62516506,18769641.691048723,1.230482596236898e-05,-4704955.514186132,17936246.32090687,18769642.15781796,1.2305913660322294e-05,0.5397271730726715,0.3042581919416952,-0.4667692336608092,0.7757267471274573,-1.0876979533133568e-09
2026-08-08 15:45:00,G04,G,-6567938.925695882,18935055.14258764,17202625.68917144,1.2318254444343771e-05,-6567939.400811462,18935054.724545173,17202625.857646804,1.2319573476579695e-05,0.4751155791173369,0.4180424609746077,-0.1684753629853632,0.6548879756345803,-1.3190322359234072e-09
2026-08-08 16:00:00,G04,G,-8214241.833199751,19914242.93792505,15334563.88623703,1.2331525505660506e-05,-8214242.1392545635,19914242.31003196,15334563.823325016,1.23332332928371e-05,0.3060548132015094,0.6278930886241214,0.0629120159598759,0.7013395762238755,-1.7077871765921803e-09
2026-08-08 16:15:00,G04,G,-9627862.93936237,20832503.56442295,13199040.783351118,1.234448454498108e-05,-9627863.000555146,20832502.77602045,13199040.381716996,1.2346893109094502e-05,0.0611927776633765,0.7884025019280732,0.4016341220500758,0.886923350171558,-2.408564113422521e-09
2026-08-08 16:30:00,G04,G,-10801540.650032071,21647995.26247059,10834126.849983048,1.2357654891385916e-05,-10801540.523790551,21647994.31685568,10834126.145210246,1.2360552925351906e-05,-0.1262415192685215,0.9456149169062984,0.7047728027007566,1.1860983077677878,-2.898033965989162e-09
2026-08-08 16:45:00,G04,G,-11736771.018972091,22320012.524483167,8281633.181025164,1.237111040354962e-05,-11736770.724644631,22320011.48741191,8281632.203325506,1.237421274160931e-05,-0.2943274619979096,1.0370712564549336,0.9776996578143372,1.4553494655035326,-3.1023380596895172e-09
2026-08-08 17:00:00,G04,G,-12443483.746385591,22810606.16106093,5586315.363513302,1.2384441413060914e-05,-12443483.32119716,22810605.062462352,5586314.124939268,1.2387872557866713e-05,-0.42518843171046,1.098598573520947,1.2385740341190243,1.709318480037156,-3.431144805797977e-09
2026-08-08 17:15:00,G04,G,-12939397.080768157,23086087.62021936,2795046.0647807084,1.2398144208000573e-05,-12939396.48424569,23086086.31991513,2795044.725217937,1.2401532374124116e-05,-0.5965224673750583,1.3003042257678246,1.3395627715174292,1.959861870762413,-3.3881661235412367e-09
2026-08-08 17:30:00,G04,G,-13249083.577458404,23118360.332195196,-44024.767658738434,1.2411658279202797e-05,-13249082.910524463,23118358.935890384,-44026.246097485215,1.2415192190381518e-05,-0.666933939984691,1.396304807867566,1.4784387467779774,2.140151659287729,-3.533911178723626e-09
2026-08-08 17:45:00,G04,G,-13402791.131783832,22886031.96342797,-2882307.256041513,1.2425243336966691e-05,-13402790.28571786,22886030.4691336,-2882308.719636836,1.242885200663892e-05,-0.8460659726200557,1.494294370008455,1.463595323055102,2.256292215989156,-3.6086696722303884e-09
2026-08-08 18:00:00,G04,G,-13435068.028183786,22375267.072429456,-5671588.893988128,1.2438813249045058e-05,-13435067.146374648,22375265.65913585,-5671590.278726858,1.2442511822896323e-05,-0.8818091395519266,1.4132936069626152,1.3847387301292151,2.1662150236757616,-3.6985738512671112e-09
2026-08-08 18:15:00,G04,G,-13383251.630377883,21580356.290997177,-8364821.3517975155,1.2452700531879825e-05,-13383250.62276136,21580354.879898258,-8364822.666925079,1.2456171639153728e-05,-1.0076165216820867,1.4110989183768323,1.3151275635335826,2.176247164404069,-3.4711072739021423e-09
2026-08-08 18:30:00,G04,G,-13285876.61951521,20503983.927879743,-10916865.18297138,1.2465844673090158e-05,-13285875.553969158,20503982.523016904,-10916866.264629792,1.246983145541113e-05,-1.0655460516160689,1.4048628410836617,1.0816584143629546,2.0685775102070583,-3.986782320971435e-09
2026-08-08 18:45:00,G04,G,-13181066.208585288,19157192.65815481,-13285183.425973551,1.2479465440388153e-05,-13181065.142674962,19157191.338357177,-13285184.199834632,1.2483491271668534e-05,-1.065910326310371,1.3197976375586793,0.7738610781668608,1.864642484805634,-4.025831280380746e-09
2026-08-08 19:00:00,G04,G,-13104962.976871803,17559050.694880676,-15430479.330498716,1.2493286120129803e-05,-13104961.88336192,17559049.435941804,-15430479.822658377,1.2497151087925935e-05,-1.0935098834017438,1.2589388700319268,0.492159659061175,1.7386523728398875,-3.8649677961321505e-09
2026-08-08 19:15:00,G04,G,-13090255.402556948,15736037.557725064,-17317272.907961536,1.25066474150365e-05,-13090254.235628964,15736036.447591402,-17317273.054382883,1.251081090418334e-05,-1.1669279849209495,1.1101336609121648,0.1464213481630199,1.617268338365588,-4.1634891468410735e-09
2026-08-08 19:30:00,G04,G,-13164850.836013906,13721175.1345594,-18914412.63505929,1.25199016996569e-05,-13164849.727201795,13721174.060304828,-18914412.53497221,1.2524470720440742e-05,-1.1088121082703544,1.0742545708458755,-0.1000870794822788,1.5470955361287475,-4.569020783842699e-09
2026-08-08 19:45:00,G04,G,-13350740.26682251,11552934.693016648,-20195521.814647008,1.2533164252843125e-05,-13350739.155337743,11552933.65304657,-20195521.491034903,1.2538130536698146e-05,-1.1114847638926022,1.0399700783181534,-0.3236121013027155,1.5561686721792145,-4.966283855021806e-09
2026-08-08 20:00:00,G04,G,-13663090.667307528,9273960.996566352,-21139376.38805832,1.2547349943735389e-05,-13663089.57567959,9273960.051241055,-21139375.820610844,1.255179035295555e-05,-1.0916279366129256,0.9453252957696648,-0.5674474734446112,1.5515437802184218,-4.440409220162041e-09
2026-08-08 20:15:00,G04,G,-14109597.033383012,6929656.191811559,-21730213.845564365,1.2560554288032827e-05,-14109596.04537724,6929655.460016578,-21730213.071852297,1.2565450169212953e-05,-0.988005771864766,0.7317949804738303,-0.7737120698025214,1.4526904920329338,-4.895881180125483e-09
2026-08-08 20:30:00,G04,G,-14690114.76434453,4566672.046214213,-21957971.779735383,1.257416287889794e-05,-14690113.796379676,4566671.468058061,-21957970.84413912,1.2579109985470356e-05,-0.9679648535223186,0.5781561514760519,-0.9355962598373648,1.4651146216476545,-4.947106572415494e-09
2026-08-08 20:45:00,G04,G,-15396584.689169096,2231360.0903042685,-21818453.687583443,1.2587347440477222e-05,-15396583.788598724,2231359.6441728994,-21818452.755906228,1.2592769801727758e-05,-0.9005703723486572,0.4461313691095148,-0.9316772159886384,1.3704315483992875,-5.4223612505357325e-09
2026-08-08 21:00:00,G04,G,-16213256.355109423,-31766.970149131037,-21313420.43368872,1.260102668680319e-05,-16213255.538623167,-31767.328230860643,-21313419.61818619,1.260642961798516e-05,-0.8164862574722107,0.3580817296100634,-0.8155025270844999,1.2082701293182403,-5.40293118197194e-09
2026-08-08 21:15:00,G04,G,-17117202.512905825,-2181511.648219311,-20450603.6531457,1.2615083725264582e-05,-17117201.83952918,-2181511.85615307,-20450602.953656472,1.2620089434242563e-05,-0.6733766441428423,0.207933758787288,-0.6994892298969739,0.9929540450908833,-5.0057089779832225e-09
2026-08-08 21:30:00,G04,G,-18079111.179566376,-4181353.913595629,-19243638.100264315,1.2628565387192224e-05,-18079110.599168666,-4181353.997638546,-19243637.63728445,1.2633749250499968e-05,-0.5803977144916304,0.0840429163327599,-0.4629798658929714,0.7471780744876666,-5.183863307744034e-09
2026-08-08 21:45:00,G04,G,-19064330.11365285,-6000652.02131007,-17711910.55058091,1.2642024651729438e-05,-19064329.6834866,-6000651.9423340345,-17711910.328300297,1.264740906675737e-05,-0.4301662565331683,-0.078976034860611,-0.2222806135478561,0.4906005437229717,-5.384415027932541e-09
2026-08-08 22:00:00,G04,G,-20034131.81317417,-7615636.205900576,-15880320.517755495,1.265590684566578e-05,-20034131.56663569,-7615636.032069573,-15880320.61856519,1.2661068883014774e-05,-0.2465384762772364,-0.1738310025352492,0.1008096935901506,0.3180582211628106,-5.162037348994245e-09
2026-08-08 22:15:00,G04,G,-20947156.15342847,-9010157.86878432,-13778952.14357427,1.2670457144926576e-05,-20947156.031289805,-9010157.583783418,-13778952.517603733,1.2674728699272175e-05,-0.1221386629918806,-0.2850009041164526,0.3740294626908808,0.4858409279851468,-4.271554345598956e-09
2026-08-08 22:30:00,G04,G,-21760981.41612509,-10176161.472586222,-11442654.397967206,1.2684669212133202e-05,-21760981.46116165,-10176161.037279,-11442655.07437771,1.268838851552958e-05,0.0450365625778202,-0.435307221602306,0.6764105039299058,0.8056375357284776,-3.719303396378466e-09
2026-08-08 22:45:00,G04,G,-22433768.566373803,-11113857.455359584,-8910531.727838388,1.2698917265869949e-05,-22433768.801678278,-11113856.784863928,-8910532.60661959,1.2702048331786982e-05,0.2353044698618393,-0.6704956545534446,0.878781203291043,1.130127877529648,-3.13106591703371e-09
2026-08-08 23:00:00,G04,G,-22925917.002489783,-11831583.047694389,-6225345.995703668,1.2712185477562186e-05,-22925917.437403344,-11831582.306558188,-6225347.135710816,1.2715708148044386e-05,0.4349135598487752,-0.7411361988047181,1.140007147383336,1.4276025237453638,-3.5226704822001717e-09
2026-08-08 23:15:00,G04,G,-23201668.92754058,-12345351.476727355,-3432836.914879789,1.2725770022747157e-05,-23201669.44262325,-12345350.676082011,-3432838.133902683,1.272936796430179e-05,0.5150826686286647,-0.8006453451234136,1.2190228936851513,1.5467255540392213,-3.597941554634794e-09
2026-08-08 23:30:00,G04,G,-23230597.636819668,-12678098.731324736,-580966.1599494015,1.2740016741839243e-05,-23230598.25647791,-12678097.741700942,-580967.4697537873,1.2743027780559193e-05,0.619658242384476,-0.9896237951972522,1.3098043857435169,1.7546849068389978,-3.011038719950004e-09
2026-08-08 23:45:00,G04,G,-22988919.291633923,-12858652.837817648,2280900.92745694,1.27546731278867e-05,-22988920.083523672,-12858651.831834411,2280899.654558722,1.2756687596816596e-05,0.7918897500381039,-1.0059832380508535,1.2728982179052837,1.805370190459879,-2.014468929894588e-09
2026-08-08 00:00:00,G05,G,-15493326.285697386,-4106004.6543169073,-21249003.3684149,-4.88739638136698e-05,-15493327.239719152,-4106006.168098744,-21249004.29169227,-4.887620925307092e-05,0.9540217662205795,1.5137818367143216,0.9232773702227308,2.0134880386916185,2.245439401121067e-09
2026-08-08 00:15:00,G05,G,-14111389.92127627,-6131307.871967924,-21676377.13174462,-4.886562213824727e-05,-14111390.940415705,-6131309.360677311,-21676378.02791913,-4.886794002623276e-05,1.0191394347375944,1.4887093870659946,0.8961745103465882,2.0144551570016693,2.3178879854916073e-09
2026-08-08 00:30:00,G05,G,-12820175.88338087,-8253269.12980159,-21731669.64373683,-4.885655011533144e-05,-12820176.875828968,-8253270.475365703,-21731670.508985788,-4.8859670799394615e-05,0.9924480985258044,1.3455641131492386,0.8652489544964972,1.882591767781816,3.120684063181238e-09
2026-08-08 00:45:00,G05,G,-11645449.815521795,-10430334.129855452,-21412468.08585486,-4.884860441433054e-05,-11645450.85761805,-10430335.31115784,-21412468.77162345,-4.885140157255646e-05,1.0420962526742124,1.1813023871966193,0.6857685932911304,1.7180566036596592,2.797158225923771e-09
2026-08-08 01:00:00,G05,G,-10605917.695488209,-12617026.231622476,-20722843.524459623,-4.88399340499524e-05,-10605918.756578652,-12617027.256012509,-20722844.02973844,-4.884313234571831e-05,1.0610904459791797,1.0243900317214676,0.5052788141242788,1.5590364176764575,3.198295765905613e-09
2026-08-08 01:15:00,G05,G,-9712554.927452063,-14765521.95628527,-19673378.86352329,-4.883154424094927e-05,-9712555.936096948,-14765522.900736898,-19673379.090496067,-4.883486311888016e-05,1.008644883322154,0.944451627746297,0.226972779018143,1.400310687033349,3.318877930889219e-09
2026-08-08 01:30:00,G05,G,-8968243.540962815,-16827347.084294725,-18281074.349590644,-4.882311742755677e-05,-8968244.615574466,-16827347.882835604,-18281074.288445875,-4.8826593892042007e-05,1.074611650411886,0.7985408789172881,-0.0611447702564403,1.3402225253414692,3.4764644852370437e-09
2026-08-08 01:45:00,G05,G,-8367738.677475171,-18755126.82403335,-16569127.76827064,-4.881437669431144e-05,-8367739.777121378,-18755127.46544693,-16569127.514925145,-4.881832466520386e-05,1.0996462074038411,0.6414135822256881,-0.2533454946666785,1.298005047982921,3.947970892418771e-09
2026-08-08 02:00:00,G05,G,-7897969.820007593,-20504321.411715604,-14566587.67980993,-4.880575353226169e-05,-7897970.90212209,-20504321.932224,-14566587.15326666,-4.8810055438365706e-05,1.0821144962314917,0.5205083951112837,-0.5265432707672366,1.3111630670232892,4.301906104012209e-09
2026-08-08 02:15:00,G05,G,-7538671.455721372,-22034875.03221608,-12307881.174551686,-4.879786153023821e-05,-7538672.516554704,-22034875.467553087,-12307880.325368458,-4.880178621152755e-05,1.0608333317130612,0.4353370083062193,-0.8491832275700306,1.4268839554990786,3.9246812893420886e-09
2026-08-08 02:30:00,G05,G,-7263320.971887931,-23312708.79754136,-9832223.788260885,-4.87896701232065e-05,-7263321.92680355,-23312709.056777995,-9832222.651794182,-4.879351698468941e-05,0.9549156185478144,0.2592366357803537,-1.1364667020481274,1.5068589969673398,3.8468614829057735e-09
2026-08-08 02:45:00,G05,G,-7040347.607640633,-24310993.046252687,-7182920.840898347,-4.878143176991645e-05,-7040348.40396946,-24310993.16384081,-7182919.5458256425,-4.878524775785125e-05,0.7963288271624372,0.1175881241849331,-1.2950727041252688,1.524854051012611,3.815987934808037e-09
2026-08-08 03:00:00,G05,G,-6834564.557174797,-25011144.41348234,-4406574.069334594,-4.877258515747101e-05,-6834565.207524266,-25011144.40213349,-4406572.713534739,-4.8776978531013104e-05,0.6503494693869721,-0.0113488457414931,-1.3557998550691586,1.5037541273882282,4.393373542099096e-09
2026-08-08 03:15:00,G05,G,-6608764.541973862,-25403501.97414452,-1552210.1986172833,-4.876444601898764e-05,-6608764.976099202,-25403501.780845247,-1552208.8320728643,-4.876870930417495e-05,0.4341253409023374,-0.1932992731656443,-1.3665444190167535,1.4468148014745266,4.263285187308785e-09
2026-08-08 03:30:00,G05,G,-6325410.570102805,-25487652.241913594,1329648.556076585,-4.8756230529548046e-05,-6325410.810680092,-25487651.863504466,1329649.8429249306,-4.87604400773368e-05,0.2405772866122944,-0.3784091299584253,-1.2868483454792616,1.362736058351851,4.2095477887488605e-09
2026-08-08 03:45:00,G05,G,-5948350.296129859,-25272388.04654084,4187949.987479263,-4.874787797994988e-05,-5948350.348454339,-25272387.634219542,4187951.077357659,-4.875217085049865e-05,0.0523244805522442,-0.4123212959038098,-1.0898783964975314,1.1664397204626091,4.292870548773589e-09
2026-08-08 04:00:00,G05,G,-5444478.730440969,-24775302.74303812,6972090.447791231,-4.874006816683826e-05,-5444478.606732426,-24775302.226234667,6972091.267042346,-4.8743901623660495e-05,-0.1237085420161134,-0.5168034551645402,-0.8192511158372792,0.9765049950913648,3.8334568222365765e-09
2026-08-08 04:15:00,G05,G,-4785277.748971936,-24022035.65404604,9632882.935141563,-4.873257131788855e-05,-4785277.4891849,-24022035.05517806,9632883.36713688,-4.873563239682235e-05,-0.2597870361556896,-0.5988679784219785,-0.4319953146116143,0.7827848437343256,3.061078933800941e-09
2026-08-08 04:30:00,G05,G,-3948165.831421612,-23045204.06607281,12123490.716136372,-4.872537669076064e-05,-3948165.493593788,-23045203.435519032,12123490.840342397,-4.8727363169984194e-05,-0.3378278247054899,-0.6305537797897816,-0.124206023618196,0.7260529213875992,1.9864792235605102e-09
2026-08-08 04:45:00,G05,G,-2917600.552944276,-21883067.25197532,14400305.814804433,-4.871738227754286e-05,-2917600.0286474945,-21883066.61420545,14400305.559959162,-4.871909394314604e-05,-0.5242967808359302,-0.6377698713392814,0.2548452696894084,0.8640507130175348,1.7116656031774571e-09
2026-08-08 05:00:00,G05,G,-1685886.9680682912,-20577981.238712624,16423750.096631868,-4.8709298404688746e-05,-1685886.3308038376,-20577980.60841089,16423749.630706672,-4.871082471630789e-05,-0.6372644535448785,-0.6303017283440463,0.4659251955876032,1.0101844090999874,1.5263116191479463e-09
2026-08-08 05:15:00,G05,G,-253661.44096465863,-19174711.34767367,18158984.547566798,-4.870112052849511e-05,-253660.6079858709,-19174710.71774657,18158983.799646296,-4.870255548946974e-05,-0.8329787877053747,-0.6299270990748245,0.7479204991840871,1.2845415073152415,1.4349609746302712e-09
2026-08-08 05:30:00,G05,G,1369969.0410357816,-17718674.360977598,19576509.387495365,-4.869288680559506e-05,1369970.046664087,-17718673.718184166,19576508.38080789,-4.869428626263159e-05,-1.0056283055709905,-0.6427934301871469,1.0066874684064426,1.5613748242827254,1.3994570365309167e-09
2026-08-08 05:45:00,G05,G,3167631.924041089,-16254184.069216631,20652647.39628872,-4.868468771181735e-05,3167633.0549906613,-16254183.368416063,20652646.242964573,-4.868601703579344e-05,-1.1309495720358802,-0.7008005705998787,1.153324146252637,1.7607739663485005,1.329323976093591e-09
2026-08-08 06:00:00,G05,G,5114226.90438787,-14822771.6072783,21369902.44201112,-4.867696555826716e-05,5114228.142012715,-14822771.016334826,21369901.22674613,-4.867774780895528e-05,-1.237624845505356,-0.5909434737036722,1.2152649883136686,1.8324296546241927,7.822506881220896e-10
2026-08-08 06:15:00,G05,G,7177769.3655430805,-13461648.572847633,21717190.40852517,-4.866907252659134e-05,7177770.696797606,-13461648.0312473,21717189.176325925,-4.866947858211714e-05,-1.3312545246645402,-0.5416003329809858,1.2321992445029195,1.893115027746199,4.0605552580179564e-10
2026-08-08 06:30:00,G05,G,9320500.30992096,-12202369.397319864,21689943.588808555,-4.866107939159491e-05,9320501.770030396,-12202368.926588248,21689942.41034681,-4.866120935527898e-05,-1.4601094359721374,-0.4707316135749416,1.178461749700629,1.9344973281297675,1.299636840750663e-10
2026-08-08 06:45:00,G05,G,11500214.343899757,-11069744.21009254,21290092.738852262,-4.8652816124544174e-05,11500215.921048254,-11069743.930978289,21290091.752993632,-4.865294012844084e-05,-1.5771484969852856,-0.2791142534974101,0.985858632927503,1.8807496888650672,1.240038966635976e-10
2026-08-08 07:00:00,G05,G,13671749.355967095,-10081038.25550213,20525933.82521744,-4.864483418999658e-05,13671750.87574978,-10081038.049660744,20525933.06403137,-4.864467090160268e-05,-1.5197826828390435,-0.2058413859170756,0.7611860662797725,1.712166553438122,-1.6328839390032164e-10
2026-08-08 07:15:00,G05,G,15788576.8938684,-9245481.031516371,19411887.98234926,-4.863678447819527e-05,15788578.457841048,-9245481.00398613,19411887.44773207,-4.863640167476453e-05,-1.563972647883366,-0.0275302421361728,0.534617192916713,1.6530529031224408,-3.8280343074064836e-10
2026-08-08 07:30:00,G05,G,17804432.920905095,-8564099.40786134,17968166.1315151,-4.8628912981917554e-05,17804434.49192523,-8564099.497599691,17968165.928550273,-4.862813244792638e-05,-1.571020135471603,0.0897383496346682,0.2029648285408971,1.5866165129220742,-7.805339911699962e-10
2026-08-08 07:45:00,G05,G,19674924.677537,-8029870.396806387,16220350.272647291,-4.862056082331441e-05,19674926.18200631,-8029870.628671942,16220350.344179424,-4.861986322108823e-05,-1.5044693087006724,0.2318655551098904,-0.0715321306735863,1.5239115401450964,-6.976022261839632e-10
2026-08-08 08:00:00,G05,G,21359057.19761057,-7628183.064378169,14198902.157247366,-4.861220500088632e-05,21359058.560356785,-7628183.449560184,14198902.555675931,-4.861159399425008e-05,-1.3627462175559073,0.3851820148191557,-0.3984285676523089,1.4711178611941829,-6.110066362363835e-10
2026-08-08 08:15:00,G05,G,22820625.29529753,-7337584.532507882,11938613.247993702,-4.860333739583207e-05,22820626.61841041,-7337585.0568228755,11938613.880217228,-4.8603324767411926e-05,-1.3231128809733417,0.5243149932045604,-0.6322235260312066,1.5573183665403827,-1.2628420147419074e-11
2026-08-08 08:30:00,G05,G,24029425.05913445,-7130777.755911938,9478005.177160116,-4.8594526103049976e-05,24029426.27367093,-7130778.443036196,9478006.017704938,-4.859505554057377e-05,-1.2145364816058004,0.6871242574741138,-0.8405448215896563,1.629034747162238,5.294375237976393e-10
2026-08-08 08:45:00,G05,G,24962243.84773213,-6975830.924061619,6858692.760545836,-4.858589435091134e-05,24962244.994047254,-6975831.809213793,6858693.793869245,-4.8586786313735625e-05,-1.1463151274072667,0.885152173994313,-1.033323408692671,1.7791261926580242,8.919628242854258e-10
2026-08-08 09:00:00,G05,G,25603600.365272757,-6837552.090472871,4124717.8130030734,-4.857742158911239e-05,25603601.32271081,-6837553.175362235,4124718.91876876,-4.857851708689747e-05,-0.9574380555973236,1.0848893637951704,-1.1057656860385572,1.8210959102700204,1.095497785083248e-09
2026-08-08 09:15:00,G05,G,25946210.66338388,-6678978.71837051,1321861.7279885935,-4.8568608600361845e-05,25946211.403595537,-6678979.91341963,1321862.801535837,-4.857024786005932e-05,-0.7402116545824504,1.195049120114909,-1.0735472431818271,1.7687734101377734,1.639259697476001e-09
2026-08-08 09:30:00,G05,G,25991169.0352729,-6462928.739170251,-1503055.5899328997,-4.855949646402668e-05,25991169.644072674,-6462930.189831405,-1503054.5979402666,-4.856197863322117e-05,-0.6087997751813122,1.4506611538259522,-0.9919926330694736,1.8598667515562952,2.4821691944858797e-09
2026-08-08 09:45:00,G05,G,25747839.21727519,-6153560.639829079,-4302884.569524627,-4.855113106391813e-05,25747839.674442105,-6153562.1520011965,-4302883.747907524,-4.855370940638302e-05,-0.4571669141328543,1.5121721182893173,-0.8216171028194997,1.7806517813303269,2.5783424648939262e-09
2026-08-08 10:00:00,G05,G,25233460.307744548,-5717885.361546112,-7030857.373401151,-4.854192956727516e-05,25233460.635141283,-5717886.934539312,-7030856.770586839,-4.854544017954487e-05,-0.3273967365442241,1.572993199498929,-0.6028143117019927,1.7160656523462128,3.5106122697088172e-09
2026-08-08 10:15:00,G05,G,24472482.365870927,-5127181.529135665,-9641295.891497836,-4.853327909583235e-05,24472482.44041663,-5127183.12915345,-9641295.52561666,-4.853717095270672e-05,-0.074545705570236,1.6000177846855768,-0.3658811781791659,1.643010349959756,3.891856874361924e-09
2026-08-08 10:30:00,G05,G,23495652.073188517,-4358261.651866504,-12090310.977441886,-4.852488454636623e-05,23495651.945814487,-4358263.217013844,-12090310.982709913,-4.852890172586857e-05,0.1273740271279579,1.5651473400956613,0.0052680257330119,1.5703305674571966,4.017179502345436e-09
2026-08-08 10:45:00,G05,G,22338880.22571112,-3394545.114770617,-14336487.487408388,-4.85163487269668e-05,22338879.79344797,-3394546.5939089274,-14336487.781355957,-4.8520632499030415e-05,0.4322631466008986,1.4791383104556943,0.2939475680822736,1.5687914909727547,4.283772063618784e-09
2026-08-08 11:00:00,G05,G,21041925.65132668,-2226897.757111715,-16341546.329807151,-4.850793945637991e-05,21041925.00364,-2226899.2346534245,-16341547.04170629,-4.851236327219226e-05,0.6476866852716878,1.4775417093091032,0.7118991372721055,1.763357004884451,4.42381581234952e-09
2026-08-08 11:15:00,G05,G,19646941.737606,-854205.2200989116,-18070978.445317157,-4.850015218335961e-05,19646940.962452453,-854206.752732357,-18070979.44454946,-4.8504094045354114e-05,0.7751535454194011,1.532633445514611,0.9992323078973104,1.987031329001141,3.941861994505419e-09
2026-08-08 11:30:00,G05,G,18196932.97875289,716345.9659354652,-19494638.291127358,-4.849149088599709e-05,18196932.11158068,716344.3995907642,-19494639.453150816,-4.849582481851596e-05,0.8671722059811114,1.5663447010228937,1.1620234638398892,2.134413710545146,4.333932518866624e-09
2026-08-08 11:45:00,G05,G,16734176.13395947,2469295.1602512267,-20587289.15431643,-4.848303760938719e-05,16734175.1247294,2469293.638110592,-20587290.437696263,-4.8487555591677806e-05,1.009230070301803,1.5221406347887774,1.2833798347140353,2.232156187865712,4.517982290617788e-09
2026-08-08 12:00:00,G05,G,15298662.40316768,4381248.123757693,-21329088.125620723,-4.847444539712298e-05,15298661.36562475,4381246.615983543,-21329089.524870645,-4.847928636483966e-05,1.0375429301968513,1.5077741502628688,1.3992499207882825,2.303861662736806,4.840967716676577e-09
2026-08-08 12:15:00,G05,G,13926619.740521114,6421525.292606616,-21705998.84391413,-4.846586618589504e-05,13926618.671161152,6421523.858584343,-21706000.36938209,-4.847101713800151e-05,1.0693599621722918,1.4340222736659254,1.5254679672255416,2.3509579173388757,5.15095210646221e-09
2026-08-08 12:30:00,G05,G,12649170.837434951,8553101.909576701,-21710120.390571844,-4.845687433211462e-05,12649169.714101847,8553100.579013985,-21710121.856998462,-4.846274791116336e-05,1.1233331062100644,1.3305627169390857,1.4664266239640478,2.2765503409075905,5.873579048740094e-09
2026-08-08 12:45:00,G05,G,11491182.366244772,10733810.03522484,-21339919.77227148,-4.8448845429254674e-05,11491181.15470228,10733808.790768482,-21339921.10260312,-4.84544786843252e-05,1.2115424922208915,1.2444563579286734,1.33033163916125,2.187758923510396,5.633255070529489e-09
2026-08-08 13:00:00,G05,G,10470353.615840396,12917762.616621269,-20600359.000084013,-4.8440017172469166e-05,10470352.362468308,12917761.436568491,-20600360.072429728,-4.844620945748706e-05,1.2533720883581003,1.1800527756209902,1.0723457140186177,2.028149766536004,6.192285017893405e-09
2026-08-08 13:15:00,G05,G,9596585.91263387,15056948.822753232,-19502905.971990224,-4.84319764615668e-05,9596584.673535272,15056947.829057656,-19502906.76839117,-4.84379402306489e-05,1.2390985974340207,0.9936955764398084,0.7964009415072995,1.7768091322459805,5.963769082102838e-09
2026-08-08 13:30:00,G05,G,8871663.299031701,17102941.63936622,-18065423.663975164,-4.842417737133467e-05,8871662.087775413,17102940.847761147,-18065424.152315862,-4.842967100381075e-05,1.2112562874393444,0.7916050742919315,0.4883406981706485,1.527172886413282,5.493632476081789e-09
2026-08-08 13:45:00,G05,G,8289263.485332436,19008650.264610127,-16311932.622564793,-4.841551077694575e-05,8289262.302723416,19008649.63598985,-16311932.802634569,-4.84214017769726e-05,1.1826090200569046,0.6286202734694533,0.1800697736066815,1.3513521620597364,5.891000026855439e-09
2026-08-08 14:00:00,G05,G,7835304.59901446,20730047.94269556,-14272246.690743027,-4.8407326986848215e-05,7835303.485134479,20730047.502326995,-14272246.587224295,-4.841313255013445e-05,1.1138799818107907,0.4403685643006091,-0.1035187306937716,1.2022350909482873,5.8055632862338474e-09
2026-08-08 14:15:00,G05,G,7488618.720156883,22227803.96561448,-11981484.637503546,-4.8399450235341206e-05,7488617.79122973,22227803.7505403,-11981484.268703464,-4.840486332329629e-05,0.9289271526929828,0.2150741773697456,-0.3688000814604152,1.0223385236147438,5.413087955088071e-09
2026-08-08 14:30:00,G05,G,7221928.904819266,23468750.595431857,-9479464.358332643,-4.83914039659052e-05,7221928.067336554,23468750.480115816,-9479463.768942377,-4.839659409645815e-05,0.8374827118752689,0.1153160393856002,-0.5893902677016043,1.0305609973654664,5.190130552949625e-09
2026-08-08 14:45:00,G05,G,7003090.850825879,24427120.97112211,-6809990.360838578,-4.838312736133066e-05,7003090.162549078,24427121.071119536,-6809989.626215404,-4.8388324869619993e-05,0.6882767999209092,-0.099997426610944,-0.7346231737196618,1.0116301923154167,5.197508289336853e-09
2026-08-08 15:00:00,G05,G,6796551.243562547,25085505.68727412,-4020048.644248042,-4.837461339210409e-05,6796550.645822449,25085505.94205945,-4020047.792705604,-4.8380055642781846e-05,0.5977400974756032,-0.2547853293838874,-0.8515424376156973,1.0711364578147284,5.442250677755006e-09
2026-08-08 15:15:00,G05,G,6564959.60262465,25435482.52903176,-1158926.0127478605,-4.836643426901516e-05,6564959.180044011,25435482.893021323,-1158925.1585279666,-4.837178641594369e-05,0.4225806389836641,-0.3639895653746123,-0.8542198939314881,1.0201737240949522,5.352146928538366e-09
2026-08-08 15:30:00,G05,G,6270867.322623051,25477892.766992845,1722725.319087029,-4.835852973637241e-05,6270867.005191394,25477893.37430249,1722726.1160203773,-4.8363517189105545e-05,0.3174316562819854,-0.6073096521068222,-0.7969333484028713,1.0510426403094435,4.9874527331322395e-09
2026-08-08 15:45:00,G05,G,5878438.592580956,25222750.895886037,4573856.691425974,-4.835046151597884e-05,5878438.414106909,25222751.650446262,4573857.366195676,-4.835524796226739e-05,0.1784740464226735,-0.7545602306448324,-0.6747697022178121,1.0278756140449972,4.786446288552138e-09
2026-08-08 16:00:00,G05,G,5355101.152109774,24688789.34448332,7344001.455690494,-4.8342699331284775e-05,5355101.073421921,24688790.244456485,7344001.969708869,-4.834697873542924e-05,0.0786878527273207,-0.8999731643894324,-0.5140183750994843,1.0394028885508635,4.279404144461272e-09
2026-08-08 16:15:00,G05,G,4673063.54994613,23902660.34643444,9984239.769952198,-4.833450008357831e-05,4673063.642581592,23902661.37072317,9984239.988549216,-4.833870950859109e-05,-0.0926354622511031,-1.0242887260509677,-0.2185970163758822,1.0514434738729552,4.20942501278129e-09
2026-08-08 16:30:00,G05,G,3810634.95508133,22897828.317707945,12448125.80986328,-4.832654344720807e-05,3810635.248480455,22897829.42097845,12448125.72333159,-4.8330440281752937e-05,-0.2933991250188804,-1.1032705041177922,0.0865316889986443,1.1448915167032772,3.896834544866952e-09
2026-08-08 16:45:00,G05,G,2753290.2635270846,21713202.01642148,14692556.738386417,-4.8318550241648313e-05,2753290.641380567,21713203.137752037,14692556.348626904,-4.832217105491478e-05,-0.3778534825316536,-1.121330552591011,0.3897595115945139,1.2458201873921273,3.6208132664691733e-09
2026-08-08 17:00:00,G05,G,1494436.197920306,20391565.96536782,16678562.606296128,-4.8310358028077376e-05,1494436.7596910894,20391567.19086443,16678561.924958272,-4.831390182807664e-05,-0.5617707834959338,-1.2254966082750902,0.6813378566818074,1.5105130337177315,3.543799999259238e-09
2026-08-08 17:15:00,G05,G,35849.6194639282,18977879.714687143,18372000.811066527,-4.830190206673312e-05,35850.286278538406,18977880.92142548,18371999.87557337,-4.830563260123848e-05,-0.6668146102072259,-1.2067383357038488,0.935493157805216,1.66613522366688,3.730534505363607e-09
2026-08-08 17:30:00,G05,G,-1612229.9489763903,17517515.47133031,19744141.533440538,-4.829429730633305e-05,-1612229.194820905,17517516.685162064,19744140.3289119,-4.8297363374400335e-05,-0.754155485268916,-1.2138317515423456,1.2045286354390876,1.8689642186532904,3.0660680672827194e-09
2026-08-08 17:45:00,G05,G,-3431351.314083028,16054510.160722746,20772133.7234047,-4.82864015566534e-05,-3431350.4621328777,16054511.374904018,20772132.390668057,-4.828909414756218e-05,-0.8519501503954531,-1.2141812725979766,1.3327366435574983,1.994051700073843,2.6925909087799837e-09
2026-08-08 18:00:00,G05,G,-5395432.38486698,14629901.316559564,21439346.526280127,-4.827790123383127e-05,-5395431.461346234,14629902.40582237,21439345.23751178,-4.8280824920724034e-05,-0.9235207457945748,-1.0892628057834408,1.2887683456830274,1.9236184332686013,2.923686892763783e-09
2026-08-08 18:15:00,G05,G,-7471642.041684545,13280213.025914283,21735582.99064321,-4.827016237300282e-05,-7471641.086289959,13280213.979329215,21735581.72947085,-4.827255569388588e-05,-0.9553945860129792,-0.9534149306863904,1.2611723608400434,1.8472505430464747,2.3933208830591277e-09
2026-08-08 18:30:00,G05,G,-9621542.5666503,12036150.40714729,21657167.014530323,-4.82622049941796e-05,-9621541.532263136,12036151.243135374,21657165.839621983,-4.8264286467047726e-05,-1.034387163066451,-0.8359880838640438,1.17490833816198,1.7746105157363072,2.081472868132409e-09
2026-08-08 18:45:00,G05,G,-11802442.372499753,10921548.848932032,21206909.466705903,-4.82540277954488e-05,-11802441.302397128,10921549.602819173,21206908.43785669,-4.825601724020958e-05,-1.0701026242106717,-0.7538871392154245,1.0288492154513378,1.6649312758044446,1.989444760776898e-09
2026-08-08 19:00:00,G05,G,-13968903.22399836,9952613.905113818,20393959.54393177,-4.824595091187546e-05,-13968902.063026397,9952614.55907278,20393958.709490687,-4.824774801337143e-05,-1.160971963681043,-0.653958962452651,0.8344410852516729,1.5721991444411725,1.797101495965184e-09
2026-08-08 19:15:00,G05,G,-16074339.623555528,9137474.149184562,19233551.19115752,-4.8237675350609806e-05,-16074338.41876531,9137474.715388997,19233550.64642375,-4.823947878653327e-05,-1.2047902183440704,-0.5662044332702174,0.5447337715268342,1.4383469026331062,1.8034359234653755e-09
2026-08-08 19:30:00,G05,G,-18072649.502732184,8476057.280612877,17746655.737349708,-4.823001346028368e-05,-18072648.273096777,8476057.671482895,17746655.56804537,-4.823120955969512e-05,-1.2296354075821243,-0.3908700174216331,0.1693043358705237,1.301324926466639,1.1960994114445151e-09
2026-08-08 19:45:00,G05,G,-19919813.76011381,7960285.738349875,15959552.30799841,-4.8222231791617645e-05,-19919812.571951784,7960285.971681846,15959552.505224226,-4.822294033285697e-05,-1.1881620239572186,-0.2333319710751563,-0.1972258169646134,1.2268132811382877,7.085412393265756e-10
2026-08-08 20:00:00,G05,G,-21575407.767709386,7574578.566193801,13903328.026719768,-4.8214084092562655e-05,-21575406.60054348,7574578.601981522,13903328.550574392,-4.821467110601882e-05,-1.1671659044188043,-0.0357877211960987,-0.5238546242965082,1.2798361914022478,5.870134561682201e-10
2026-08-08 20:15:00,G05,G,-23003971.38930439,7296633.278214768,11613320.351132307,-4.8205836819565394e-05,-23003970.2489925,7296633.096462978,11613321.01724012,-4.820640187918067e-05,-1.140311888282836,0.1817517902190676,-0.6661078126264959,1.3330583385017545,5.650596152780677e-10
2026-08-08 20:30:00,G05,G,-24176192.406849347,7098454.722060445,9128511.687157895,-4.819793269855518e-05,-24176191.37832916,7098454.374479023,9128512.563318338,-4.819813265234252e-05,-1.0285201877925074,0.3475814221335273,-0.8761604434905421,1.3951070727534298,1.9995378733279752e-10
2026-08-08 20:45:00,G05,G,-25069865.158825103,6947589.630598592,6490888.481538031,-4.81899954650731e-05,-25069864.20716094,6947589.12175469,6490889.458175072,-4.818986342550437e-05,-0.9516641645609154,0.5088439019827035,-0.9766370405910711,1.4554747362111422,-1.320395687300931e-10
2026-08-08 21:00:00,G05,G,-25670594.05781615,6808519.539353869,3744770.913856668,-4.818195868315908e-05,-25670593.13584913,6808518.892113568,3744772.030269609,-4.818159419866621e-05,-0.9219670253640516,0.6472403006266343,-1.1164129410960362,1.585976373613616,-3.644844928652224e-10
2026-08-08 21:15:00,G05,G,-25972222.129086263,6644161.888530801,936124.0904266476,-4.817321919018998e-05,-25972221.318780776,6644161.110313733,936125.1839068772,-4.817332497182807e-05,-0.810305486182455,0.7782170683257319,-1.093480229737038,1.5677741543974526,1.0578163808588284e-10
2026-08-08 21:30:00,G05,G,-25976973.03824209,6417425.681576855,-1888145.2262580392,-4.816445959903603e-05,-25976972.339016497,6417424.7245758185,-1888144.1650280333,-4.816505574498991e-05,-0.6992255954564599,0.9570010361662672,-1.061230006045215,1.5909043158831009,5.961459538845978e-10
2026-08-08 21:45:00,G05,G,-25695302.85769991,6092767.325181295,-4680897.543421616,-4.815633445274666e-05,-25695302.34876888,6092766.296551795,-4680896.696124104,-4.815678651815176e-05,-0.5089310298793903,1.0286295008379631,-0.847297512081227,1.4265351440281069,4.5206540510244764e-10
2026-08-08 22:00:00,G05,G,-25145469.243166808,5637693.835922581,-7395472.352111573,-4.814827685446828e-05,-25145468.88134653,5637692.739592463,-7395471.798915303,-4.814851729131361e-05,-0.3618202717536777,1.096330118148674,-0.5531962702425082,1.280187388791974,2.404368453310593e-10
2026-08-08 22:15:00,G05,G,-24352831.222247213,5024159.820306931,-9986395.105026316,-4.813953377827564e-05,-24352831.11731829,5024158.658432686,-9986394.802964551,-4.814024806447546e-05,-0.1049289235697463,1.1618742453182365,-0.3020617623704157,1.205073918571657,7.142861998161121e-10
2026-08-08 22:30:00,G05,G,-23348904.533579547,4229810.560760287,-12410074.73627469,-4.8130959589572246e-05,-23348904.614234075,4229809.269854529,-12410074.702297252,-4.813197883763731e-05,0.0806545273646238,1.2909057576594605,-0.0339774384334773,1.2938691179038386,1.019248065066568e-09
2026-08-08 22:45:00,G05,G,-22170201.031484384,3239025.4970283285,-14625485.86608186,-4.812258702151399e-05,-22170201.28988257,3239024.1873549363,-14625486.174155949,-4.812370961079916e-05,0.2583981890674226,1.3096733923332722,0.3080740873909676,1.3700086357468124,1.1225892851646023e-09
2026-08-08 23:00:00,G05,G,-20856892.32758891,2043724.282549497,-16594828.094132649,-4.811412745556003e-05,-20856892.658835284,2043722.9427971127,-16594828.823500218,-4.811544038396101e-05,0.3312463770106174,1.339752383694763,0.7293675689876238,1.5609733061745084,1.3129284009771047e-09
2026-08-08 23:15:00,G05,G,-19451340.381636247,643901.3491301825,-18284154.491811108,-4.810566785604655e-05,-19451340.792696267,643900.0016315412,-18284155.51773177,-4.8107171157122856e-05,0.4110600200278514,1.3474986413062908,1.0259206640174443,1.7427668051823777,1.5033010763073107e-09
2026-08-08 23:30:00,G05,G,-17996546.47148905,-952133.5175894244,-19663959.212216485,-4.8097200878450176e-05,-17996546.989265997,-952134.8130212576,-19663960.527409952,-4.80989019302847e-05,0.5177769480141894,1.295431833038593,1.3151934675552497,1.9172820499458647,1.701051834523731e-09
2026-08-08 23:45:00,G05,G,-16534571.706041943,-2727823.948996001,-20709715.541050076,-4.80885904535854e-05,-16534572.433908366,-2727825.208468337,-20709717.092099167,-4.809063270344656e-05,0.7278664209133732,1.2594723365276037,1.5510490946370965,2.1264555925638566,2.042249861157122e-09
2026-08-08 00:00:00,G06,G,19840047.457335223,13101960.554761585,11988406.879141107,2.0996075682028065e-05,19840048.32932343,13101961.499160578,11988408.081575682,2.100302555256272e-05,-0.8719882050437011,-0.9443989935826262,-1.2024345724821446,1.7601425481805533,-6.949870534655201e-09
2026-08-08 00:15:00,G06,G,18311318.218931008,12999941.13388118,14243861.294480072,2.1003406231469343e-05,18311318.98049535,12999942.005975476,14243862.615161017,2.101026219244524e-05,-0.7615643418678673,-0.872094293520726,-1.3206809429677333,1.7563390494759812,-6.855960975900682e-09
2026-08-08 00:30:00,G06,G,16536874.93912052,12947765.918998629,16255124.901211744,2.1010998859536475e-05,16536875.659370735,12947766.654611262,16255126.215006378,2.101749883232777e-05,-0.7202502154139919,-0.7356126352399872,-1.3137946333573258,1.6691143341805947,-6.499972791294658e-09
2026-08-08 00:45:00,G06,G,14546989.181321824,12975530.269389115,17986604.31587215,2.1017925061492653e-05,14546989.81727709,12975530.840079738,17986605.580717217,2.102473547221029e-05,-0.6359552661051407,-0.5706906233020366,-1.2648450650403595,1.5264206257020632,-6.810410717643344e-09
2026-08-08 01:00:00,G06,G,12378572.097626807,13107881.227591636,19407273.75448752,2.102614774301454e-05,12378572.541171305,13107881.61173289,19407274.883636385,2.1031972112092815e-05,-0.4435444958154425,-0.3841412546139384,-1.1291488686542996,1.2725067350893788,-5.8243690782762154e-09
2026-08-08 01:15:00,G06,G,10073958.131643752,13362902.016528403,20491293.04641674,2.103298685717312e-05,10073958.364240771,13362902.237701455,20491294.0407013,2.103920875197534e-05,-0.2325970197411926,-0.2211730506029329,-0.9942845596098032,1.0448065262927644,-6.2218948022211534e-09
2026-08-08 01:30:00,G06,G,7679466.916102011,13751251.766021715,21218548.113866515,2.1040379503620957e-05,7679466.978619203,13751251.836098406,21218548.90501081,2.1046445391857867e-05,-0.062517192531495,-0.0700766895168095,-0.7911442963179041,0.7966984620118247,-6.0658882369116364e-09
2026-08-08 01:45:00,G06,G,5243795.607785574,14275600.606944324,21575096.95622219,2.104773196888761e-05,5243795.539978841,14275600.5973752,21575097.51706987,2.1053682031740397e-05,0.0678067331572187,0.0095691247000416,-0.5608476770055035,0.5650127768568148,-5.950062852784217e-09
2026-08-08 02:00:00,G06,G,2816303.2364093075,14930390.0853134,21553507.628762685,2.105497862047957e-05,2816303.1030591824,14930389.967749488,21553507.864610154,2.106091867162292e-05,0.1333501252779341,0.1175639128658772,-0.2358474677194681,0.2953431183380812,-5.940051143346693e-09
2026-08-08 02:15:00,G06,G,445255.4064594493,15701934.327668406,21153074.705603,2.106232833515985e-05,445255.1784398658,15701934.105493134,21153074.627198983,2.1068155311505443e-05,0.2280195835121152,0.2221752716515389,0.0784040150070104,0.3278749325088655,-5.826976345590184e-09
2026-08-08 02:30:00,G06,G,-1823899.568840331,16568864.913818548,20379905.47964581,2.1069589474942485e-05,-1823900.0422706504,16568864.51361875,20379905.08722033,2.107539195138797e-05,0.473430319283018,0.400199796133596,0.39242548091559,0.7336851518966595,-5.802476445483493e-09
2026-08-08 02:45:00,G06,G,-3950151.4079610175,17502905.194365077,19246868.33524855,2.107745133617921e-05,-3950151.938113756,17502904.676750015,19246867.680190176,2.108262859127049e-05,0.5301527379373381,0.5176150619950709,0.6550583724931041,0.9889836951739556,-5.177255091282859e-09
2026-08-08 03:00:00,G06,G,-5898374.798856399,18469947.12371716,17773401.29826865,2.108398824700617e-05,-5898375.450649933,18469946.5581174,17773400.405079156,2.1089865231153015e-05,0.6517935342260599,0.5655997609472396,0.8931894943271901,1.241984449829761,-5.876984146849882e-09
2026-08-08 03:15:00,G06,G,-7640543.846677612,19431387.42270552,15985181.26567647,2.109131816087332e-05,-7640544.59674775,19431386.75473721,15985180.35879303,2.109710187103554e-05,0.7500701384543708,0.6679683063367039,0.9068834412628494,1.353227418768934,-5.783710162223555e-09
2026-08-08 03:30:00,G06,G,-9156658.093101297,20345668.55467865,13913660.767253824,2.109842722371698e-05,-9156658.962235477,20345667.757389106,13913659.816434866,2.1104338510918068e-05,0.8691341816588168,0.7972895521448041,0.950818960193364,1.5149658579486849,-5.911287201085588e-09
2026-08-08 03:45:00,G06,G,-10435342.098587664,21169960.709253386,11595479.275714828,2.1104511127631024e-05,-10435343.036758628,21169959.83489411,11595478.35837742,2.111157515080059e-05,0.9381709645299148,0.8743592759157792,0.9173374064787422,1.576761497307726,-7.064023169565033e-09
2026-08-08 04:00:00,G06,G,-11474091.701873278,21861913.006665863,9071765.092374688,2.111155200567792e-05,-11474092.752571035,21861912.14959518,9071764.355569772,2.111881179068312e-05,1.0506977584661348,0.8570706831792304,0.736804916138036,1.543184182155925,-7.259785005199369e-09
2026-08-08 04:15:00,G06,G,-12279158.285561886,22381399.11386179,6387343.02138608,2.11192886223598e-05,-12279159.435598915,22381398.230967358,6387342.487208401,2.1126048430565643e-05,1.1500370310653314,0.8828944393044051,0.5341776787835002,1.5451322132059542,-6.759808205847054e-09
2026-08-08 04:30:00,G06,G,-12865076.510250874,22692182.027316667,3589867.066452136,2.112580209538231e-05,-12865077.717974504,22692181.101086754,3589866.723851223,2.113328507044817e-05,1.2077236296867184,0.92622991287857,0.342600912166855,1.560087690558536,-7.48297506585568e-09
2026-08-08 04:45:00,G06,G,-13253858.790824352,22763427.9867281,728900.2848222752,2.1132539594553603e-05,-13253859.91776522,22763427.152895108,728900.2396539146,2.114052171033069e-05,1.126940867560828,0.8338329886349326,0.0451683606228109,1.402609479761194,-7.982115777089041e-09
2026-08-08 05:00:00,G06,G,-13473892.969930414,22571005.89528447,-2145035.3303680103,2.113941601514556e-05,-13473894.112519808,22571005.103121307,-2145035.066242373,2.1147758350213212e-05,1.1425893933018456,0.792163164204811,-0.2641256373676824,1.4152015237144646,-8.342335067655458e-09
2026-08-08 05:15:00,G06,G,-13558594.783894422,22098517.2617412,-4981416.909286634,2.11471066971901e-05,-13558595.853187531,22098516.54629899,-4981416.39952182,2.115499499009574e-05,1.0692931097598943,0.7154422135696106,-0.5097648135280343,1.3838733614925325,-7.888292905640844e-09
2026-08-08 05:30:00,G06,G,-13544872.563858388,21338017.935464505,-7730663.606518339,2.1153752578028005e-05,-13544873.554763636,21338017.2234259,-7730662.705585409,2.1162231629978264e-05,0.9909052493009828,0.7120386076120562,-0.9009329307966586,1.5167637711971549,-8.479051950258911e-09
2026-08-08 05:45:00,G06,G,-13471473.611231206,20290402.946632896,-10345042.046108147,2.1160627717457427e-05,-13471474.60584057,20290402.361129124,-10345040.861060197,2.116946826986079e-05,0.9946093632894384,0.5855037703139425,-1.1850479539433465,1.654207092156292,-8.840552403363493e-09
2026-08-08 06:00:00,G06,G,-13377281.88227908,18965444.95895212,-12779517.49051684,2.11673676815503e-05,-13377282.907143112,18965444.53483932,-12779516.183489136,2.117670490974332e-05,1.024864033762451,0.4241128011030359,-1.30702770732549,1.71421684260651,-9.337228193018904e-09
2026-08-08 06:15:00,G06,G,-13299637.938016511,17381487.8817623,-14992531.97252663,2.1174431144921235e-05,-13299638.833625551,17381487.647428807,-14992530.615010403,2.118394154962584e-05,0.8956090391227702,0.234333493897863,-1.35751622469714,1.6431305601311077,-9.510404704603371e-09
2026-08-08 06:30:00,G06,G,-13272748.88583924,15564815.132158006,-16946696.31935817,2.11812760759127e-05,-13272749.670534443,15564815.019523729,-16946694.95763335,2.1191178189508366e-05,0.7846952049541422,0.1126342792835027,-1.3617248213325903,1.5756673299212027,-9.902113595668038e-09
2026-08-08 06:45:00,G06,G,-13326252.037990876,13548722.56196114,-18609386.13788625,2.118827229751478e-05,-13326252.732657569,13548722.577666778,-18609384.81250579,2.119841482939089e-05,0.6946666922995829,-0.0157056381084896,-1.325380462024718,1.496476478123092,-1.0142531876106188e-08
2026-08-08 07:00:00,G06,G,-13483984.509326627,11372339.023853486,-19953234.45754024,2.119509287834932e-05,-13483985.11027235,11372339.152121937,-19953233.222472586,2.1205651469273416e-05,0.600945722398271,-0.1282684504411421,-1.2350676537523224,1.3794856526954595,-1.0558590924097704e-08
2026-08-08 07:15:00,G06,G,-13763003.369312689,9079244.350554695,-20956517.33009352,2.120251671899029e-05,-13763003.863534566,9079244.566731378,-20956516.26094817,2.121288810915594e-05,0.4942218794827344,-0.2161766836102871,-1.069145352605749,1.1975221959089777,-1.0371390165652166e-08
2026-08-08 07:30:00,G06,G,-14172888.752521032,6715941.996605189,-21603431.529222503,2.120942371193324e-05,-14172889.12487732,6715942.29829466,-21603430.79278941,2.1220124749038465e-05,0.3723562868121299,-0.3016894706692457,-0.736433086948582,0.8786349825688848,-1.070103710522607e-08
2026-08-08 07:45:00,G06,G,-14715350.38991836,4330246.568119396,-21884266.70393236,2.1216477567290684e-05,-14715350.581020627,4330246.948400104,-21884266.223906517,2.122736138892099e-05,0.1911022684659242,-0.3802807067312215,-0.4800258430236911,0.6415280998486543,-1.0883821630306441e-08
2026-08-08 08:00:00,G06,G,-15384145.762636,1969647.1705157545,-21795474.410585117,2.1224004312282697e-05,-15384145.763394523,1969647.701097689,-21795474.1606652,2.1234598028803517e-05,0.0007585245017878,-0.5305819349167784,-0.2499199144643682,0.5864961454820734,-1.0593716520817277e-08
2026-08-08 08:15:00,G06,G,-16165307.112292858,-320293.1784804025,-21339641.413718782,2.123124897120418e-05,-16165306.971813962,-320292.44991166424,-21339641.46306541,2.124183466868604e-05,-0.1404788961608394,-0.7285687382945656,0.0493466261136626,0.7436274713830203,-1.058569748185937e-08
2026-08-08 08:30:00,G06,G,-17037663.2206956,-2497446.257416477,-20525372.84902288,2.123848648863892e-05,-17037662.885603704,-2497445.3311530445,-20525373.185063664,2.1249071308568567e-05,-0.3350918966485173,-0.9262634324809224,0.3360407871489449,1.0407564249998764,-1.0584819929647618e-08
2026-08-08 08:45:00,G06,G,-17973631.702467218,-4524483.828347397,-19367091.83088079,2.124545471753524e-05,-17973631.265281487,-4524482.787533202,-19367092.38037973,2.125630794845109e-05,-0.4371857325608485,-1.0408141944726703,0.5494989374064461,1.255537587801087,-1.0853230915853377e-08
2026-08-08 09:00:00,G06,G,-18940251.258476544,-6370054.793211571,-17884763.06097326,2.1252235763498997e-05,-18940250.797457226,-6370053.562170844,-17884763.778953556,2.1263544588333613e-05,-0.4610193170118999,-1.231040727357111,0.7179802942071625,1.497830359533364,-1.1308824834619204e-08
2026-08-08 09:15:00,G06,G,-19900413.76195568,-8009735.704766498,-16103547.171005655,2.1259384110873172e-05,-19900413.17561003,-8009734.354502031,-16103548.00464755,2.127078122821614e-05,-0.5863456488757874,-1.350264467573221,0.8336418915090184,1.6917370231880295,-1.1397117342963176e-08
2026-08-08 09:30:00,G06,G,-20814251.626871828,-9426727.04243043,-14053391.462748433,2.126631866032081e-05,-20814250.95984833,-9426725.623120138,-14053392.427441262,2.1278017868098665e-05,-0.6670234995505562,-1.419310292084399,0.96469282995396,1.8411937188503424,-1.1699207777854869e-08
2026-08-08 09:45:00,G06,G,-21640633.34692747,-10612272.541256815,-11768563.18850123,2.127399871118299e-05,-21640632.59550461,-10612271.216069289,-11768564.053951344,2.1285254507981188e-05,-0.7514228601717556,-1.3251875268051962,0.8654501145699044,1.7520736847512537,-1.1255796798197864e-08
2026-08-08 10:00:00,G06,G,-22338713.997620944,-11565790.92648843,-9287128.449423565,2.128111945062177e-05,-22338713.151319664,-11565789.689194866,-9287129.191092072,2.1292491147863714e-05,-0.8463012811011419,-1.2372935631222015,0.7416685080338817,1.672481209325316,-1.1371697241945585e-08
2026-08-08 10:15:00,G06,G,-22869488.78557211,-12294715.278834822,-6650383.594465113,2.128858106364424e-05,-22869487.825820416,-12294714.075008642,-6650384.09305059,2.129972778774624e-05,-0.9597516968830376,-1.2038261803640289,0.4985854767236255,1.6183041339004984,-1.1146724102004342e-08
2026-08-08 10:30:00,G06,G,-23197296.05627361,-12814046.95424649,-3902240.22019696,2.129585481312469e-05,-23197295.049742427,-12814045.783632012,-3902240.52775364,2.1306964427628764e-05,-1.0065311830442305,-1.1706144764104671,0.3075566797625942,1.5741773680525206,-1.1109614504072534e-08
2026-08-08 10:45:00,G06,G,-23291218.171571124,-13145638.205235207,-1088570.3329933907,2.130309748697225e-05,-23291217.09747653,-13145637.157445151,-1088570.2558322072,2.1314201067511287e-05,-1.0740945924027303,-1.047790056426179,-0.0771611835258435,1.502496936441959,-1.11035805390395e-08
2026-08-08 11:00:00,G06,G,-23126329.639658023,-13317226.87207632,1743486.7928956845,2.1310383807689854e-05,-23126328.55496627,-13317225.853361296,1743487.1490592477,2.1321437707393813e-05,-1.0846917516163157,-1.01871502347348,-0.3561635632260613,1.5300944346166772,-1.1053899703953861e-08
2026-08-08 11:15:00,G06,G,-22684747.89426784,-13361253.4312161,4546247.30448253,2.1317943474466124e-05,-22684746.8371126,-13361252.550233832,4546247.883183335,2.132867434727634e-05,-1.057155241556483,-0.880982269495832,-0.5787008046933941,1.4928501549951874,-1.0730872810214264e-08
2026-08-08 11:30:00,G06,G,-21956445.309862085,-13313502.038198913,7272231.639154404,2.1325890045435147e-05,-21956444.266295,-13313501.285190277,7272232.452537636,2.1335910987158866e-05,-1.0435670856017376,-0.7530086349122973,-0.8133832318726504,1.522381866778301,-1.0020941723715695e-08
2026-08-08 11:45:00,G06,G,-20939789.081041437,-13211609.5037397,9874930.218546884,2.133393868323016e-05,-20939788.052267123,-13211608.768744305,9874931.231101464,2.134314762704139e-05,-1.028774309025425,-0.7349953945156247,-1.0125545780258245,1.6198338131891723,-9.208943811227354e-09
2026-08-08 12:00:00,G06,G,-19641783.824188683,-13093495.669330005,12309576.138521638,2.1340971168035052e-05,-19641782.83794308,-13093495.019878171,12309577.40286159,2.1350384266923915e-05,-0.9862456075618438,-0.6494518292149583,-1.264339951516258,1.7300357192572122,-9.413098888859138e-09
2026-08-08 12:15:00,G06,G,-18078001.19215827,-12995772.818922048,14533914.5714838,2.1347922900136427e-05,-18078000.203414746,-12995772.26617417,14533915.876850791,2.135762090680644e-05,-0.9887435299542024,-0.552747877521257,-1.3053669905993537,1.7283306871883528,-9.698006670009216e-09
2026-08-08 12:30:00,G06,G,-16272191.354239387,-12952192.3423706,16508953.779648582,2.1355440816059265e-05,-16272190.46101139,-12952191.922997452,16508955.05182842,2.1364857546688964e-05,-0.8932279979724144,-0.4193731467037728,-1.272179838975081,1.6100222468129732,-9.416730629699885e-09
2026-08-08 12:45:00,G06,G,-14255584.62597046,-12992190.503487496,18199685.54552648,2.136261355189085e-05,-14255583.924942024,-12992190.268559547,18199686.810303453,2.1372094186571487e-05,-0.70102843406492,-0.2349279466532399,-1.2647769748980475,1.465023140335496,-9.48063468063879e-09
2026-08-08 13:00:00,G06,G,-12065901.784071034,-13139591.958298614,19575757.785062265,2.1369931701254896e-05,-12065901.184507212,-13139591.890044246,19575758.990339268,2.1379330826454013e-05,-0.5995638228066055,-0.0682543686402095,-1.2052770045504326,1.3478976571516874,-9.399125199116687e-09
2026-08-08 13:15:00,G06,G,-9746104.693783026,-13411525.692968495,20612082.922938988,2.1377601038336372e-05,-9746104.232437238,-13411525.901651649,20612083.954230487,2.1386567466336536e-05,-0.4613457885715516,0.2086831511286496,-1.0312914988849358,1.1488910957397254,-8.966428000162028e-09
2026-08-08 13:30:00,G06,G,-7342932.400168191,-13817602.84273513,21289366.10260547,2.138600328148941e-05,-7342932.00436802,-13817603.264330173,21289366.8573241,2.1393804106219063e-05,-0.3958001700543485,0.4215950405925843,-0.754718632634138,0.9507893390822474,-7.800824729650073e-09
2026-08-08 13:45:00,G06,G,-4905274.597622497,-14359393.664439537,21594537.4425594,2.139344890870568e-05,-4905274.334472183,-14359394.35583902,21594537.89585888,2.140104074610159e-05,-0.2631503139161624,0.6913994849468625,-0.4532994784625823,0.8676184372599575,-7.591837395910362e-09
2026-08-08 14:00:00,G06,G,-2482446.939560475,-15030233.72235248,21521074.160015665,2.1400140198890144e-05,-2482446.8913764134,-15030234.50121511,21521074.216718797,2.1408277385984112e-05,-0.0481840614052961,0.7788626317528251,-0.0567031291849653,0.7824090667763335,-8.137187093967402e-09
2026-08-08 14:15:00,G06,G,-122435.6194814829,-15815370.961540896,21069199.4506352,2.140770303342918e-05,-122435.74571835715,-15815371.897451475,21069199.296623856,2.141551402586664e-05,0.1262368742496816,0.9359105826892072,0.1540113448771998,0.9568614641424666,-7.810992437460162e-09
2026-08-08 14:30:00,G06,G,2129816.8472958007,-16692456.73392384,20245950.76303469,2.141541892454752e-05,2129816.643851981,-16692457.825182322,20245950.390025016,2.142275066574916e-05,0.2034438202661546,1.091258480233587,0.3730096743495618,1.1710553683940703,-7.331741201642434e-09
2026-08-08 14:45:00,G06,G,4234012.716854775,-17632362.72023743,19065108.570926636,2.1422991603213995e-05,4234012.388300403,-17632363.931621667,19065108.00712691,2.1429987305631687e-05,0.3285543722593121,1.2113842352334674,0.5637997252988463,1.3759614351971998,-6.995702417693541e-09
2026-08-08 15:00:00,G06,G,6155918.449718072,-18600295.12008293,17546985.892129093,2.143008534019463e-05,6155918.01488343,-18600296.472749457,17546985.181639474,2.143722394551421e-05,0.4348346421770749,1.352666528898944,0.7104896199723263,1.5885790520239158,-7.138605319579068e-09
2026-08-08 15:15:00,G06,G,7868542.730015378,-19557162.09406206,15718079.108949289,2.143689147816489e-05,7868542.111331673,-19557163.529798724,15718078.357980097,2.1444460585396737e-05,0.618683705328692,1.4357366649998005,0.7509691918709487,1.734377129001445,-7.569107231843402e-09
2026-08-08 15:30:00,G06,G,9353020.512869164,-20461137.768972367,13610586.616500271,2.144427566810065e-05,9353019.75291197,-20461139.151201207,13610585.885879925,2.1451697225279263e-05,0.7599571938565134,1.382228838718361,0.7306203505945821,1.7383606057955654,-7.421557178612361e-09
2026-08-08 15:45:00,G06,G,10599166.298813406,-21269357.42841153,11261804.818794006,2.145190625330968e-05,10599165.421963736,-21269358.819889657,11261804.16409325,2.1458933865161782e-05,0.8768496705974106,1.3914781250759904,0.6547007555901426,1.7702287413670823,-7.027611852102279e-09
2026-08-08 16:00:00,G06,G,11605671.859961154,-21939672.800844964,8713415.672277678,2.145930294951057e-05,11605670.860361757,-21939674.176504765,8713415.234275904,2.1466170505044312e-05,0.999599397731939,1.3756597997497062,0.4380017739586781,1.755985305913579,-6.867555533746957e-09
2026-08-08 16:15:00,G06,G,12379941.260091323,-22432390.58190261,6010683.189802015,2.1465491753863157e-05,12379940.258884065,-22432391.933716364,6010682.914894555,2.1473407144926835e-05,1.0012072608716214,1.3518137570340103,0.2749074607050751,1.7045206143897975,-7.915391063682097e-09
2026-08-08 16:30:00,G06,G,12937572.610002669,-22711921.29031087,3201577.195957836,2.147305915228988e-05,12937571.527935823,-22711922.58047047,3201577.231001995,2.148064378480936e-05,1.0820668452553082,1.290159597617386,-0.0350441591888686,1.6842234228326969,-7.584632519483588e-09
2026-08-08 16:45:00,G06,G,13301509.442382175,-22748267.447511084,335848.5290359148,2.1479930057043782e-05,13301508.232198494,-22748268.760985028,335848.81921074487,2.1487880424691884e-05,1.2101836810598567,1.313473943273218,-0.2901748300529559,1.8094086806350695,-7.950367648099292e-09
2026-08-08 17:00:00,G06,G,13500902.51034058,-22518289.760498684,-2535924.402118688,2.1486999119593835e-05,13500901.264665456,-22518290.86619924,-2535923.9120452628,2.149511706457441e-05,1.2456751264983623,1.1057005529393238,-0.490073425247817,1.7362177846345097,-8.117944980574432e-09
2026-08-08 17:15:00,G06,G,13569733.009895785,-22006696.828014947,-5363292.784608342,2.149417190569057e-05,13569731.733486203,-22006697.939749707,-5363291.845038143,2.1502353704456937e-05,1.2764095773953,1.111734758658529,-0.9395701985264062,1.9359668749322487,-8.181798766362651e-09
2026-08-08 17:30:00,G06,G,13545257.48659612,-21206723.75629381,-8096875.191194884,2.1500373202730635e-05,13545256.230668224,-21206724.855368488,-8096874.02346645,2.150959034433946e-05,1.255927896544068,1.0990746726686005,-1.167728433138553,2.0368872602526182,-9.217141608825975e-09
2026-08-08 17:45:00,G06,G,13466343.307778502,-20120470.13085931,-10689258.757821815,2.150722899930871e-05,13466342.21701972,-20120471.12751512,-10689257.318025352,2.1516826984221983e-05,1.0907587815412745,0.9966558053004252,-1.4397964649212422,2.0630296590568324,-9.59798491327426e-09
2026-08-08 18:00:00,G06,G,13371765.47359454,-18758891.111400403,-13095839.699964477,2.1513779049108483e-05,13371764.466944998,-18758891.866727155,-13095837.971663492,2.1524063624104512e-05,1.0066495413937242,0.7553267516719153,-1.728300984541045,2.1379630712771887,-1.028457499602846e-08
2026-08-08 18:15:00,G06,G,13298534.202443955,-17141445.78337047,-15275590.594392365,2.152059927620936e-05,13298533.352163438,-17141446.473079916,-15275588.77175677,2.1531300263987035e-05,0.8502805181327777,0.6897094457885122,-1.8226355933185,2.126188276037078,-1.0700987777677967e-08
2026-08-08 18:30:00,G06,G,13280323.105721349,-15295424.303935513,-17191740.539520055,2.1526985663822948e-05,13280322.385512726,-15295424.911429912,-17191738.663367122,2.153853690386956e-05,0.7202086217007255,0.607494399024586,-1.8761529344848384,2.099452246943086,-1.1551240046612264e-08
2026-08-08 18:45:00,G06,G,13346056.789292194,-13254983.800567657,-18812356.769434266,2.1533534956849687e-05,13346056.247696215,-13254984.165021729,-18812354.9130726,2.1545773543752085e-05,0.5415959774783325,0.3644540700856629,-1.8563616651555483,1.9677986695497576,-1.2238586902395944e-08
2026-08-08 19:00:00,G06,G,13518712.39643939,-11059938.03656122,-20110823.075543225,2.154003762529903e-05,13518711.969339874,-11059938.190310355,-20110821.275715176,2.155301018363461e-05,0.4270995156987832,0.153749136833127,-1.7998280481836055,1.8561879744291725,-1.2972558335583524e-08
2026-08-08 19:15:00,G06,G,13814375.990807204,-8754352.984338412,-21066210.44194074,2.154651962815009e-05,13814375.61575448,-8754353.027510967,-21066208.83327106,2.156024682351713e-05,0.3750527221969701,0.0431725548992187,-1.6086696813232382,1.6523760339379447,-1.3727195367045936e-08
2026-08-08 19:30:00,G06,G,14241585.61785237,-6385004.552452289,-21663540.442231283,2.155372004792449e-05,14241585.340526037,-6385004.460981426,-21663539.11118491,2.156748346339966e-05,0.2773263337785498,-0.0914708631988079,-1.3310463720782153,1.3627036577495364,-1.3763415475172858e-08
2026-08-08 19:45:00,G06,G,14800979.808660263,-3999758.913916173,-21893942.563218694,2.1561396915793085e-05,14800979.647489456,-3999758.738436673,-21893941.60679579,2.1574720103282187e-05,0.1611708097841807,-0.1754794996131119,-0.9564229067562768,0.985654027171341,-1.3323187489101753e-08
2026-08-08 20:00:00,G06,G,15485257.70055122,-1645937.7977636773,-21754710.503943924,2.1568552008828707e-05,15485257.690948736,-1645937.4608683316,-21754709.897111434,2.158195674316471e-05,0.0096024838070015,-0.3368953457790078,-0.6068324882940004,0.6941443297700479,-1.3404734336004462e-08
2026-08-08 20:15:00,G06,G,16279446.748326438,631273.3890139551,-21249262.2868379,2.1575332747854535e-05,16279446.932400145,631273.9256404815,-21249261.980249032,2.158919338304724e-05,-0.1840737060526078,-0.5366265264419078,-0.3065888658830066,0.6448626914502634,-1.386063519269669e-08
2026-08-08 20:30:00,G06,G,17161462.46052685,2790317.61713219,-20387011.44268617,2.1582428457228268e-05,17161462.838560067,2790318.2611748865,-20387011.439987365,2.159643002292976e-05,-0.3780332176334369,-0.6440426961399491,-0.002698806404191,0.7467980929551921,-1.4001565701490842e-08
2026-08-08 20:45:00,G06,G,18102935.24577501,4794608.222845507,-19183156.183948424,2.158945628420613e-05,18102935.82173117,4794608.933357101,-19183156.44057891,2.1603666662812285e-05,-0.5759561551509742,-0.7105115939976262,0.2566304866934322,0.949953380204444,-1.421037860615303e-08
2026-08-08 21:00:00,G06,G,19070271.66512746,6613677.465351318,-17658392.991897725,2.1597634669868215e-05,19070272.457188323,6613678.328180953,-17658393.530126214,2.1610903302694808e-05,-0.7920608620466583,-0.8628296350042995,0.538228487785798,1.2890016653565406,-1.3268632826588581e-08
2026-08-08 21:15:00,G06,G,20025910.263436284,8224095.05942467,-15838562.270345196,2.1604922686553967e-05,20025911.24232925,8224096.020458017,-15838562.85570989,2.161813994257733e-05,-0.9788929719637812,-0.9610333463050192,0.5853646945733374,1.4914651752297952,-1.32172560233671e-08
2026-08-08 21:30:00,G06,G,20929726.734338444,9610127.423176205,-13754230.180838328,2.1612869526811484e-05,20929727.801306877,9610128.39580321,-13754230.792935813,2.162537658245986e-05,-1.0669684297289543,-0.9726270045423184,0.6120974858550019,1.5681480326146662,-1.2507055648378266e-08
2026-08-08 21:45:00,G06,G,21740539.31248553,10764118.948312324,-11440214.639449429,2.162073815501824e-05,21740540.458721034,10764119.95635152,-11440215.298223354,2.1632613222342384e-05,-1.1462354981392249,-1.0080391974488168,0.658773927773149,1.6625227603558974,-1.1875067324145222e-08
2026-08-08 22:00:00,G06,G,22417663.24990736,11686584.313089598,-8935058.203160947,2.1628894415220883e-05,22417664.46405886,11686585.363511523,-8935058.635837384,2.163984986222491e-05,-1.2141515054500276,-1.050421926728398,0.4326764357371508,1.662756446500982,-1.0955447004026437e-08
2026-08-08 22:15:00,G06,G,22922460.59756925,12386009.127801312,-6280451.4341733605,2.163607994664125e-05,22922461.809900712,12386010.18056871,-6280451.635541163,2.1647086502107436e-05,-1.2123314669578873,-1.0527673979043493,0.20136780317537,1.6182137596814063,-1.1006555466182111e-08
2026-08-08 22:30:00,G06,G,23219832.28114744,12878366.13991002,-3520613.4938992844,2.1643939754410665e-05,23219833.539766327,12878367.192021845,-3520613.4038433344,2.165432314198996e-05,-1.258618886796523,-1.052111824954511,-0.0900559501471006,1.642915356482776,-1.0383387579293241e-08
2026-08-08 22:45:00,G06,G,23279601.38736997,13186362.923155654,-701630.975211826,2.1651263251149368e-05,23279602.7046166,13186363.998299353,-701630.5184051072,2.166155978187248e-05,-1.3172466220619103,-1.0751436988821286,-0.4568067187961825,1.76060927377905,-1.0296530723113313e-08
2026-08-08 23:00:00,G06,G,23077737.4111998,13338445.226716736,2129238.994725675,2.165865040217876e-05,23077738.747265637,13338446.202118922,2129239.775463796,2.166879642175501e-05,-1.3360658337341258,-0.9754021849139156,-0.7807381207668076,1.8292165939617409,-1.0146019576251089e-08
2026-08-08 23:15:00,G06,G,22597376.8709834,13367587.899351075,4924295.858144434,2.1665989513581987e-05,22597378.134445164,13367588.76944253,4924296.968559008,2.167603306163753e-05,-1.263461763278954,-0.8700914525957338,-1.1104145741692677,1.8937833270138469,-1.0043548055547993e-08
2026-08-08 23:30:00,G06,G,21829600.36001173,13309915.10233416,7636147.221454477,2.167318277238489e-05,21829601.577007268,13309915.867959747,7636148.657446202,2.1683269701520058e-05,-1.2169955358219755,-0.7656255868714527,-1.435991724824984,2.0320760092203014,-1.0086929135162158e-08
2026-08-08 23:45:00,G06,G,20773934.07153875,13203195.699789723,10218476.081376107,2.1680702938263592e-05,20773935.211541686,13203196.40897948,10218477.719348367,2.1690506341402584e-05,-1.1400029363184032,-0.7091897544659627,-1.6379722604023104,2.1179022471543694,-9.803403138992438e-09
2026-08-08 00:00:00,G07,G,-5748331.547709359,-14571603.708581058,21261868.65306159,-2.356436082470337e-05,-5748330.270326383,-14571604.347142696,21261868.02799725,-2.3565420371743016e-05,-1.2773829755295223,0.6385616368649429,0.6250643390140038,1.558901426696154,1.059547039640437e-09
2026-08-08 00:15:00,G07,G,-3875484.217541937,-16116159.258034876,20524339.932876065,-2.355191988819456e-05,-3875483.062694602,-16116159.966803264,20524339.632785983,-2.3553672261190776e-05,-1.1548473343304568,0.7087683856848703,0.3000900832037093,1.3878325000495226,1.7523729962143911e-09
2026-08-08 00:30:00,G07,G,-2155788.0702088005,-17682751.545925926,19426547.254718076,-2.3539934257349244e-05,-2155786.992947338,-17682752.41187179,19426547.23470505,-2.3541924150638533e-05,-1.0772614621148162,0.8659458660636,0.0200130265577541,1.3823006264710984,1.9898932892902116e-09
2026-08-08 00:45:00,G07,G,-612020.3607389638,-19228112.98917298,17986850.04787602,-2.3527871141125185e-05,-612019.3261964414,-19228113.94393734,17986850.309675887,-2.353017604008629e-05,-1.0345425223880227,0.9547643592915112,-0.2617998685025501,1.4319191260508586,2.3048989611086926e-09
2026-08-08 01:00:00,G07,G,741065.8115068644,-20706779.177539907,16229862.920258688,-2.3515587678004104e-05,741066.7922170348,-20706780.25701893,16229863.452797383,-2.3518427929534047e-05,-0.9807101704985892,1.079479025493927,-0.5325386963684131,1.552631594464849,2.8402515299417913e-09
2026-08-08 01:15:00,G07,G,1897165.508164329,-22072828.60845458,14186043.041190911,-2.3503446856673106e-05,1897166.3978267368,-22072829.832826275,14186043.706057696,-2.3506679818981804e-05,-0.8896624077474817,1.2243716954019002,-0.6648667854140251,1.653067781613068,3.232962308702081e-09
2026-08-08 01:30:00,G07,G,2858498.2773097027,-23281665.67304163,11891150.2241763,-2.349097341007603e-05,2858498.98086564,-23281666.944585945,11891151.14287,-2.349493170842956e-05,-0.7035559371052499,1.2715443139950586,-0.9186936995336832,1.719248095142785,3.9582983535279855e-09
2026-08-08 01:45:00,G07,G,3635530.9387507862,-24291772.008485064,9385592.054375224,-2.3478954272393396e-05,3635531.475102904,-24291773.321089424,9385593.051176935,-2.348318359787732e-05,-0.5363521174261481,1.3126043597846475,-0.9968017137098886,1.73326785455917,4.229325483924627e-09
2026-08-08 02:00:00,G07,G,4246357.98632702,-25066352.476020034,6713664.737126266,-2.346754819981988e-05,4246358.346483301,-25066353.87946562,6713665.777758102,-2.3471435487325078e-05,-0.3601562820791307,1.4034455871305278,-1.0406318363840048,1.7838964887159685,3.887287505195514e-09
2026-08-08 02:15:00,G07,G,4715764.595445809,-25574804.498541024,3922710.715343977,-2.3455375350940916e-05,4715764.769110239,-25574805.965680286,3922711.5836749794,-2.345968737677283e-05,-0.1736644298554071,1.4671392631162283,-0.8683310027487553,1.7136673194960836,4.312025831918899e-09
2026-08-08 02:30:00,G07,G,5074013.320801339,-25793947.668112792,1062209.7855625085,-2.3443486873025595e-05,5074013.346909961,-25793949.05054124,1062210.555238539,-2.3447939266220588e-05,-0.0261086217568723,1.3824284491824494,-0.7696760302656267,1.5824636706112685,4.452393194991458e-09
2026-08-08 02:45:00,G07,G,5355407.542227128,-25708961.15274292,-1817170.967947708,-2.3431223969737084e-05,5355407.383421836,-25708962.44685031,-1817170.4126678188,-2.3436191155668345e-05,0.1588052907461349,1.2941073925646136,-0.5552798892233155,1.4171340159756256,4.9671859312609805e-09
2026-08-08 03:00:00,G07,G,5596694.004006132,-25313990.59647519,-4664548.637503793,-2.341996590130908e-05,5596693.637430348,-25313991.77993386,-4664548.385026454,-2.3424443045116105e-05,0.3665757837350843,1.1834586660068178,-0.2524773395255253,1.264395913605195,4.47714380702237e-09
2026-08-08 03:15:00,G07,G,5835374.83012707,-24612398.879649702,-7429791.375730652,-2.3408616314882776e-05,5835374.306378573,-24612399.94504293,-7429791.434033114,-2.341269493456386e-05,0.5237484961418241,1.0653932294041322,0.0583024624957516,1.1886018667342133,4.0786196810834275e-09
2026-08-08 03:30:00,G07,G,6108002.041085264,-23616653.37457552,-10064458.766520396,-2.3396929346073165e-05,6108001.324956341,-23616654.30224556,-10064459.060606629,-2.3400946824011616e-05,0.7161289226720808,0.9276700345470046,0.2940862320782622,1.2082628185878703,4.017477938449263e-09
2026-08-08 03:45:00,G07,G,6448526.689878472,-22347857.16346415,-12522693.839816006,-2.338504542747441e-05,6448525.839319395,-22347858.02567642,-12522694.475721952,-2.3389198713459373e-05,0.8505590773475677,0.8622122702620766,0.6359059468905857,1.3679316928632228,4.1532859849605555e-09
2026-08-08 04:00:00,G07,G,6886772.933838704,-20834948.2743018,-14762048.441878896,-2.3373642341485267e-05,6886772.021716743,-20834948.984155077,-14762049.354069786,-2.337745060290713e-05,0.912121960981473,0.7098532769453209,0.9121908892846926,1.472396130458341,3.808261421860649e-09
2026-08-08 04:15:00,G07,G,7447098.521992827,-19113602.99532993,-16744223.26058435,-2.336274421977194e-05,7447097.532764721,-19113603.498295277,-16744224.411798296,-2.3365702492354886e-05,0.9892281064176418,0.5029653402346792,1.151213945095353,1.599012172369562,2.9582725829461492e-09
2026-08-08 04:30:00,G07,G,8147294.514124477,-17224893.79240222,-18435711.04673073,-2.3351651102674435e-05,8147293.400646451,-17224894.12921779,-18435712.35759653,-2.3353954381802643e-05,1.1134780266282125,0.3368155702262589,1.3108658054605935,1.752611538264127,2.303279128207842e-09
2026-08-08 04:45:00,G07,G,8997765.591040356,-15213759.64603683,-19808331.79881101,-2.333987100464253e-05,8997764.482394502,-15213759.799437717,-19808333.24721532,-2.33422062712504e-05,1.108645854946119,0.1534008860439743,1.4484043052607776,1.8304377878054865,2.3352666078711543e-09
2026-08-08 05:00:00,G07,G,10001019.90089046,-13127352.6785505,-20839654.461417597,-2.3328816082403627e-05,10001018.699406028,-13127352.70602547,-20839655.85151448,-2.333045816069816e-05,1.2014844322411975,0.0274749717530029,1.3900968890210117,1.8375769578052168,1.6420782945312795e-09
2026-08-08 05:15:00,G07,G,11151480.84517531,-11013329.637027064,-21513300.841266125,-2.3316711566215e-05,11151479.623969307,-11013329.532807857,-21513302.14563624,-2.3318710050145917e-05,1.2212060023364262,-0.1042192090068115,1.3043701164720585,1.7898567385167596,1.9984839309132742e-09
2026-08-08 05:30:00,G07,G,12435624.66761326,-8918154.71621509,-21819134.11166507,-2.330519404168321e-05,12435623.439094009,-8918154.463082736,-21819135.27461044,-2.330696193959367e-05,1.228519252276715,-0.2531323551070672,1.1629453725171637,1.7104904214510157,1.7678979104590636e-09
2026-08-08 05:45:00,G07,G,13832429.674012242,-6885479.016164791,-21753333.228684317,-2.3294378262834125e-05,13832428.433993466,-6885478.664094302,-21753334.206440788,-2.3295213829041428e-05,1.2400187759156285,-0.3520704892954666,0.9777564759075708,1.617902320980854,8.355662073037274e-10
2026-08-08 06:00:00,G07,G,15314114.84220324,-4954656.153493534,-21318359.985595416,-2.3283031584157887e-05,15314113.55965675,-4954655.619454354,-21318360.63911181,-2.3283465718489185e-05,1.2825464892695777,-0.534039180090454,0.6535163937814056,1.5353198428830577,4.3413433129846727e-10
2026-08-08 06:15:00,G07,G,16847133.821951263,-3159445.06912299,-20522825.17855508,-2.3270998070687345e-05,16847132.550862256,-3159444.377619633,-20522825.514686752,-2.327171760793694e-05,1.2710890080486843,-0.6915033566056903,0.3361316732635649,1.485539854850784,7.195372495951581e-10
2026-08-08 06:30:00,G07,G,18393383.251812637,-1526944.697026418,-19381263.59620734,-2.3259793820132307e-05,18393381.9811396,-1526943.9628663864,-19381263.686476752,-2.32599694973847e-05,1.2706730311037888,-0.7341600317043534,0.0902694125662648,1.4702889073143708,1.7567725239093194e-10
2026-08-08 06:45:00,G07,G,19911576.598545425,-76793.22416362746,-17913826.063046925,-2.3248176259539253e-05,19911575.47877535,-76792.3641920425,-17913825.901812688,-2.324822138683246e-05,1.1197700747770385,-0.8599715849560521,-0.1612342376380665,1.4210674251015425,4.512729320667892e-11
2026-08-08 07:00:00,G07,G,21358733.18574156,1179345.8388869376,-16145897.789615516,-2.323599141650207e-05,21358732.19907809,1179346.8506909907,-16145897.360439476,-2.3236473276280216e-05,0.986663472018962,-1.0118040531818189,-0.4291760373315433,1.4769713335306396,4.818597781445178e-10
2026-08-08 07:15:00,G07,G,22691726.355364304,2237996.720083557,-14107652.532766854,-2.322424014226897e-05,22691725.430701558,2237997.742348492,-14107651.777676305,-2.3224725165727973e-05,0.924662749234794,-1.0222649346651358,-0.7550905511066685,1.5716833449645429,4.85023458996744e-10
2026-08-08 07:30:00,G07,G,23868837.583988868,3103781.6241733995,-11833550.16757595,-2.321312705206568e-05,23868836.7580598,3103782.756520455,-11833549.23806899,-2.321297705517573e-05,0.8259290689620924,-1.1323470550721269,-0.9295069597104896,1.6817704564646585,-1.4999688995157095e-10
2026-08-08 07:45:00,G07,G,24851262.97254086,3789037.332829242,-9361786.346627962,-2.320161223199652e-05,24851262.321411517,3789038.5784598887,-9361785.300572248,-2.3201228944623486e-05,0.6511293475120005,-1.2456306466149898,-1.0460557136050788,1.7520838139038073,-3.8328737303151447e-10
2026-08-08 08:00:00,G07,G,25604520.76052352,4313152.529134157,-6733699.01586437,-2.318982990947072e-05,25604520.22095036,4313153.80889045,-6733697.946515138,-2.3189480834071243e-05,0.5395731609535304,-1.279756292425993,-1.0693492325106095,1.752832891377937,-3.4907539947408987e-10
2026-08-08 08:15:00,G07,G,26099712.20329564,4701652.346027133,-3993139.126440033,-2.3177441555256312e-05,26099711.82995059,4701653.603747245,-3993138.177292003,-2.3177732723519e-05,0.3733450508791839,-1.257720112298895,-0.94914803020685,1.6192987343732066,2.9116826268659954e-10
2026-08-08 08:30:00,G07,G,26314594.81528464,4985062.75669978,-1185810.3698135416,-2.3165566987103788e-05,26314594.5764354,4985064.0028327,-1185809.48519791,-2.316598461296676e-05,0.238849236635145,-1.2461329196736035,-0.8846156318523415,1.5467517665911903,4.1762586296828805e-10
2026-08-08 08:45:00,G07,G,26234429.61598269,5197594.132533926,1641418.2430877816,-2.3153902769392963e-05,26234429.52239461,5197595.361291088,1641418.8705864805,-2.315423650241452e-05,0.0935880763922669,-1.2287571629436669,-0.6274986989097703,1.382880150505324,3.337330215530101e-10
2026-08-08 09:00:00,G07,G,25852573.699961506,5375688.841139479,4441219.436448567,-2.3141542863467013e-05,25852573.74622909,5375690.02775672,4441219.789294177,-2.3142488391862278e-05,-0.046267584916155,-1.1866172408726008,-0.3528456105709801,1.238830573827303,9.455283952604028e-10
2026-08-08 09:15:00,G07,G,25170794.868122093,5556482.973811448,7166531.956235444,-2.3128824247207213e-05,25170795.068774343,5556484.096608687,7166532.021561576,-2.313074028131003e-05,-0.200652250298071,-1.122797239690603,-0.0653261321531429,1.1424545813942044,1.916034102819279e-09
2026-08-08 09:30:00,G07,G,24199294.70793633,5776235.518767613,9771293.748446267,-2.3117038413612412e-05,24199295.005858146,5776236.577443402,9771293.389949275,-2.3118992170757788e-05,-0.2979218108038374,-1.0586757895069363,0.3584969918355043,1.1567505892783794,1.953757145373566e-09
2026-08-08 09:45:00,G07,G,22956434.50331896,6068780.564764929,12211176.773810135,-2.3105497289719382e-05,22956434.906465866,6068781.515603447,12211176.172825132,-2.3107244060205545e-05,-0.4031469010484261,-0.9508385179631677,0.6009850028868392,1.1949076469594782,1.746770486162881e-09
2026-08-08 10:00:00,G07,G,21468169.40004597,6464058.390950748,14444316.779340934,-2.3093786929845777e-05,21468169.92318178,6464059.278936265,14444315.929468434,-2.3095495949653305e-05,-0.5231358122883865,-0.8879855171740008,0.8498725004293124,1.335841541424498,1.7090198075262071e-09
2026-08-08 10:15:00,G07,G,19767205.065753657,6986781.50922135,16432024.64465086,-2.3082142217039977e-05,19767205.57145645,6986782.203327339,16432023.564605998,-2.308374783910106e-05,-0.5057027930843964,-0.694105989250969,1.08004486278341,1.379860625161926,1.6056220610803007e-09
2026-08-08 10:30:00,G07,G,17891901.27953879,7655286.336846142,18139470.176525325,-2.3069580182501297e-05,17891901.897427794,7655286.883575949,18139468.96294794,-2.3071999728548816e-05,-0.6178890036556829,-0.5467298070931419,1.2135773875564992,1.4674707419199793,2.419546047519738e-09
2026-08-08 10:45:00,G07,G,15884959.672589272,8480620.0602275,19536324.53729076,-2.3057111538916164e-05,15884960.338748269,8480620.472686201,19536323.21414704,-2.3060251617996573e-05,-0.6661589969934847,-0.4124587015989407,1.3231437123845895,1.537725356955176,3.1400790804069954e-09
2026-08-08 11:00:00,G07,G,13791937.010005528,9465901.077936474,20597346.741718363,-2.304530914546789e-05,13791937.803080237,9465901.354089662,20597345.442565817,-2.304850350744433e-05,-0.7930747070435057,-0.2761531885290686,1.2991525464960134,1.5469406625834068,3.1943619764377213e-09
2026-08-08 11:15:00,G07,G,11659639.991773134,10605985.481017848,21302900.99146785,-2.3033384045708403e-05,11659640.82412674,10605985.525885329,21302899.690897863,-2.3036755396892086e-05,-0.8323536075715973,-0.0448674776220112,1.3005699895554337,1.5447679166521535,3.371351183683468e-09
2026-08-08 11:30:00,G07,G,9534458.482176356,11887459.197616622,21639388.44766462,-2.302167718950244e-05,9534459.381244056,11887459.159787308,21639387.297593016,-2.3025007286339843e-05,-0.8990676993412703,0.0378293125297375,1.1500716013171297,1.460280272085268,3.330096837406645e-09
2026-08-08 11:45:00,G07,G,7460703.739945577,13288965.566276642,21599581.77530973,-2.300937558742213e-05,7460704.5971318465,13288965.385946898,21599580.840065494,-2.30132591757876e-05,-0.8571862687188481,0.1803297436779709,0.9352442351880398,1.2813933413232508,3.8835883654663995e-09
2026-08-08 12:00:00,G07,G,5479015.785589818,14781860.202747451,21182847.675375424,-2.2997843842919928e-05,5479016.629030497,14781859.863132862,21182847.03530129,-2.300151106523536e-05,-0.8434406788883205,0.3396145904878483,0.6400741339922806,1.111946557115848,3.667222315429419e-09
2026-08-08 12:15:00,G07,G,3624907.513505863,16331176.246224498,20395248.392834622,-2.298556220476582e-05,3624908.315426764,16331175.701011317,20395247.99976988,-2.2989762954683117e-05,-0.8019209008851911,0.5452131843058058,0.393064746873527,1.046343367567331,4.200749917294051e-09
2026-08-08 12:30:00,G07,G,1927505.5167410471,17896865.18802214,19249513.04291133,-2.297332892739704e-05,1927506.3476426264,17896864.482194625,19249512.92928752,-2.297801484413087e-05,-0.8309015795176422,0.7058275148937596,0.1136238084050968,1.0961296846005455,4.685916733830272e-09
2026-08-08 12:45:00,G07,G,408544.19378970296,19435268.14640613,17764875.330193877,-2.296158790340728e-05,408544.891593229,19435267.215763457,17764875.480624236,-2.2966266733578628e-05,-0.6978035260540321,0.9306426722874354,-0.1504303603363905,1.1728831304808998,4.678830171346177e-09
2026-08-08 13:00:00,G07,G,-918343.7561822206,20900758.715324823,15966775.378086545,-2.294924085995304e-05,-918343.1328968462,20900757.775931045,15966775.794997416,-2.2954518623026385e-05,-0.623285374511951,0.9393937770957504,-0.4169108708055636,1.2019816973326078,5.2777630733421865e-09
2026-08-08 13:15:00,G07,G,-2048004.6474190184,22247493.454847813,13886429.4234123,-2.293744246322736e-05,-2048004.1297155907,22247492.42572392,13886430.0421991,-2.294277051247414e-05,-0.5177034275738681,1.029123895023302,-0.6187868003797592,1.307673481628301,5.3280492467863485e-09
2026-08-08 13:30:00,G07,G,-2983792.8379210066,23431193.98735173,11560273.545048902,-2.2925881204727302e-05,-2983792.4534007814,23431192.98039752,11560274.40389015,-2.29310224019219e-05,-0.3845202250416226,1.0069542155404363,-0.8588412471028338,1.37819479152472,5.141197194595436e-09
2026-08-08 13:45:00,G07,G,-3737246.407429304,24410889.529088814,9029293.486807562,-2.291405249448284e-05,-3737246.215262944,24410888.46348093,9029294.365339603,-2.2919274291369652e-05,-0.1921663605833094,1.0656078776642297,-0.8785320402993942,1.394369608429743,5.221796886814387e-09
2026-08-08 14:00:00,G07,G,-4327422.895827198,25150542.109675284,6338252.995675553,-2.290192166940515e-05,-4327422.793988876,25150540.99692024,6338253.856801363,-2.290752618081741e-05,-0.1018383222913648,1.112755046382727,-0.8611258099734791,1.4107205597636354,5.60451141226201e-09
2026-08-08 14:15:00,G07,G,-4779922.086178727,25620487.30832228,3534841.203859184,-2.2890349164362085e-05,-4779922.075327886,25620486.1809544,3534842.000835908,-2.289577807026517e-05,-0.0108508411034849,1.127367884744647,-0.7969767239393379,1.3806693980846223,5.428905903082558e-09
2026-08-08 14:30:00,G07,G,-5125639.469130179,25798627.30925272,668757.2451177341,-2.287802930158861e-05,-5125639.700859982,25798626.17408724,668757.8245042547,-2.288402995971293e-05,0.2317298028269336,1.1351654736585837,-0.5793865206211936,1.2953717977408103,6.000658124314417e-09
2026-08-08 14:45:00,G07,G,-5399304.466000903,25671325.76053545,-2209245.241772576,-2.286656282953429e-05,-5399304.834592301,25671324.68208014,-2209244.838820589,-2.2872281849160683e-05,0.3685913975833956,1.0784553113192972,-0.4029519873169706,1.208840676420172,5.719019626394838e-09
2026-08-08 15:00:00,G07,G,-5637866.0208807215,25233967.500159506,-5048329.125651704,-2.2854713638960255e-05,-5637866.495289115,25233966.523690145,-5048328.990178003,-2.286053373860844e-05,0.4744083940973803,0.9764693566517272,-0.1354737007308453,1.094033295864255,5.820099648182035e-09
2026-08-08 15:15:00,G07,G,-5878798.344264235,24491160.57297957,-7798539.015587499,-2.28429409356638e-05,-5878798.854314323,24491159.628589705,-7798539.202516042,-2.28487856280562e-05,0.5100500870670919,0.9443898648832324,0.1869285420181685,1.0894795032639926,5.844692392399413e-09
2026-08-08 15:30:00,G07,G,-6158398.11695248,23456574.248313807,-10411736.158042528,-2.2831252591342277e-05,-6158398.76377379,23456573.410859626,-10411736.693159169,-2.283703751750396e-05,0.6468213098983432,0.8374541798681695,0.5351166385441639,1.185772797446493,5.784926161681503e-09
2026-08-08 15:45:00,G07,G,-6510147.32488304,22152424.249175627,-12842482.664619915,-2.2819283796397227e-05,-6510148.073915612,22152423.58093265,-12842483.466504078,-2.2825289406951717e-05,0.749032571820963,0.6682429762670355,0.8018841607608271,1.2847632763501795,6.005610554487889e-09
2026-08-08 16:00:00,G07,G,-6963208.31146872,20608629.33582141,-15048855.377116837,-2.2807514585176387e-05,-6963209.154251043,20608628.760844804,-15048856.48075058,-2.281354129639947e-05,0.8427823223100068,0.574976603123712,1.1036337444251545,1.5029596065003936,6.0267112230825905e-09
2026-08-08 16:15:00,G07,G,-7541113.830578481,18861678.37846852,-16993174.300971605,-2.279598419215653e-05,-7541114.782276077,18861677.97960141,-16993175.604048863,-2.2801793185847228e-05,0.9516975962748864,0.3988671128930998,1.3030772579644578,1.6621773758318468,5.808993690699796e-09
2026-08-08 16:30:00,G07,G,-8260702.627580798,16953259.80118178,-18642630.978907723,-2.278417543289395e-05,-8260703.708958245,16953259.600937024,-18642632.372277662,-2.2790045075294985e-05,1.0813774470375686,0.2002447555698403,1.393369940624966,1.77509293743509,5.8696424010336606e-09
2026-08-08 16:45:00,G07,G,-9131340.174809128,14928711.033088466,-19969808.60500156,-2.277184671294687e-05,-9131341.379858114,14928710.992184045,-19969810.06599977,-2.277829696474274e-05,1.2050489850847428,0.0409044215347105,1.4609982098332357,1.894289311929616,6.4502517958704115e-09
2026-08-08 17:00:00,G07,G,-10154450.992975412,12835353.83239262,-20953087.701051477,-2.2760097860464445e-05,-10154452.189216066,12835353.985109432,-20953089.203377053,-2.27665488541905e-05,1.1962406539363504,-0.1527168110105503,1.5023255799917343,1.9264724952079644,6.4509937260539375e-09
2026-08-08 17:15:00,G07,G,-11323374.846933637,10720783.505152289,-21576934.656839497,-2.2747883494752012e-05,-11323375.997871064,10720783.806656498,-21576936.018608805,-2.275480074363826e-05,1.150937429568107,-0.3015042091012221,1.3617693083839435,1.8083078842230045,6.917248886242418e-09
2026-08-08 17:30:00,G07,G,-12623547.061295874,8631178.35534254,-21832073.59980876,-2.2736452627778943e-05,-12623548.150816314,8631178.754425379,-21832074.6973286,-2.2743052633086016e-05,1.0895204393950697,-0.3990828380025589,1.0975198399511696,1.5971448583438643,6.600005307070811e-09
2026-08-08 17:45:00,G07,G,-14032988.398607029,6609694.194025097,-21715546.009858567,-2.272469544593869e-05,-14032989.507659253,6609694.705632396,-21715546.93331474,-2.2731304522533773e-05,1.1090522266467564,-0.5116072989293482,0.92345617339566,1.5311793408776344,6.609076595080027e-09
2026-08-08 18:00:00,G07,G,-15523080.487787625,4695002.38030826,-21230663.98616367,-2.2713230840370345e-05,-15523081.560229886,4695002.954195241,-21230664.651645828,-2.271955641198153e-05,1.0724422607007025,-0.5738869811989789,0.6654821581878247,1.3864866290710616,6.325571611182766e-09
2026-08-08 18:15:00,G07,G,-17059590.92893165,2920021.539010459,-20386863.09313376,-2.270149920113359e-05,-17059591.935257472,2920022.329278565,-20386863.449527524,-2.2707808301429286e-05,1.0063258234261836,-0.7902681057445011,0.3563937616244561,1.3282438989794827,6.309100295697113e-09
2026-08-08 18:30:00,G07,G,-18603906.796548244,1310886.6624052075,-19199465.377962008,-2.269045723328189e-05,-18603907.705966983,1310887.5625790842,-19199465.41811619,-2.2696060190877043e-05,0.909418739981684,-0.9001738767067863,0.040154183274153,1.2802217821024655,5.6029575951515804e-09
2026-08-08 18:45:00,G07,G,-20114427.160111137,-113815.00716428593,-17689360.852108,-2.2678673006401963e-05,-20114428.070593588,-113814.05741578528,-17689360.550094847,-2.26843120803248e-05,0.9104824505814794,-0.949748500646247,-0.3020131564514301,1.3498934972679906,5.639073922838055e-09
2026-08-08 19:00:00,G07,G,-21548063.34479086,-1343517.204464655,-15882616.569056144,-2.266677709007208e-05,-21548064.08789784,-1343516.1125856228,-15882615.970712015,-2.267256396977256e-05,0.7431069765565026,-1.091879032152108,-0.5983441282945333,1.4499736188375687,5.786879700481135e-09
2026-08-08 19:15:00,G07,G,-22861790.352152515,-2375846.578681467,-13810022.620189749,-2.2655278121463115e-05,-22861791.18934503,-2375845.413898631,-13810021.849127172,-2.2660815859220317e-05,0.8371925144728827,-1.1647828359186492,-0.7710625732424113,1.6285416337924332,5.537737757198725e-09
2026-08-08 19:30:00,G07,G,-24014199.22145761,-3216493.5754829533,-11506583.082489217,-2.264357687773737e-05,-24014199.954690915,-3216492.374314013,-11506582.170759568,-2.264906774866807e-05,0.7332332980676055,-1.2011689404790733,-0.9117296489468586,1.6768091262083111,5.490870930701431e-09
2026-08-08 19:45:00,G07,G,-24966991.284685142,-3878789.468872825,-9010958.63732059,-2.2631677652027503e-05,-24966991.953957632,-3878788.218813677,-9010957.712474689,-2.2637319638115828e-05,0.6692724913809865,-1.2500591489864423,-0.9248459031372532,1.6929009091597131,5.6419860883238765e-09
2026-08-08 20:00:00,G07,G,-25686369.569948588,-4383008.122680053,-6364868.583643818,-2.262039862618764e-05,-25686370.135560945,-4383006.93421623,-6364867.696875271,-2.2625571527563585e-05,0.5656123578277573,-1.1884638226352184,-0.886768546857533,1.587048220041222,5.1729013759418574e-09
2026-08-08 20:15:00,G07,G,-26144276.67824208,-4755419.383946061,-3612456.6791016394,-2.2608815840267977e-05,-26144277.11031381,-4755418.170604551,-3612455.838742618,-2.2613823417011345e-05,0.4320717316655501,-1.2133415095105775,-0.8403590203823246,1.537883897810174,5.0075767433636036e-09
2026-08-08 20:30:00,G07,G,-26319439.36085192,-5027126.008128885,-799626.4806021651,-2.259646495408243e-05,-26319439.611065697,-5027124.772195186,-799625.9482961987,-2.26020753064591e-05,0.2502137770781844,-1.235933699259843,-0.5323059664214282,1.368754428337568,5.610352376668441e-09
2026-08-08 20:45:00,G07,G,-26198183.154176347,-5232726.369187758,2026647.5357384183,-2.2585137581716895e-05,-26198183.302249245,-5232725.179556955,2026647.9900836009,-2.2590327195906856e-05,0.1480728995043195,-1.1896308036466023,-0.4543451823925826,1.2820205058094143,5.189614189958198e-09
2026-08-08 21:00:00,G07,G,-25774988.928635675,-5408847.6359811695,4819032.012656115,-2.2573203594819683e-05,-25774988.908132598,-5408846.540404259,4819032.232430053,-2.257857908535461e-05,-0.0205030812055214,-1.095576910482916,-0.2197739383260522,1.117591037495181,5.375490534930265e-09
2026-08-08 21:15:00,G07,G,-25052768.518812563,-5592599.86712734,7530558.659790622,-2.256227196140155e-05,-25052768.27522958,-5592598.900984252,7530558.660166013,-2.256683097480237e-05,-0.2435829831396231,-0.9661430882152006,-0.0003753905408607,0.996376072323729,4.559013400817915e-09
2026-08-08 21:30:00,G07,G,-24042847.82715212,-5820005.110266185,10115359.10141359,-2.2550884389488196e-05,-24042847.43114369,-5820004.197805058,10115358.758936616,-2.255508286425013e-05,-0.3960084325716905,-0.9124611271345876,0.3424769753650504,1.0519973696995646,4.198474761933054e-09
2026-08-08 21:45:00,G07,G,-22764653.302179143,-6124456.626940142,12529399.27512828,-2.253861484537775e-05,-22764652.869576488,-6124455.768637414,12529398.653145025,-2.2543334753697883e-05,-0.4326026543079416,-0.8583027278893813,0.6219832558428294,1.1448544884680658,4.719908320132076e-09
2026-08-08 22:00:00,G07,G,-21245107.59247646,-6535265.309242429,14731207.183275336,-2.2526730143972275e-05,-21245107.04920433,-6535264.565230551,14731206.276251229,-2.253158664314564e-05,-0.5432721285585266,-0.7440118778710192,0.9070241074234884,1.2928228848257013,4.856499173366578e-09
2026-08-08 22:15:00,G07,G,-19517749.87066592,-7076347.624266344,16682581.427199626,-2.2513909636772667e-05,-19517749.2431587,-7076346.98382665,16682580.270624047,-2.25198385325934e-05,-0.6275072163613177,-0.640439694160863,1.1565755798833384,1.4634190720449387,5.928895820729866e-09
2026-08-08 22:30:00,G07,G,-17621608.90624135,-7765106.44264248,18349270.054150004,-2.2502224966349307e-05,-17621608.13560516,-7765106.0582183795,18349268.755905643,-2.2508090422041157e-05,-0.7706361883555273,-0.3844241007009361,1.298244359494657,1.5579154152143666,5.865455691848684e-09
2026-08-08 22:45:00,G07,G,-15599863.495297523,-8611552.739777869,19701606.280488465,-2.2489897859966017e-05,-15599862.569834186,-8611552.55802663,19701604.82769945,-2.249634231148891e-05,-0.925463338539481,-0.1817512382541731,1.452789017551012,1.732083090704485,6.444451522893833e-09
2026-08-08 23:00:00,G07,G,-13498337.09581748,-9617705.262658125,20715086.125308383,-2.2478114440833025e-05,-13498336.17338944,-9617705.257296428,20715084.69488346,-2.2484594200936668e-05,-0.9224280421259348,-0.0053616956154489,1.430424923642589,1.7020627787652445,6.4797601036444325e-09
2026-08-08 23:15:00,G07,G,-11363880.76292383,-10777300.225807438,21370875.237725813,-2.246609407226568e-05,-11363879.734337052,-10777300.349723034,21370873.868287258,-2.2472846090384425e-05,-1.0285867765828596,0.1239155961698524,1.3694385548397556,1.7171801849010622,6.752018118744542e-09
2026-08-08 23:30:00,G07,G,-9242702.671111058,-12075828.566785498,21656228.10414277,-2.245410707833244e-05,-9242701.674388248,-12075828.881219016,21656226.88775379,-2.246109797983218e-05,-0.9967228118139324,0.3144335196685059,1.2163889839991375,1.6037228445949914,6.990901499740314e-09
2026-08-08 23:45:00,G07,G,-7178712.317360209,-13490908.072312417,21564807.80319953,-2.2442136173513945e-05,-7178711.275768531,-13490908.483193466,21564806.79878769,-2.2449349869279945e-05,-1.0415916785344477,0.4108810518724957,1.004411839066453,1.5041873573584212,7.213695766001227e-09
2026-08-08 00:00:00,G08,G,-20574174.324614003,7591145.891858753,-14991278.375684258,-1.1242951472033028e-05,-20574174.750359617,7591144.371237471,-14991277.764030231,-1.1247953764518133e-05,0.4257456148789656,1.5206212817503868,-0.6116540237472041,1.6934193384590257,5.00229248510402e-09
2026-08-08 00:15:00,G08,G,-22104839.15915969,7203649.729188899,-12778748.801754028,-1.1236673957703384e-05,-22104839.760458592,7203648.257048296,-12778747.979555516,-1.1242347108317204e-05,0.6012988968886678,1.4721406026472017,-0.8221985122161171,1.79018678099588,5.673150613820966e-09
2026-08-08 00:30:00,G08,G,-23393252.59694371,6907901.010886971,-10345620.148932371,-1.1230459974999908e-05,-23393253.30177612,6907899.711981352,-10345619.18313971,-1.1236740452116278e-05,0.7048324089069995,1.2989056188689068,-0.9657926621637152,1.765417796914979,6.280477116370695e-09
2026-08-08 00:45:00,G08,G,-24411038.901104152,6673588.489761243,-7733241.951176055,-1.1224076817249266e-05,-24411039.635309577,6673587.259721295,-7733240.890319528,-1.1231133795915353e-05,0.7342054241734104,1.2300399478679662,-1.060856527170253,1.7825466191593464,7.056978666084763e-09
2026-08-08 01:00:00,G08,G,-25137504.141885057,6466420.25599896,-4986420.719809843,-1.1218546132854072e-05,-25137504.88111293,6466419.121553561,-4986419.634500521,-1.1225527139714426e-05,0.7392278704085655,1.1344453986592196,-1.085309322295768,1.7353156865509969,6.981006860353177e-09
2026-08-08 01:15:00,G08,G,-25560419.982978404,6249630.937730241,-2152659.059343108,-1.1212562448560291e-05,-25560420.802269444,6249629.866905211,-2152658.0017671613,-1.12199204835135e-05,0.8192910390963617,1.0708250297487316,-1.0575759464558558,1.7135842359224618,7.3580349532083184e-09
2026-08-08 01:30:00,G08,G,-25676490.89642281,5985610.714959838,718678.052272183,-1.1206684726885274e-05,-25676491.71471441,5985609.803516768,718678.9651763216,-1.1214313827312573e-05,0.8182916018212203,0.9114430709385196,-0.9129041385029728,1.52765296558768,7.629100427298051e-09
2026-08-08 01:45:00,G08,G,-25491478.99737604,5637592.303080339,3577253.76615523,-1.1200808296339067e-05,-25491479.81687439,5637591.559311303,3577254.5298973783,-1.1208707171111646e-05,0.819498350271353,0.7437690352987374,-0.7637421485374454,1.3446456757894538,7.898874772578132e-09
2026-08-08 02:00:00,G08,G,-25019977.44744387,5171324.485176682,6372689.570396123,-1.1195202952966933e-05,-25019978.322827324,5171323.929030364,6372690.020791534,-1.120310051491072e-05,0.8753834547822691,0.5561463169118728,-0.4503954108114328,1.130686050502606,7.897561943787034e-09
2026-08-08 02:15:00,G08,G,-24284836.09280682,4556662.248392746,9055513.032486934,-1.1189664301452372e-05,-24284836.924512573,4556661.803732666,9055513.218079662,-1.1197493858709794e-05,0.831705751257497,0.4446600798315117,-0.185592726980954,0.9611980563748508,7.829557257421976e-09
2026-08-08 02:30:00,G08,G,-23316258.832159933,3769003.327060854,11578103.61329305,-1.1183803511193477e-05,-23316259.546786863,3769003.103229698,11578103.45891877,-1.1191887202508867e-05,0.7146269299888699,0.2238311564418023,0.1543742797261248,0.7646067315295828,8.083691315391244e-09
2026-08-08 02:45:00,G08,G,-22150608.568061803,2790509.1594539974,13895611.340733914,-1.1177833570214134e-05,-22150609.276872437,2790509.1287712893,13895610.76926474,-1.118628054630794e-05,0.7088106324760156,0.0306827080388404,0.5714691749062984,0.9110054660383392,8.446976093805764e-09
2026-08-08 03:00:00,G08,G,-20828968.27674887,1611053.3960989723,15966827.308322763,-1.1172254297558464e-05,-20828968.92410025,1611053.4758564886,15966826.381146036,-1.1180673890107014e-05,0.6473513803808137,-0.0797575161125356,0.9271767286012214,1.1336144658203022,8.419592548550821e-09
2026-08-08 03:15:00,G08,G,-19395516.581182733,228855.92426971972,17754983.935548503,-1.1166394181737176e-05,-19395517.126176357,228856.21892677437,17754982.89966855,-1.1175067233906087e-05,0.5449936206286576,-0.2946570545904524,1.0358799559993976,1.207016201045855,8.673052168913811e-09
2026-08-08 03:30:00,G08,G,-17895788.189356692,-1349226.5191491465,19228465.382854555,-1.1160850430717765e-05,-17895788.601933613,-1349226.061964332,19228464.12364561,-1.1169460577705162e-05,0.4125769196551478,-0.4571848143863457,1.2592089389879353,1.401729225337308,8.610146987397461e-09
2026-08-08 03:45:00,G08,G,-16374892.22198299,-3107768.9625439206,20361408.36459784,-1.1155541024199944e-05,-16374892.551768351,-3107768.413276232,20361407.0305951,-1.1163853921504234e-05,0.3297853612363898,-0.5492676888303422,1.3340027419083456,1.4798704990295015,8.312897304290121e-09
2026-08-08 04:00:00,G08,G,-14875764.755667016,-5023202.382127863,21134182.884377968,-1.1150337590519822e-05,-14875765.013779636,-5023201.621410817,21134181.60303271,-1.1158247265303307e-05,0.2581126187854319,-0.7607170462668241,1.2813452582766258,1.512335352812063,7.909674783486431e-09
2026-08-08 04:15:00,G08,G,-13437529.010467226,-7064574.898426576,21533739.130316146,-1.1145779023908655e-05,-13437529.100761198,-7064574.074811684,21533737.85557893,-1.1152640609102383e-05,0.0902939710908025,-0.8236148913207659,1.2747372121002392,1.5203451747329466,6.861585193727263e-09
2026-08-08 04:30:00,G08,G,-12094031.704628544,-9194618.945290798,21553814.511902515,-1.1140728844843924e-05,-12094031.598360691,-9194618.073280817,21553813.451526333,-1.1147033952901458e-05,-0.1062678533732005,-0.8720099826496345,1.0603761818571344,1.376986533540208,6.305108057533494e-09
2026-08-08 04:45:00,G08,G,-10872615.997138254,-11371074.931055276,21195000.38189718,-1.1135687231959683e-05,-10872615.737982234,-11371073.99586622,21194999.48613555,-1.114142729670053e-05,-0.2591560211362196,-0.9351890545504268,0.8957616302044834,1.3206548789099564,5.740064740847838e-09
2026-08-08 05:00:00,G08,G,-9793179.03049053,-13548215.8832775,20464666.78170233,-1.1130960137057764e-05,-9793178.595237946,-13548214.907106906,20464666.16859378,-1.1135820640499603e-05,-0.4352525853945601,-0.9761705942199304,0.6131085476611765,1.2321752851471814,4.860503441837536e-09
2026-08-08 05:15:00,G08,G,-8867548.84001541,-15678507.34050089,19376754.291967783,-1.1125908880239476e-05,-8867548.177306782,-15678506.315122552,19376754.06672973,-1.1130213984298678e-05,-0.6627086264874971,-1.0253783371993437,0.2252380504385659,1.2414973368412845,4.305104059201536e-09
2026-08-08 05:30:00,G08,G,-8099201.423661138,-17714332.23240154,17951440.010053597,-1.112068452457982e-05,-8099200.617113536,-17714331.209224712,17951440.115731712,-1.1124607328097752e-05,-0.8065476020534195,-1.023176825250984,-0.1056781141328643,1.3071257452576943,3.922803517932548e-09
2026-08-08 05:45:00,G08,G,-7483323.776104035,-19609710.358985603,16214690.15431589,-1.11152295925302e-05,-7483322.794551743,-19609709.306722544,16214690.588130346,-1.1119000671896823e-05,-0.9815522918016372,-1.0522630604790943,-0.4338144542754907,1.5029628840155096,3.7710793666246875e-09
2026-08-08 06:00:00,G08,G,-7007212.139823415,-21321942.52206197,14197714.80876127,-1.110953650162263e-05,-7007210.943292432,-21321941.530349158,14197715.566191316,-1.1113394015695898e-05,-1.196530982652119,-0.9917128143527688,-0.7574300445754059,1.7288380407150454,3.857514073268288e-09
2026-08-08 06:15:00,G08,G,-6650983.409654646,-22813116.763446797,11936340.18697915,-1.1104522613975568e-05,-6650982.094002353,-22813115.83509153,11936341.080199435,-1.1107787359494972e-05,-1.3156522929170915,-0.928355258850626,-0.8932202863891467,1.8413655048660824,3.2647455194055142e-09
2026-08-08 06:30:00,G08,G,-6388564.518851344,-24051418.917302668,9470314.880798675,-1.1098993295068007e-05,-6388563.154974524,-24051418.168394584,9470315.9527593,-1.1102180703294049e-05,-1.36387681959657,-0.7489080839689257,-1.0719606246917808,1.889476879497724,3.187408226038242e-09
2026-08-08 06:45:00,G08,G,-6188913.988892007,-25012202.66178341,6842569.373898821,-1.1094115067079977e-05,-6188912.497471816,-25012202.03235906,6842570.541810307,-1.109657404709312e-05,-1.4914201904662567,-0.6294243486750383,-1.1679114855883497,1.9961278599840708,2.4589800131441027e-09
2026-08-08 07:00:00,G08,G,-6017422.868595926,-25678781.61459029,4098442.885160593,-1.10890524047992e-05,-6017421.390906174,-25678781.21030644,4098444.068041985,-1.1090967390892192e-05,-1.4776897519089194,-0.4042838518269283,-1.182881391143924,1.93551564738166,1.9149860929934446e-09
2026-08-08 07:15:00,G08,G,-5837439.108073723,-26042922.4653002,1284895.009113848,-1.108385100066069e-05,-5837437.653070928,-26042922.09975394,1284896.1474046493,-1.1085360734691269e-05,-1.4550027950376427,-0.365546258658011,-1.1382908014331814,1.883179000895458,1.5097340305755914e-09
2026-08-08 07:30:00,G08,G,-5611852.927306373,-26105024.39450051,-1550284.3502683314,-1.1078011302226609e-05,-5611851.421240903,-26105024.16877905,-1550283.343453542,-1.107975407849034e-05,-1.5060654691391924,-0.2257214615370035,-1.0068147895398607,1.8256120606437864,1.7427762637344402e-09
2026-08-08 07:45:00,G08,G,-5304684.371922456,-25873988.84851769,-4359254.48629652,-1.107260842588098e-05,-5304682.860995455,-25873988.80170892,-4359253.713436294,-1.1074147422289414e-05,-1.5109270012127407,-0.0468087664708263,-0.7728602257490594,1.6977645278886977,1.5389964084323175e-09
2026-08-08 08:00:00,G08,G,-4882615.155414837,-25366787.697699256,-7094882.281113597,-1.1067094021460276e-05,-4882613.664979191,-25366787.797105048,-7094881.756444973,-1.1068540766088489e-05,-1.4904356470672249,0.0994057911292273,-0.5246686234211559,1.583211007339633,1.4467446282100863e-09
2026-08-08 08:15:00,G08,G,-4316409.510273239,-24607752.434839576,-9711470.529435623,-1.1061541029086506e-05,-4316408.047687316,-24607752.70857884,-9711470.316603769,-1.106293410988756e-05,-1.462585922359632,0.2737392636422597,-0.2128318565764777,1.5031261304088133,1.393080801055931e-09
2026-08-08 08:30:00,G08,G,-3582175.6643772456,-23627614.35398705,-12165450.10376746,-1.105639397855426e-05,-3582174.2854896635,-23627614.86823979,-12165450.24206918,-1.1057327453686636e-05,-1.3788875821634448,0.5142527416169791,0.1383017191682829,1.478145531410907,9.334751323745688e-10
2026-08-08 08:45:00,G08,G,-2662425.7281401195,-22462332.439604573,-14416029.78596353,-1.104992755470957e-05,-2662424.362252185,-22462333.19252048,-14416030.289464368,-1.1051720797485709e-05,-1.365887934225117,0.7529159047040292,0.5035008385027169,1.6389158925310912,1.7932427761394696e-09
2026-08-08 09:00:00,G08,G,-1546897.9541875755,-21151751.84694508,-16425799.86835602,-1.104461824877836e-05,-1546896.671578515,-21151752.70771751,-16425800.630601482,-1.104611414128478e-05,-1.2826090601061215,0.8607724345616797,0.7622454612933874,1.722507860193944,1.495892506422236e-09
2026-08-08 09:15:00,G08,G,-233116.04300845184,-19738140.10768957,-18161285.29379629,-1.1039177856128992e-05,-233114.7554707844,-19738141.16779808,-18161286.311000284,-1.1040507485083856e-05,-1.2875376674613963,1.060108503926347,1.0172039939619584,1.9535319937387896,1.3296289548650102e-09
2026-08-08 09:30:00,G08,G,1273335.2971904955,-18264653.00318936,-19593446.041673463,-1.1033848864246224e-05,1273336.4636255968,-18264654.21604688,-19593447.311796565,-1.103490082888293e-05,-1.1664351013245866,1.2128575169474396,1.2701231005179192,2.108271067127579,1.0519646367053158e-09
2026-08-08 09:45:00,G08,G,2958825.6647677384,-16773780.030988747,-20698120.44007536,-1.1027710396979768e-05,2958826.718592963,-16773781.31289107,-20698121.80640593,-1.1029294172682005e-05,-1.0538252245420272,1.2819023227632018,1.3663305769380871,2.149576798921758,1.583775702238736e-09
2026-08-08 10:00:00,G08,G,4801988.620446765,-15305823.716295317,-21456407.458479177,-1.10215216007187e-05,4801989.487625149,-15305825.145119011,-21456408.848402813,-1.1023687516481076e-05,-0.8671783845956238,1.4288236953210458,1.389923636603802,2.1738038592777187,2.1659157623778957e-09
2026-08-08 10:15:00,G08,G,6774315.152999948,-13897464.868920494,-21854984.854836285,-1.1015355513731523e-05,6774315.856235335,-13897466.44819422,-21854986.173622567,-1.101808086028015e-05,-0.7032353867389888,1.5792737256068534,1.318786281837374,2.1743603120726176,2.7253465486244475e-09
2026-08-08 10:30:00,G08,G,8841015.356566776,-12580462.446921011,-21886357.066814885,-1.100877658266606e-05,8841015.815772656,-12580464.083878333,-21886358.16473686,-1.1012474204079225e-05,-0.4592058800993153,1.6369573200198189,1.0979219731867156,2.0238408947075026,3.6976214131644565e-09
2026-08-08 10:45:00,G08,G,10962120.442516072,-11380535.12799126,-21549027.539719883,-1.1002779343120702e-05,10962120.76490705,-11380536.76668349,-21549028.439792387,-1.10068675478783e-05,-0.3223909800725847,1.6386922276685842,0.9000725042316516,1.8972028552391085,4.088204757596305e-09
2026-08-08 11:00:00,G08,G,13093792.209572054,-10316466.308232997,-20847590.44770604,-1.0997331286726758e-05,13093792.425644573,-10316467.963971518,-20847591.11894165,-1.1001260891677372e-05,-0.2160725180082394,1.6557385216173826,0.6712356103358659,1.7996429172447237,3.9296049506137855e-09
2026-08-08 11:15:00,G08,G,15189795.37674128,-9399467.50918345,-19792734.31451971,-1.0991680679380282e-05,15189795.418932185,-9399469.16003518,-19792734.71925881,-1.0995654235476445e-05,-0.0421909032712738,1.6508517307757695,0.4047391005134709,1.7002662288031996,3.973556096163142e-09
2026-08-08 11:30:00,G08,G,17203083.702413183,-8632827.250305258,-18401152.884161424,-1.0985569555611882e-05,17203083.669275764,-8632828.869992295,-18401152.93145385,-1.099004757927552e-05,0.0331374192589759,1.6196870382694264,0.0472924259480248,1.6207161269158707,4.478023663637476e-09
2026-08-08 11:45:00,G08,G,19087445.174145058,-8011863.913337127,-16695357.653088983,-1.0979958734827636e-05,19087444.972085584,-8011865.578684567,-16695357.322728423,-1.0984440923074594e-05,0.2020594754741174,1.6653474396370278,-0.3303605616477706,1.7097801692108578,4.482188246957361e-09
2026-08-08 12:00:00,G08,G,20799144.283762187,-7524190.619027488,-14703388.977801682,-1.097456170653057e-05,20799143.83633691,-7524192.317884399,-14703388.330669245,-1.0978834266873666e-05,0.4474252778126459,1.6988569105691438,-0.6471324403941014,1.87218711063416,4.2725603430971986e-09
2026-08-08 12:15:00,G08,G,22298501.062608283,-7150287.509578527,-12458423.641129805,-1.0968279855069747e-05,22298500.47840739,-7150289.143846924,-12458422.768096255,-1.097322761067274e-05,0.5842008919068713,1.63426839696497,-0.8730335496784528,1.9427587226126144,4.947755602989936e-09
2026-08-08 12:30:00,G08,G,23551344.53086105,-6864366.172348768,-9998279.40835189,-1.0962591083422894e-05,23551343.919693142,-6864367.710674867,-9998278.41027102,-1.0967620954471814e-05,0.6111679040936414,1.5383260983976716,-0.9980808709408806,1.9329094176768151,5.029871048919222e-09
2026-08-08 12:45:00,G08,G,24530280.528915018,-6635498.60518299,-7364820.0603923425,-1.0957287169722594e-05,24530279.779978286,-6635499.932772459,-7364819.004685521,-1.0962014298270888e-05,0.7489367315404503,1.32758946918771,-1.055706821334073,1.854162053101047,4.727128548293682e-09
2026-08-08 13:00:00,G08,G,25215719.517439395,-6428969.81850077,-4603267.199479207,-1.0951228553971028e-05,25215718.6929855,-6428970.95739455,-4603266.113319563,-1.095640764206996e-05,0.8244538946813574,1.1388937796535037,-1.0861596442142083,1.7766671152774338,5.17908809893379e-09
2026-08-08 13:15:00,G08,G,25596620.238443457,-6207804.920749754,-1761428.4996508665,-1.0945786680608596e-05,25596619.28530406,-6207805.945283107,-1761427.4206256447,-1.0950800985869034e-05,0.953139397518864,1.0245333538457246,-1.079025221520406,1.7670423687399668,5.014305260437337e-09
2026-08-08 13:30:00,G08,G,25670911.267342504,-5934410.25548965,1111144.7955978578,-1.0940135486061518e-05,25670910.172494583,-5934411.115409107,1111145.6505640517,-1.0945194329668108e-05,1.0948479195575314,0.8599194570571169,-0.854966193805642,1.633744359480812,5.058843606589589e-09
2026-08-08 13:45:00,G08,G,25445569.322133355,-5572262.0250358535,3964054.5516089615,-1.093462423056918e-05,25445568.08010632,-5572262.744768973,3964055.157024652,-1.0939587673467184e-05,1.2420270367410091,0.7197331196801227,-0.6054156908144426,1.5579393705290534,4.963442898000845e-09
2026-08-08 14:00:00,G08,G,24936344.71233272,-5087573.336845306,6746989.798577654,-1.092926564350163e-05,24936343.470374875,-5087573.836620565,6746990.18218606,-1.0933981017266255e-05,1.2419578482572664,0.499775258924166,-0.3836084058251882,1.3926198387572537,4.715373764625745e-09
2026-08-08 14:15:00,G08,G,24167141.49502882,-4450867.139241128,9410676.051258786,-1.0923633824402031e-05,24167140.2838831,-4450867.359073342,9410676.092829594,-1.0928374361065328e-05,1.2111457198925022,0.2198322134991197,-0.0415708078870244,1.2316364272683031,4.7405366632971074e-09
2026-08-08 14:30:00,G08,G,23169072.9255471,-3638387.4790870254,11907817.685827002,-1.0918006628051394e-05,23169071.822476283,-3638387.518476568,11907817.441475084,-1.0922767704864404e-05,1.103070816915784,0.0393895420066597,0.2443519181417803,1.1304975112977105,4.76107681300911e-09
2026-08-08 14:45:00,G08,G,21979230.595698845,-2633286.572993863,14194012.458965495,-1.0913263686289783e-05,21979229.58406809,-2633286.479334574,14194011.779866954,-1.0917161048663475e-05,1.011630757038109,-0.0936592889095755,0.6790985433491863,1.2220244197901822,3.897362373691969e-09
2026-08-08 15:00:00,G08,G,20639216.102840103,-1426533.3569038932,16228612.784628851,-1.0907776940471588e-05,20639215.192419924,-1426533.076078713,16228611.815514518,-1.091155439246255e-05,0.9104201797576592,-0.2808251801591037,0.9691143357918204,1.3590107730840777,3.777451990962545e-09
2026-08-08 15:15:00,G08,G,19193497.534590077,-17502.440517429168,17975515.514246926,-1.0902060867885386e-05,19193496.686330628,-17501.979289606214,17975514.36513214,-1.0905947736261624e-05,0.848259445987953,-0.4612278229555515,1.1491147824440973,1.500913047317416,3.8868683762386965e-09
2026-08-08 15:30:00,G08,G,17687659.51023004,1585783.4571580477,19403857.67868521,-1.0896081345129528e-05,17687658.698899534,1585784.105985947,19403856.40815236,-1.0900341080060695e-05,0.8113305061942956,-0.6488278993351813,1.2705328510554277,1.6411851080387698,4.259734931169672e-09
2026-08-08 15:45:00,G08,G,16166621.72706422,3366770.262327554,20488602.494229104,-1.0891451349193912e-05,16166620.987068323,3366771.052285566,20488601.14763811,-1.0894734423859772e-05,0.7399958968381632,-0.7899580112963779,1.346590996361757,1.7276964138503024,3.2830746658584012e-09
2026-08-08 16:00:00,G08,G,14672901.638819436,5300843.46692174,21211001.630194005,-1.088646485018041e-05,14672901.080882069,5300844.361783412,21211000.23179625,-1.0889127767658846e-05,0.5579373678730628,-0.8948616721442584,1.398397756058116,1.751453054720655,2.6629174784359554e-09
2026-08-08 16:15:00,G08,G,13244994.796370229,7356133.327619585,21558923.3047727,-1.0881833607488416e-05,13244994.44573422,7356134.316727821,21558922.02974104,-1.088352111145792e-05,0.3506360090464943,-0.9891082353053924,1.2750316641496706,1.6513589726565447,1.6875039695019923e-09
2026-08-08 16:30:00,G08,G,11915939.892838776,9494618.995141918,21527041.020865463,-1.0876487029995018e-05,11915939.64668963,9494620.014389943,21527039.917369265,-1.0877914455256992e-05,0.2461491460539689,-1.019248028095392,1.103496201293196,1.522221997984511,1.4274252619735744e-09
2026-08-08 16:45:00,G08,G,10712126.967433097,11673482.948745042,21116879.66968325,-1.0870966481388648e-05,10712126.938881796,11673484.081177048,21116878.72461005,-1.0872307799056066e-05,0.0285513016366712,-1.1324320066061595,0.9450732022129856,1.4752561757038365,1.3413176674177248e-09
2026-08-08 17:00:00,G08,G,9652396.868873635,13846658.223894335,20336722.316927444,-1.0866090311078478e-05,9652397.030104809,13846659.40392932,20336721.630453262,-1.086670114285514e-05,-0.1612311731870154,-1.180034984137586,0.6864741769140104,1.3746726339625817,6.108317766627874e-10
2026-08-08 17:15:00,G08,G,8747462.801759994,15966500.579913909,19201384.10650178,-1.0861308360777064e-05,8747463.158419318,15966501.779348696,19201383.68003449,-1.0861094486654212e-05,-0.3566593247335114,-1.1994347879379197,0.426467291812474,1.322015141903039,-2.1387412285033218e-10
2026-08-08 17:30:00,G08,G,7999674.386268762,17985517.043410286,17731861.684678666,-1.0856042812787236e-05,7999674.874141363,17985518.252563007,17731861.569184583,-1.0855487830453286e-05,-0.4878726016451472,-1.209152719017106,0.1154940832776338,1.3089724430310234,-5.549823339480238e-10
2026-08-08 17:45:00,G08,G,7403126.05843221,19858078.981066886,15954872.035660256,-1.0850728871369252e-05,7403126.818643261,19858080.171992697,15954872.25443696,-1.084988117425236e-05,-0.7602110506345146,-1.190925809437312,-0.2187767054733571,1.429716185803506,-8.4769711689286e-10
2026-08-08 18:00:00,G08,G,6944100.219213883,21542051.324948624,13902294.687226493,-1.0844929261012762e-05,6944101.133586116,21542052.505340323,13902295.194888592,-1.0844274518051437e-05,-0.9143722325692047,-1.1803917001157749,-0.50766209981534,1.5770611760438216,-6.547429613258792e-10
2026-08-08 18:15:00,G08,G,6601817.643593315,23000275.29613589,11610533.835302567,-1.0839980777563625e-05,6601818.618374629,23000276.433570173,11610534.553140726,-1.0838667861850508e-05,-0.974781313529646,-1.1374342826458443,-0.7178381563200009,1.661098123294812,-1.3129157131148391e-09
2026-08-08 18:30:00,G08,G,6349460.852578962,24201849.17231849,9119817.626963,-1.083468161922873e-05,6349461.966533748,24201850.210777737,9119818.457995996,-1.083306120564958e-05,-1.1139547856858538,-1.0384592502139376,-0.8310329952441189,1.7349088500816754,-1.6204135791495963e-09
2026-08-08 18:45:00,G08,G,6155423.644224639,25123162.15255864,6473451.550632257,-1.0829789538214664e-05,6155424.790161052,25123163.18832631,6473452.489312272,-1.0827454549448657e-05,-1.1459364124844271,-1.035767670589642,-0.9386800147212048,1.8075135127941293,-2.334988766009772e-09
2026-08-08 19:00:00,G08,G,5984731.772614928,25748648.203809883,3717043.084263794,-1.082429412037825e-05,5984732.958582388,25748649.13659123,3717043.9554431527,-1.082184789324773e-05,-1.1859674607051698,-0.932781345468384,-0.8711793585051252,1.7422839409782434,-2.44622713052084e-09
2026-08-08 19:15:00,G08,G,5800578.926379193,26071236.14905844,897711.6188167719,-1.081892504976588e-05,5800580.141885084,26071236.935941383,897712.402048022,-1.0816241237046802e-05,-1.2155058913262728,-0.7868829457498228,-0.7832312501849292,1.646235260655974,-2.6838127190771508e-09
2026-08-08 19:30:00,G08,G,5565916.072577326,26092488.07814092,-1936700.4045847808,-1.0813817786993656e-05,5565917.3214433305,26092488.767033026,-1936699.749042285,-1.0810634580845877e-05,-1.248866004494788,-0.6888921049168737,-0.6555424956446673,1.5697052567267575,-3.183206147781742e-09
2026-08-08 19:45:00,G08,G,5245035.041779276,25822427.015271444,-4738404.735617055,-1.0808155674322134e-05,5245036.242812164,25822427.599562407,-4738404.330807443,-1.080502792464495e-05,-1.2010328878543508,-0.5842909617611456,-0.404809611952853,1.3956169774092553,-3.127749677184736e-09
2026-08-08 20:00:00,G08,G,4805087.875626862,25279066.21825912,-7460422.299946992,-1.0802711433576966e-05,4805089.0851366175,25279066.646628745,-7460422.133791607,-1.0799421268444024e-05,-1.209509755612589,-0.428369621201821,-0.1661553845061785,1.2938400183527377,-3.290165132942614e-09
2026-08-08 20:15:00,G08,G,4217489.471418626,24487662.88472444,-10057306.690357603,-1.0797164463485682e-05,4217490.694570121,24487663.21621984,-10057306.839121183,-1.0793814612243097e-05,-1.2231514958249758,-0.331495399684761,0.1487635791049357,1.2759778149400347,-3.3498512425852183e-09
2026-08-08 20:30:00,G08,G,3459153.989765169,23479727.77149155,-12485831.004142877,-1.0791562232092025e-05,3459155.247226353,23479727.857363757,-12485831.519345457,-1.078820795604217e-05,-1.2574611836495906,-0.0858722032586338,0.5152025826554223,1.3616226954823936,-3.354276049855153e-09
2026-08-08 20:45:00,G08,G,2513524.656196422,22291826.90755353,-14705631.594742147,-1.0786088796676556e-05,2513525.8519983348,22291826.76700337,-14705632.43998202,-1.0782601299841244e-05,-1.195801912619816,0.1405501608639784,0.8452398743451173,1.4710972119907817,-3.4874968353121203e-09
2026-08-08 21:00:00,G08,G,1371362.014362924,20964221.34961277,-16679804.866131838,-1.078082305327152e-05,1371363.0924575515,20964221.070337817,-16679805.932367882,-1.0776994643640318e-05,-1.0780946274443275,0.2792749565497236,1.0662360431988884,1.5417982445497191,-3.828409631202695e-09
2026-08-08 21:15:00,G08,G,31265.62406396105,19539391.206035167,-18375453.390952893,-1.07757147570997e-05,31266.60557608679,19539390.83724248,-18375454.751585595,-1.0771387987439391e-05,-0.9815121257365876,0.3687926874816294,1.36063270345805,1.7177588460047115,-4.326769660306381e-09
2026-08-08 21:30:00,G08,G,-1500088.536927028,18060495.14178017,-19764179.000695795,-1.0770488621722444e-05,-1500087.679650981,18060494.598166503,-19764180.58301927,-1.0765781331238466e-05,-0.8572760471467414,0.5436136724112313,1.5823234773315802,1.8799429865713135,-4.707290483978731e-09
2026-08-08 21:45:00,G08,G,-3208003.976487402,16569817.294059616,-20822517.675554417,-1.0764953459197853e-05,-3208003.2069107164,16569816.721070103,-20822519.25591245,-1.0760174675037538e-05,-0.7695766853277728,0.5729895133984475,1.5803580317066572,1.848809553589664,-4.778784160313755e-09
2026-08-08 22:00:00,G08,G,-5070111.528070854,15107255.930513252,-21532313.299520355,-1.0759168916384328e-05,-5070110.930501714,15107255.333354618,-21532314.83404213,-1.0754568018836611e-05,-0.5975691396363033,0.5971586357269205,1.5345217718434625,1.7516975712521003,-4.600897547714095e-09
2026-08-08 22:15:00,G08,G,-7057000.850019169,13708903.127880247,-21881026.76654597,-1.0753426326411596e-05,-7057000.422599055,13708902.516505448,-21881028.18177144,-1.0748961362635687e-05,-0.4274201143571058,0.6113748000837735,1.415225472451184,1.5997906857489803,-4.464963775908837e-09
2026-08-08 22:30:00,G08,G,-9133115.738020562,12405766.870888822,-21861973.712054417,-1.074735060485509e-05,-9133115.40387326,12405766.232774734,-21861974.967769887,-1.074335470643476e-05,-0.3341472999443339,0.6381140866768577,1.255715469182257,1.447641304059519,-3.995898420329566e-09
2026-08-08 22:45:00,G08,G,-11257886.57052801,11222680.559052514,-21474486.54844753,-1.0741498882370376e-05,-11257886.286684323,11222679.8072779,-21474487.49876674,-1.0737748050233831e-05,-0.2838436868861397,0.7517746140352417,0.9503192090525544,1.244523566666066,-3.7508321365451424e-09
2026-08-08 23:00:00,G08,G,-13387064.08501965,10177440.465243235,-20723993.725641876,-1.0735459409292346e-05,-13387063.827936284,10177439.725056749,-20723994.402858723,-1.0732141394032907e-05,-0.2570833653191932,0.7401864858709876,0.6772168486699993,1.0356594762335776,-3.3180152594381252e-09
2026-08-08 23:15:00,G08,G,-15474210.226174174,9280206.793139976,-19622011.68267945,-1.0729518355232805e-05,-15474210.122461434,9280205.969199294,-19622012.127642773,-1.0726534737831982e-05,-0.1037127395627665,0.8239406825345632,0.4449633206872062,0.9421395530600132,-2.983617400821996e-09
2026-08-08 23:30:00,G08,G,-17472296.19413845,8533191.931419505,-18186042.494511053,-1.0723606084953866e-05,-17472296.237225726,8533191.126428448,-18186042.584929,-1.0720928081631056e-05,0.043087277299248,0.8049910571421157,0.090417945484671,0.811198200447654,-2.678003322811489e-09
2026-08-08 23:45:00,G08,G,-19335350.01909999,7930655.911926032,-16439372.362868449,-1.0717455229663204e-05,-19335350.145784,7930655.095619424,-16439372.134928271,-1.0715321425430127e-05,0.1266840118087831,0.8163066077790975,-0.2279401757495353,0.8569492636513052,-2.133804233074789e-09
2026-08-08 00:00:00,R01,R,-22879734.175565533,-2921029.467720262,10872283.23920827,-1.4453803055786302e-05,-22879734.821442477,-2921029.19474479,10872282.927988388,-1.444057783917519e-05,0.6458769401532408,-0.2729754719761932,0.3112198828903275,0.767157379960988,-1.3225216611113046e-08
2026-08-08 00:15:00,R01,R,-24011768.326312717,-3148036.824160375,7927826.316980055,-1.4444950428628564e-05,-24011769.227189858,-3148036.9030509465,7927826.522230525,-1.4431595349214912e-05,0.9008771438152242,0.07889057122346,-0.2052504706556397,0.9273247037478304,-1.3355079413651e-08
2026-08-08 00:30:00,R01,R,-24797022.0987264,-3201137.865794646,4828958.259562153,-1.4434458877304432e-05,-24797023.109024245,-3201138.156033616,4828958.989865763,-1.4422612859254636e-05,1.0102978462776278,0.2902389696576142,-0.7303036100274639,1.2799545931478478,-1.1846018049795146e-08
2026-08-08 00:45:00,R01,R,-25202806.68275114,-3127129.440362473,1635869.6647248582,-1.4424868258878536e-05,-25202807.89768033,-3127130.006369376,1635870.8939414914,-1.441363036929436e-05,1.2149291886448503,0.5660069024521812,-1.2292166331363117,1.818623182031868,-1.123788958417668e-08
2026-08-08 01:00:00,R01,R,-25208732.88077409,-2978243.2647030423,-1589164.47349746,-1.4414948638508794e-05,-25208734.273343123,-2978244.0435528858,-1589162.859680298,-1.4404647879334082e-05,1.3925690299015612,0.7788498433244996,-1.6138171618418533,2.2694187390922083,-1.030075917471198e-08
2026-08-08 01:15:00,R01,R,-24807637.479192268,-2809683.419445673,-4783015.387543702,-1.440649881598506e-05,-24807638.984051906,-2809684.3565321537,-4783013.411431454,-1.4395665389373806e-05,1.5048596376459655,0.9370864801954888,-1.9761122476416944,2.654760481787505,-1.083342661125244e-08
2026-08-08 01:30:00,R01,R,-24005969.608242296,-2677023.3818138395,-7882965.128147426,-1.4396565664458044e-05,-24005971.282099918,-2677024.549390096,-7882962.979033793,-1.4386682899413529e-05,1.6738576182074694,1.1675762564062273,-2.149113632437174,2.963734644950871,-9.882765044514914e-09
2026-08-08 01:45:00,R01,R,-22823614.922730517,-2633575.857916463,-10827979.111264683,-1.4385810345480912e-05,-22823616.65531072,-2633577.211471289,-10827976.931257628,-1.4377700409453251e-05,1.73258020809531,1.3535548255331198,-2.180007056266565,3.096187269623657,-8.109936027657858e-09
2026-08-08 02:00:00,R01,R,-21293158.628548164,-2727850.642912803,-13559956.1093828,-1.4376345084813415e-05,-21293160.346369997,-2727852.1877489034,-13559954.00782979,-1.4368717919492975e-05,1.7178218288849685,1.5448361000657596,-2.101553012450415,3.123132318042176,-7.627165320438661e-09
2026-08-08 02:15:00,R01,R,-19458616.68433328,-3001215.8089283737,-16024927.234367505,-1.4367305209080992e-05,-19458618.40403879,-3001217.503107434,-16024925.37747644,-1.43597354295327e-05,1.7197055104668697,1.694179060475335,-1.8568910644085856,3.045599145777996,-7.56977954829172e-09
2026-08-08 02:30:00,R01,R,-17373686.69266642,-3485867.0134166405,-18174175.2713556,-1.4356955412205175e-05,-17373688.41766516,-3485868.822297913,-18174173.772952728,-1.4350752939572424e-05,1.724998741943309,1.808881272571704,-1.498402871677635,2.914255185089049,-6.202472632753601e-09
2026-08-08 02:45:00,R01,R,-15099592.71664458,-4203198.193813117,-19965246.54474032,-1.4347817257349865e-05,-15099594.371867755,-4203200.144675051,-19965245.47050524,-1.4341770449612146e-05,1.6552231772950283,1.950861933837684,-1.0742350754715315,2.774816579330044,-6.046807737718763e-09
2026-08-08 03:00:00,R01,R,-12702617.561255924,-5162648.607375892,-21362830.904676992,-1.433814419091028e-05,-12702619.024539534,-5162650.617039396,-21362830.363297164,-1.433278795965187e-05,1.4632836112729135,2.009663504460043,-0.5413798297479526,2.544216666920576,-5.356231258409311e-09
2026-08-08 03:15:00,R01,R,-10251430.472539604,-6361078.720671611,-22339488.73618371,-1.4328782178992666e-05,-10251431.824464137,-6361080.757901065,-22339488.734438945,-1.4323805469691594e-05,1.3519245311206125,2.0372294542406304,-0.0017447673075163,2.444996284513377,-4.976709301072114e-09
2026-08-08 03:30:00,R01,R,-7814328.668253704,-7782705.036105119,-22876206.92881348,-1.431914052416424e-05,-7814329.845231154,-7782707.113355478,-22876207.438863184,-1.4314822979731318e-05,1.1769774499842436,2.0772503594531946,0.5100497051837882,2.4413921592767327,-4.3175444329208575e-09
2026-08-08 03:45:00,R01,R,-5456512.038379721,-9399596.66544552,-22962771.783340126,-1.4311285542689071e-05,-5456513.009915398,-9399598.66415738,-22962772.88782786,-1.430584048977104e-05,0.971535677058069,1.998711861738229,1.1044877326258598,2.481657476278866,-5.445052918030091e-09
2026-08-08 04:00:00,R01,R,-3237512.029415437,-11172710.562331202,-22597951.8783388,-1.4301405889311918e-05,-3237512.83065788,-11172712.51523887,-22597953.29871469,-1.4296857999810765e-05,0.8012424416378723,1.952907667548528,1.4203758909968,2.5442691445632484,-4.5478895011542775e-09
2026-08-08 04:15:00,R01,R,-1208885.5787177698,-13053420.006824534,-21789486.27659715,-1.429392892977696e-05,-1208886.1385297636,-13053421.85978094,-21789487.911189184,-1.4287875509850487e-05,0.5598119937155662,1.8529564075072675,1.6345920325238554,2.533520876018294,-6.0534199264713086e-09
2026-08-08 04:30:00,R01,R,587728.0176769416,-14985465.403652769,-20553884.307524,-1.428559464064979e-05,587727.6968168505,-14985467.168089705,-20553886.058671635,-1.4278893019890211e-05,0.3208600911847442,1.7644369366223471,1.7511476350962298,2.506532852634382,-6.7016207595774595e-09
2026-08-08 04:45:00,R01,R,2122104.9413501504,-16907241.51922414,-18916042.20275232,-1.4276982341565826e-05,2122105.0052538207,-16907243.088155977,-18916043.909542877,-1.4269910529929935e-05,-0.0639036702310845,1.5689318369088,1.7067905530440757,2.3192164150625367,-7.071811635890177e-09
2026-08-08 05:00:00,R01,R,3376431.0516121024,-18754318.13717801,-16908689.687390313,-1.4268535187910802e-05,3376431.3934728205,-18754319.510263752,-16908691.16446933,-1.4260928039969658e-05,-0.3418607180373084,1.3730857374545915,1.4770790207213744,2.0454817589979672,-7.607147941144548e-09
2026-08-08 05:15:00,R01,R,4345753.228917625,-20462085.080623444,-14571682.671157734,-1.4259218897090551e-05,4345753.821925971,-20462086.21723917,-14571683.855531445,-1.425194555000938e-05,-0.5930083458812705,1.1366157302727231,1.1843737109492816,1.7453639459367805,-7.273347081172532e-09
2026-08-08 05:30:00,R01,R,5037877.859245168,-21968405.924025644,-11951161.781878378,-1.4250098536877628e-05,5037878.745806253,-21968406.79164629,-11951162.520975014,-1.4242963060049104e-05,-0.8865610840763608,0.8676206472539592,0.739096636583185,1.443959826847204,-7.135476828522638e-09
2026-08-08 05:45:00,R01,R,5472727.015775665,-23216168.31098832,-9098597.09111362,-1.4240694460790446e-05,5472728.194287319,-23216168.96020312,-9098597.354480729,-1.4233980570088828e-05,-1.178511653727054,0.649214800964774,0.26336710945529,1.3710331178002382,-6.713890701617119e-09
2026-08-08 06:00:00,R01,R,5681187.368763761,-24155624.604960486,-6069743.638554164,-1.4231176765991296e-05,5681188.73467721,-24155625.02675582,-6069743.426766948,-1.4224998080128552e-05,-1.3659134498598466,0.4217953351821017,-0.211787216529068,1.4451590508918175,-6.178685862742618e-09
2026-08-08 06:15:00,R01,R,5703507.572334106,-24746426.84095531,-2923530.470604107,-1.4222548739653276e-05,5703509.097951066,-24746426.94507944,-2923529.7747487025,-1.4216015590168277e-05,-1.5256169596583202,0.1041241307036032,-0.6958554044665943,1.6800487154000163,-6.533149485001609e-09
2026-08-08 06:30:00,R01,R,5587318.385240976,-24959275.39014248,279092.8355551451,-1.4213801931438654e-05,5587320.008922035,-24959275.195666797,279093.882848958,-1.4207033100207996e-05,-1.6236810591426185,-0.1944756845378022,-1.0472938128279352,1.9419024960287312,-6.7688312306565725e-09
2026-08-08 06:45:00,R01,R,5385361.995375193,-24777118.630527947,3476328.241184586,-1.4204490713189434e-05,5385363.860772775,-24777118.118594803,3476329.7115275757,-1.419805061024772e-05,-1.86539758165568,-0.5119331450207913,-1.4703429892149835,2.4297514664161417,-6.440102941713709e-09
2026-08-08 07:00:00,R01,R,5153029.990836344,-24195858.634510152,6606699.837463122,-1.4196541231339642e-05,5153031.914529206,-24195857.819300905,6606701.68586164,-1.4189068120287444e-05,-1.923692862870389,-0.8152092480953297,-1.8483985176469848,2.789576568025728,-7.473111052196274e-09
2026-08-08 07:15:00,R01,R,4945810.5542297885,-23224540.328372262,9610200.532115877,-1.4187777803234304e-05,4945812.518167275,-23224539.304408364,9610202.47915426,-1.418008563032717e-05,-1.963937486577568,-1.0239639000546403,-1.947038383336495,2.9489847381743632,-7.692172907135109e-09
2026-08-08 07:30:00,R01,R,4816753.527999532,-21885021.562152725,12429396.706980264,-1.417909790237911e-05,4816755.447889346,-21885020.264086857,12429398.668450028,-1.4171103140366892e-05,-1.9198898142014995,-1.2980658674011707,-1.9614697636067544,3.036167901867444,-7.994762012216837e-09
2026-08-08 07:45:00,R01,R,4814053.125550214,-20211140.63221468,15010475.635145828,-1.416933392896494e-05,4814055.055778877,-20211139.119486623,15010477.4315956,-1.4162120650406614e-05,-1.930228662987324,-1.5127280589703638,-1.7964497702418123,3.039960632774039,-7.213278558323515e-09
2026-08-08 08:00:00,R01,R,4978846.92822503,-18247419.61322169,17304218.203748383,-1.4160467871573471e-05,4978848.766718217,-18247417.923758574,17304219.70707077,-1.415313816044634e-05,-1.8384931871232324,-1.68946311687532,-1.503322387425079,2.914501848157597,-7.3297111271330675e-09
2026-08-08 08:15:00,R01,R,5343316.212627773,-16047355.708891291,19266885.314890523,-1.4152373006511438e-05,5343317.992812709,-16047353.877990177,19266886.463891897,-1.4144155670486064e-05,-1.7801849353789525,-1.830901117256615,-1.149001374377871,2.80026096348964,-8.217336025376599e-09
2026-08-08 08:30:00,R01,R,5929164.501790614,-13671370.037914252,20861005.512704942,-1.41435385243741e-05,5929166.17018486,-13671368.140303388,20861006.23667933,-1.4135173180525788e-05,-1.6683942461157046,-1.897610862851969,-0.7239743882641639,2.6284225805886416,-8.365343848312032e-09
2026-08-08 08:45:00,R01,R,6746532.297049826,-11184494.801011289,22056053.16308751,-1.4134363390398771e-05,6746533.846216144,-11184492.903690413,22056053.40484192,-1.4126190690565507e-05,-1.549166317650284,-1.8973208751086632,-0.241754413542982,2.461338655961986,-8.172699833264458e-09
2026-08-08 09:00:00,R01,R,7793392.628638594,-8653889.15352549,22829008.13182234,-1.4125019498378184e-05,7793394.046408354,-8653887.111981183,22829007.85501173,-1.4117208200605232e-05,-1.4177697594773515,-2.041544307935657,0.2768106063472075,2.500919503690444,-7.811297772952764e-09
2026-08-08 09:15:00,R01,R,9055451.76548601,-6146279.478902424,23164788.45985897,-1.4116188203986826e-05,9055453.030847795,-6146277.454401966,23164787.7139856,-1.4108225710644956e-05,-1.2653617869772806,-2.0245004571910665,0.7458733674214912,2.5012136320870013,-7.962493341870004e-09
2026-08-08 09:30:00,R01,R,10506561.402827712,-3725426.25457522,23056548.868429,-1.410817385877537e-05,10506562.525342304,-3725424.261837085,23056547.851830088,-1.409924322068468e-05,-1.12251459206151,-1.9927381348128608,1.0165989152769563,2.5029018434350845,-8.9306380906901e-09
2026-08-08 09:45:00,R01,R,12109629.301743,-1449713.4580162363,22505839.31007698,-1.4099501717406234e-05,12109630.116168717,-1449711.5057608848,22505837.92364639,-1.4090260730724404e-05,-0.8144257138361123,-1.9522553517529893,1.3864305897487734,2.5291856361281155,-9.240986681830411e-09
2026-08-08 10:00:00,R01,R,13817994.69642839,630041.9362548293,21522616.4566806,-1.4089757047652694e-05,13817995.292938268,630043.7893697377,21522614.94148355,-1.4081278240764126e-05,-0.5965098770951316,-1.8531149084458023,1.5151970492708302,2.466917306172862,-8.47880688856738e-09
2026-08-08 10:15:00,R01,R,15577219.804343566,2472473.0365482746,20125108.384064365,-1.4080534939194856e-05,15577220.208500762,2472474.765615961,20125106.83732737,-1.4072295750803849e-05,-0.404157196113613,-1.7290676867471937,1.5467369976655507,2.3548701544822275,-8.239188391005702e-09
2026-08-08 10:30:00,R01,R,17327227.049244795,4047161.847893797,18339526.80708669,-1.4070586895695522e-05,17327227.22889824,4047163.364244066,18339525.27018356,-1.4063313260843573e-05,-0.179653442716725,-1.5163502695212936,1.5369031340995478,2.1664867280835773,-7.273634851949322e-09
2026-08-08 10:45:00,R01,R,19004700.484050658,5335689.701450593,16199629.365087682,-1.406176034287424e-05,19004700.425041825,5335691.076094011,16199628.095539823,-1.4054330770883297e-05,0.0590088330221512,-1.3746434177590936,1.2695478590707785,1.8721320292207584,-7.4295719909429615e-09
2026-08-08 11:00:00,R01,R,20545656.26361557,6332194.201254056,13746135.459721472,-1.4052089324710802e-05,20545655.96939076,6332195.303300143,13746134.471187744,-1.404534828092302e-05,0.2942248129307864,-1.1020460873024769,0.98853372835741,1.5093948294541943,-6.7410437877821996e-09
2026-08-08 11:15:00,R01,R,21888078.138549283,7043403.130834678,11025999.08061408,-1.4041190709871413e-05,21888077.57622872,7043404.014118046,11025998.498348914,-1.4036365790962743e-05,0.5623205656061641,-0.8832833677202139,0.5822651637907184,1.1980929209201725,-4.8249189086691076e-09
2026-08-08 11:30:00,R01,R,22974508.97897708,7488141.705526205,8091550.681349543,-1.403137733885592e-05,22974508.225761507,7488142.338012772,8091550.529981904,-1.4027383301002466e-05,0.753215574951026,-0.6324865667146156,0.1513676389191139,0.9951307057543716,-3.994037853454795e-09
2026-08-08 11:45:00,R01,R,23754489.898800075,7696326.253312775,4999518.349689626,-1.402299506119499e-05,23754488.888744112,7696326.719684627,4999518.718807368,-1.401840081104219e-05,1.0100559638401905,-0.4663718521874146,-0.3691177411149912,1.1721619603995388,-4.594250152800951e-09
2026-08-08 12:00:00,R01,R,24186740.226394,7707484.098877544,1809946.0284051728,-1.4014067665337865e-05,24186739.10658843,7707484.326793732,1809946.891804865,-1.4009418321081914e-05,1.1198055666492477,-0.2279161872979283,-0.8633996922439806,1.4322602152186128,-4.649344255948987e-09
2026-08-08 12:15:00,R01,R,24240984.40424233,7568856.5623596385,-1414972.9497254903,-1.4004155950171896e-05,24240983.16409675,7568856.590553192,-1414971.734726539,-1.4000435831121638e-05,1.2401455800058403,-0.0281935542061396,-1.2149989508753534,1.7363693117349797,-3.7201190502573304e-09
2026-08-08 12:30:00,R01,R,23899340.45152634,7333165.240369897,-4612123.918364647,-1.3994142064441022e-05,23899339.06195706,7333165.010204614,-4612122.321236335,-1.399145334116136e-05,1.389569278834365,0.2301652834122834,-1.5971283124673206,2.129482961860279,-2.6887232796616504e-09
2026-08-08 12:45:00,R01,R,23157206.607090563,7056134.112382712,-7718734.06586486,-1.3984965643202585e-05,23157205.14055426,7056133.647977984,-7718732.252877482,-1.3982470851201085e-05,1.466536301025661,0.4644047284671163,-1.812987377465302,2.37767190858982,-2.494792001499924e-09
2026-08-08 13:00:00,R01,R,22023601.94289335,6793875.793793527,-10673645.382989286,-1.3975001709051589e-05,22023600.354511537,6793875.14236054,-10673643.563553032,-1.3973488361240809e-05,1.5883818125124716,0.6514329863174828,-1.819436253640772,2.501533529466532,-1.5133478107817336e-09
2026-08-08 13:15:00,R01,R,20520939.5642048,6600255.622234032,-13418566.8610348,-1.39651928004097e-05,20520937.940181985,6600254.791548354,-13418565.08783977,-1.3964505871280533e-05,1.6240228122894722,0.830685677757662,-1.773195031236386,2.5439554651899314,-6.8692912916901e-10
2026-08-08 13:30:00,R01,R,18684239.09915096,6524350.799738095,-15899276.576263385,-1.395499290337874e-05,18684237.451014865,6524349.741874263,-15899275.03093755,-1.3955523381320255e-05,1.6481360898691395,1.0578638324663627,-1.5453258326052934,2.4946864307336907,5.304779415150495e-10
2026-08-08 13:45:00,R01,R,16559807.22155116,6608118.416444444,-18066746.39860497,-1.3944971101689036e-05,16559805.615975788,6608117.264909251,-18066745.14079984,-1.3946540891359978e-05,1.6055753715971637,1.1515351936227836,-1.2578051346863657,2.3422167561681,1.5697896709407482e-09
2026-08-08 14:00:00,R01,R,14203442.433741814,6884378.808067084,-19878160.01010044,-1.3936739507999902e-05,14203440.898401327,6884377.53421393,-19878159.1423521,-1.3937558401399702e-05,1.535340485359262,1.2738531538761977,-0.8677483379512028,2.175536587060908,8.188933997996606e-10
2026-08-08 14:15:00,R01,R,11678240.12931305,7375203.987560164,-21297800.91101347,-1.3926442558189289e-05,11678238.710579168,7375202.549117871,-21297800.525794737,-1.3928575911439424e-05,1.4187338821944186,1.438442293957831,-0.3852187316680691,2.056773087329049,2.133353250137244e-09
2026-08-08 14:30:00,R01,R,9052094.007465005,8090785.973159769,-22297788.00283885,-1.3915954594005118e-05,9052092.790811008,8090784.536974238,-22297788.092682566,-1.3919593421479148e-05,1.2166539964620438,1.4361855302690438,0.0898437168187498,1.884395849579659,3.63882747402947e-09
2026-08-08 14:45:00,R01,R,6395003.298164944,9028836.70644799,-22858641.209867656,-1.3906784797813838e-05,6395002.276370867,9028835.209262326,-22858641.73056784,-1.3910610931518872e-05,1.0217940770655438,1.4971856633579748,0.5207001812280528,1.8859365644744823,3.826133705035003e-09
2026-08-08 15:00:00,R01,R,3776303.578477929,10174544.296641173,-22969664.57049634,-1.3897407868051308e-05,3776302.7604979575,10174542.781483969,-22969665.544939764,-1.3901628441558596e-05,0.817979971500731,1.5151572032111442,0.9744434226442646,1.9784672269597043,4.220573507288978e-09
2026-08-08 15:15:00,R01,R,1261943.2818899464,11501089.507846924,-22629139.151891544,-1.388779489622276e-05,1261942.658702759,11501087.969222363,-22629140.53066813,-1.389264595159832e-05,0.6231871873406156,1.5386245612525504,1.378776586310814,2.1579510388129783,4.851055375558296e-09
2026-08-08 15:30:00,R01,R,-1088076.1623632696,12970696.099454906,-21844322.587495133,-1.3878528902048548e-05,-1088076.587398828,12970694.583755331,-21844324.200034387,-1.388366346163804e-05,0.4250355584879463,1.5156995730803606,1.61253925564916,2.253504664478131,5.134559589493803e-09
2026-08-08 15:45:00,R01,R,-3221986.2646442903,14536167.649813846,-20631258.04314108,-1.3870619476273285e-05,-3221986.3553905515,14536166.18738575,-20631259.78059757,-1.3874680971677764e-05,0.0907462610458698,1.4624280968344263,1.7374564939391202,2.2728145306284424,4.06149540448246e-09
2026-08-08 16:00:00,R01,R,-5098166.234003766,16142840.12326759,-19014400.85025169,-1.3861622983291471e-05,-5098166.127181167,16142838.740847483,-19014402.54093661,-1.386569848171749e-05,-0.1068225996727169,1.382420105716266,1.6906849272487805,2.186529656719895,4.075498426017846e-09
2026-08-08 16:15:00,R01,R,-6686609.822588656,17730862.48305188,-17026073.740287874,-1.385269186582908e-05,-6686609.3994620005,17730861.31113738,-17026075.303203117,-1.3856715991757212e-05,-0.423126656095049,1.1719145033897296,1.5629152435874147,1.9987805855048928,4.024125928133819e-09
2026-08-08 16:30:00,R01,R,-7969883.130539538,19237704.49838098,-14705767.901108464,-1.3844710164564258e-05,-7969882.48325455,19237703.49693159,-14705769.097269049,-1.3847733501796936e-05,-0.6472849880619191,1.0014493921380332,1.1961605850229955,1.6889875327978328,3.0233372326776902e-09
2026-08-08 16:45:00,R01,R,-8943542.560199607,20600780.58936774,-12099307.294340676,-1.383575651930735e-05,-8943541.67443924,20600779.78217085,-12099308.081229988,-1.3838751011836658e-05,-0.8857603665851288,0.8071968842661426,0.7868893108949552,1.4336432696395318,2.994492529308385e-09
2026-08-08 17:00:00,R01,R,-9615999.5205246,21760078.201178238,-9257899.892042588,-1.3826682335947228e-05,-9615998.43399362,21760077.76538775,-9257900.222540136,-1.3829768521876382e-05,-1.0865309817810187,0.4357904816711273,0.3304975479812098,1.216425726259836,3.0861859291549952e-09
2026-08-08 17:15:00,R01,R,-10007847.37856715,22660679.17853665,-6237096.923501118,-1.3817861005025869e-05,-10007846.130520437,22660679.0656192,-6237096.777449012,-1.3820786031916108e-05,-1.2480467121261671,0.1129174462573972,-0.146052106339434,1.2616267923139606,2.9250268902377182e-09
2026-08-08 17:30:00,R01,R,-10150685.92702178,23255068.30487145,-3095684.985763784,-1.3809687728056232e-05,-10150684.475960342,23255068.34875454,-3095684.3458052827,-1.381180354195583e-05,-1.451061438068027,-0.0438830906156582,-0.6399585006404892,1.5865219523322251,2.115813899596822e-09
2026-08-08 17:45:00,R01,R,-10085499.730955876,23505136.489915904,105465.6702861982,-1.380171177285834e-05,-10085498.081060512,23505136.80810332,105466.72073698934,-1.3802821051995551e-05,-1.6498953625174555,-0.3181874123159719,-1.0504507911411365,1.9816268067479248,1.1092791372150266e-09
2026-08-08 18:00:00,R01,R,-9860664.54989318,23383800.29878525,3304572.9733214644,-1.3792055429420867e-05,-9860662.808452783,23383800.864806224,3304574.415045962,-1.3793838562035275e-05,-1.7414403939844876,-0.5660209680907131,-1.4417244976089063,2.330571584209515,1.7831326144056982e-09
2026-08-08 18:15:00,R01,R,-9529669.068929804,22876173.256113887,6440114.038667218,-1.378437560362172e-05,-9529667.2530041,22876174.019215267,6440115.678801244,-1.3784856072075e-05,-1.815925702836664,-0.7631013806751133,-1.640134026467456,2.563191272649672,4.804684532813327e-10
2026-08-08 18:30:00,R01,R,-9148648.21153688,21980247.82274412,9451973.281373886,-1.3775792083853884e-05,-9148646.386498043,21980248.8299244,9451975.03127858,-1.3775873582114724e-05,-1.825038835501203,-1.0071802813024138,-1.7499046915706726,2.721643859823149,8.149826084086061e-11
2026-08-08 18:45:00,R01,R,-8773831.926985238,20707064.832404256,12282550.712984042,-1.376714934440723e-05,-8773830.019382475,20707066.07545178,12282552.475585671,-1.3766891092154448e-05,-1.907602762624377,-1.2430475230815472,-1.7626016285701478,2.879388814601019,-2.58252252782938e-10
2026-08-08 19:00:00,R01,R,-8459012.194687176,19080367.08818565,14877812.201196188,-1.3757412911458064e-05,-8459010.28225709,19080368.464884568,14877813.760209704,-1.375790860219417e-05,-1.9124300862453816,-1.3766989202357562,-1.5590135165161234,2.825457820678763,4.956907361060701e-10
2026-08-08 19:15:00,R01,R,-8253131.835319088,17135754.480351124,17188266.585453734,-1.37488209655348e-05,-8253129.981307403,17135756.084499262,17188267.87193582,-1.3748926112233893e-05,-1.854011685039444,-1.604148138404496,-1.2864820840103592,2.76869765967486,1.0514669909151825e-10
2026-08-08 19:30:00,R01,R,-8198089.468651579,14919377.64800392,19169857.34191402,-1.3740718838732244e-05,-8198087.709471559,14919379.465242978,19169858.320781607,-1.3739943622273617e-05,-1.7591800193751457,-1.8172390596764736,-0.9788675853978984,2.712057132570272,-7.752164586275572e-10
2026-08-08 19:45:00,R01,R,-8326847.936100496,12486221.299002992,20784755.758413844,-1.3731615685994147e-05,-8326846.348254102,12486223.193409108,20784756.2952206,-1.373096113231334e-05,-1.5878463932966185,-1.89440611618246,-0.5368067559193401,2.5294648040514893,-6.545536808073445e-10
2026-08-08 20:00:00,R01,R,-8661920.869132914,9898045.95645405,22002044.9862179,-1.372299409715919e-05,-8661919.47213467,9898047.914601564,22002045.09956232,-1.3721978642353065e-05,-1.396998243509061,-1.958147512463802,-0.1133444213025676,2.4080682570840866,-1.015454806124432e-09
2026-08-08 20:15:00,R01,R,-9214296.875597622,7221068.989241592,22798286.78851588,-1.3714502043237874e-05,-9214295.597916529,7221071.026062172,22798286.45333228,-1.3712996152392787e-05,-1.27768109329484,-2.036820580073635,0.3351836025931642,2.427643939918276,-1.5058908450858094e-09
2026-08-08 20:30:00,R01,R,-9982844.765883848,4523473.843682233,23157961.02068916,-1.3705487709970508e-05,-9982843.656974591,4523476.0039913,23157960.28490303,-1.370401366243251e-05,-1.1089092560537266,-2.1603090671909198,0.7357861245750772,2.537320678405893,-1.474047537998958e-09
2026-08-08 20:45:00,R01,R,-10954225.822306903,1872844.7250238068,23073771.76171397,-1.3696502775332156e-05,-10954224.98327163,1872846.9106684995,23073770.6637128,-1.3695031172472234e-05,-0.8390352741866063,-2.185644692489493,1.0980011757218562,2.5858517929346734,-1.4716028599226312e-09
2026-08-08 21:00:00,R01,R,-12103318.562962264,-666374.1793781737,22546812.979614776,-1.3687631677265668e-05,-12103318.006441336,-666372.0439158613,22546811.578689147,-1.3686048682511958e-05,-0.5565209269801111,-2.13546231238332,1.4009256304601612,2.6139065499471315,-1.582994753711116e-09
2026-08-08 21:15:00,R01,R,-13394142.59525976,-3035294.162945086,21586589.074517123,-1.3678225449028653e-05,-13394142.256679704,-3035292.117980168,21586587.48269765,-1.3677066192551682e-05,-0.3385800574971749,-2.044964918015605,1.5918194723461023,2.613504774013162,-1.1592564769686424e-09
2026-08-08 21:30:00,R01,R,-14781248.902131865,-5182776.643382993,20210886.58266884,-1.366869415816807e-05,-14781248.811365051,-5182774.718040805,20210884.976806525,-1.3668083702591404e-05,-0.0907668098335443,-1.9253421873644216,1.605862312056127,2.508779567338435,-6.104555766662642e-10
2026-08-08 21:45:00,R01,R,-16211525.400741111,-7067318.096147715,18445495.321630944,-1.3658879052332182e-05,-16211525.575627573,-7067316.268112333,18445493.7812347,-1.3659101212631128e-05,0.1748864593938079,-1.8280353825166389,1.5403962450184523,2.396897833675646,2.2216029894435632e-10
2026-08-08 22:00:00,R01,R,-17626348.10702025,-8658546.825545434,16323778.605291534,-1.364922149869216e-05,-17626348.467564635,-8658545.152043633,16323777.284177464,-1.3650118722670853e-05,0.3605443821986606,-1.6735018006529976,1.32111406996129,2.162392867675419,8.972239786915754e-10
2026-08-08 22:15:00,R01,R,-18963993.844842777,-9938268.21373191,13886096.517215189,-1.3639694009231229e-05,-18963994.3788181,-9938266.705551203,13886095.49444558,-1.3641136232710577e-05,0.5339753236018735,-1.5081807056493872,1.0227696092298293,1.8988934569040323,1.4422234793474314e-09
2026-08-08 22:30:00,R01,R,-20162218.67174501,-10901010.59520602,11179086.7451321,-1.3630808674833142e-05,-20162219.40947207,-10901009.325583886,11179086.130082056,-1.36321537427503e-05,0.7377270625691239,-1.269622131844827,0.6150500435164078,1.5920012979098372,1.345067917157544e-09
2026-08-08 22:45:00,R01,R,-21160896.14229186,-11554045.406743037,8254812.935927754,-1.3620590529674516e-05,-21160897.003180232,-11554044.355893886,8254812.793597835,-1.362317125279002e-05,0.8608883715820348,-1.0508491481826905,0.1423299189386157,1.3658955034652274,2.5807231155066168e-09
2026-08-08 23:00:00,R01,R,-21904604.703725416,-11916874.606782708,5169792.25566729,-1.361049702243326e-05,-21904605.82244833,-11916873.832202936,5169792.617069784,-1.3614188762829744e-05,1.118722911928081,-0.7745797734202708,-0.3614024938071613,1.407880158818455,3.6917403964854205e-09
2026-08-08 23:15:00,R01,R,-22345055.618140552,-12020203.167139424,1983918.4164774972,-1.3600839447183017e-05,-22345056.96132943,-12020202.602747452,1983919.274478256,-1.3605206272869468e-05,1.343188879832066,-0.5643919698247274,-0.8580007585105996,1.690816360256761,4.366825686452756e-09
2026-08-08 23:30:00,R01,R,-22443253.171340108,-11904434.148493458,-1240700.4821820746,-1.3590855974180296e-05,-22443254.66832445,-11904433.822085995,-1240699.3048692725,-1.3596223782909192e-05,1.496984343570387,-0.3264074618145396,-1.1773128022125818,1.932244650730521,5.3678087288974735e-09
2026-08-08 23:45:00,R01,R,-22171292.59524869,-11617748.278949847,-4440967.487183224,-1.3581344249564048e-05,-22171294.19683529,-11617748.29946844,-4440966.004932361,-1.3587241292948916e-05,1.601586599486126,0.0205185939947747,-1.4822508628292197,2.182330925572705,5.8970433848697784e-09
2026-08-08 00:00:00,R02,R,-16101865.863440802,-3086682.2074706205,-19693688.82019843,9.322986597143544e-05,-16101867.763814269,-3086681.6803224497,-19693690.59543592,9.32396684956914e-05,1.9003734648141395,-0.5271481708504341,1.7752374873012198,2.653445427386854,-9.80252425596376e-09
2026-08-08 00:15:00,R02,R,-17828395.762352984,-4585293.26066667,-17813249.892270714,9.324004068123382e-05,-17828397.59243039,-4585292.607906481,-17813251.609580237,9.324963439814666e-05,1.830077404804651,-0.6527601890965464,1.7173095238361296,2.593150819505908,-9.593716912836757e-09
2026-08-08 00:30:00,R02,R,-19467197.479914,-5794403.447122664,-15591201.929781694,9.32500125970786e-05,-19467199.25483501,-5794402.581545949,-15591203.511557195,9.325960030060192e-05,1.774921009022731,-0.8655767147806869,1.5817755016846733,2.5301346555412016,-9.587703523334166e-09
2026-08-08 00:45:00,R02,R,-20955151.43915445,-6711529.83859836,-13069772.282445995,9.32609381345735e-05,-20955153.1107882,-6711528.779967333,-13069773.546442566,9.326956620305722e-05,1.6716337513711743,-1.058631027472857,1.2639965694472106,2.3479238442985797,-8.628068483721057e-09
2026-08-08 01:00:00,R02,R,-22231712.57550402,-7346593.742977183,-10297000.11101222,9.327263380771124e-05,-22231714.125675388,-7346592.569926485,-10297000.869665958,9.32795321055125e-05,1.5501713690721763,-1.1730506975444903,0.7586537399758295,2.0867761522693407,-6.898297801263815e-09
2026-08-08 01:15:00,R02,R,-23241413.756886534,-7721287.24968568,-7325874.543089445,9.328337705696532e-05,-23241415.25677113,-7721285.95658682,-7325874.872860898,9.328949800796778e-05,1.499884589725108,-1.2930988605407348,0.3297714533682976,2.0076124270095663,-6.120951002468343e-09
2026-08-08 01:30:00,R02,R,-23936194.77827912,-7867952.268612048,-4213372.147049814,9.3293669728722e-05,-23936196.104632866,-7867950.914239834,-4213371.994792114,9.329946391042306e-05,1.3263537471566755,-1.3543722137022658,-0.1522577006180411,1.901767799507296,-5.7941817010494545e-09
2026-08-08 01:45:00,R02,R,-24277458.985230137,-7828014.943479065,-1019405.1897513968,9.33029641106702e-05,-24277460.07553188,-7828013.567479759,-1019404.6386624248,9.330942981287832e-05,1.0903017437051248,-1.3759993056670248,-0.55108897199555,1.840062780607684,-6.465702208140626e-09
2026-08-08 02:00:00,R02,R,-24237771.528783195,-7650035.274598468,2194300.6088402136,9.33134181402232e-05,-24237772.316689912,-7650033.886226309,2194301.667291801,9.331939571533362e-05,0.787906719219619,-1.3883721587584454,-1.0584515874297895,1.9153835157324632,-5.977575110418127e-09
2026-08-08 02:15:00,R02,R,-23802123.02976572,-7387449.727652489,5365382.769982289,9.332336300886228e-05,-23802123.53401745,-7387448.456046732,5365384.195823058,9.33293616177889e-05,0.504251737985646,-1.271605757453448,-1.4258407688849102,1.975923307181889,-5.998608926609122e-09
2026-08-08 02:30:00,R02,R,-22968700.96494328,-7096099.385790131,8432049.396752825,9.333463906202972e-05,-22968701.19131602,-7096098.185148004,8432050.949669315,9.333932752024416e-05,0.2263727402750327,-1.2006421270946683,-1.5529164894818412,1.9759392091354036,-4.688458214456408e-09
2026-08-08 02:45:00,R02,R,-21749129.15379776,-6831644.910258237,11334295.722444046,9.334527421549072e-05,-21749129.03445398,-6831643.739484431,11334297.36996995,9.334929342269946e-05,-0.1193437757256472,-1.17077380601699,-1.6475259034381675,2.0246717867742694,-4.019207208729276e-09
2026-08-08 03:00:00,R02,R,-20168158.02073954,-6646979.48895211,14015105.291099845,9.335551776698633e-05,-20168157.699173342,-6646978.369589342,14015106.89352906,9.335925932515472e-05,-0.3215661966127813,-1.1193627677227052,-1.602429216352994,1.9809485652054464,-3.7415581684107015e-09
2026-08-08 03:15:00,R02,R,-18262813.10112288,-6589751.046285776,16421607.916171024,9.336728076146235e-05,-18262812.47694736,-6589750.058730342,16421609.30658868,9.336922522761002e-05,-0.62417552417058,-0.9875554329915224,-1.3904176586981285,1.8160732594871487,-1.9444661476631168e-09
2026-08-08 03:30:00,R02,R,-16081029.008614851,-6700103.031323998,18506169.376702957,9.337684346159752e-05,-16081028.105672402,-6700102.227049961,18506170.43932522,9.33791911300653e-05,-0.9029424486159514,-0.8042740377342912,-1.062622268319114,1.609760192828003,-2.347668467770259e-09
2026-08-08 03:45:00,R02,R,-13679824.68919407,-7008735.1354149375,20227386.385376792,9.33869234027134e-05,-13679823.591406086,-7008734.454781519,20227387.16269085,9.338915703252056e-05,-1.0977879840482334,-0.680633418298361,-0.7773140604173308,1.5075203005424749,-2.233629807158191e-09
2026-08-08 04:00:00,R02,R,-11123092.724193083,-7535372.449461,21550962.674820483,9.339713002603276e-05,-11123091.381861463,-7535371.994706295,21550962.95006917,9.339912293497586e-05,-1.3423316205347195,-0.4547547045146816,-0.2752486904068646,1.4437513159600222,-1.992908943081982e-09
2026-08-08 04:15:00,R02,R,-8479095.028858785,-8287715.873161922,22450441.6928474,9.3406806578522e-05,-8479093.560526228,-8287715.669502719,22450441.466540977,9.340908883743112e-05,-1.4683325575418198,-0.2036592031102121,0.2263064250066901,1.499563992815277,-2.2822589091184354e-09
2026-08-08 04:30:00,R02,R,-5817773.715799625,-9260922.80436577,22907779.387999803,9.341655467241848e-05,-5817772.078318162,-9260922.810249109,22907778.71441976,9.34190547398864e-05,-1.6374814635346242,0.0058833370915822,0.6735800426960863,1.7706186012219824,-2.5000674679166167e-09
2026-08-08 04:45:00,R02,R,-3207991.37435344,-10437645.90644703,22913739.182568148,9.342576781957866e-05,-3207989.536117654,-10437646.151921785,22913738.11122885,9.34290206423417e-05,-1.8382357862883825,0.2454747541146789,1.0713393016161068,2.141760154659297,-3.2528227630255966e-09
2026-08-08 05:00:00,R02,R,-714823.0366318236,-11788631.76041448,22468098.9340734,9.343462699253962e-05,-714821.0719423043,-11788632.2207341,22468097.375400983,9.343898654479695e-05,-1.9646895193197575,0.4603196206769843,1.558672413246435,2.5497762161257542,-4.359552257352077e-09
2026-08-08 05:15:00,R02,R,1602981.7967239076,-13273854.287637629,21579662.94742639,9.344314029385284e-05,1602983.8167162882,-13273855.015502805,21579661.076227102,9.344895244725226e-05,-2.019992380746165,0.727865175970285,1.8711992883792057,2.848077195143007,-5.812153399417008e-09
2026-08-08 05:30:00,R02,R,3695256.1455076886,-14844135.148312634,20266080.038929258,9.345354554689612e-05,3695258.153787599,-14844136.037856508,20266077.968836486,9.345891834970752e-05,-2.008279910079012,0.889543873610759,2.0700927693840256,3.018237991637078,-5.372802811416208e-09
2026-08-08 05:45:00,R02,R,5522292.616983117,-16443178.230502494,18553469.575578343,9.34630086609573e-05,5522294.57257926,-16443179.262722451,18553467.565172885,9.34688842521628e-05,-1.955596143113892,1.0322199568466086,2.0104054601662336,2.988572306058622,-5.875591205501972e-09
2026-08-08 06:00:00,R02,R,7056259.819865271,-18009929.389804848,16475867.501569774,9.34710130467381e-05,7056261.715173397,-18009930.636564255,16475865.565974245,9.347885015461808e-05,-1.8953081258285709,1.246759408256238,1.9355955289917317,2.98213547072564,-7.837107879991842e-09
2026-08-08 06:15:00,R02,R,8282098.623981362,-19481155.75046226,14074504.22697099,9.347843639634852e-05,8282100.451663724,-19481157.121808782,14074502.5829885,9.348881605707335e-05,-1.8276823623028309,1.3713465210281603,1.6439824895995776,2.8149054201374013,-1.0379660724855788e-08
2026-08-08 06:30:00,R02,R,9197862.756778862,-20794129.34554561,11396936.02901586,9.348757947152714e-05,9197864.495054828,-20794130.88558006,11396934.822491596,9.349878195952864e-05,-1.738275965143537,1.540034447526597,1.2065242639658578,2.6170613730103085,-1.1202488001505482e-08
2026-08-08 06:45:00,R02,R,9814493.771785012,-21889298.720675547,8496049.745775655,9.349713864647606e-05,9814495.445976011,-21889300.369176928,8496048.920608006,9.350874786198392e-05,-1.674190999586954,1.6485013804854671,0.8251676490341362,2.490255800831107,-1.160921550787446e-08
2026-08-08 07:00:00,R02,R,10155046.355724905,-22712830.022248067,5428966.131659185,9.35067514937945e-05,10155047.83011451,-22712831.75883831,5428965.799495336,9.35187137644392e-05,-1.4743896057950232,1.736590243703701,0.3321638485835317,2.302151864345423,-1.1962270644705171e-08
2026-08-08 07:15:00,R02,R,10253402.73182726,-23218909.72988214,2255870.0260078995,9.351717876994604e-05,10253404.006803716,-23218911.57752086,2255870.1805989863,9.352867966689448e-05,-1.274976458680364,1.8476387191716923,-0.1545910867301125,2.250162707643145,-1.1500896948453218e-08
2026-08-08 07:30:00,R02,R,10152539.759504195,-23371711.370262224,-961207.38899675,9.352596504237478e-05,10152540.761832897,-23371713.21105125,-961206.7729025024,9.353864556934977e-05,-1.0023286967477452,1.840789027794368,-0.6160942474975664,2.184659969645565,-1.26805269749775e-08
2026-08-08 07:45:00,R02,R,9902427.053775247,-23146944.57037052,-4159625.2208173503,9.353534138964472e-05,9902427.965835473,-23146946.40711136,-4159624.277205678,9.354861147180504e-05,-0.9120602262458422,1.836740843069456,-0.9436116723751252,2.2574042104022247,-1.3270082160304456e-08
2026-08-08 08:00:00,R02,R,9557653.411590338,-22532926.44601213,-7277362.934012669,9.354290466328548e-05,9557654.1277597,-22532928.198809117,-7277361.694498635,9.355857737426031e-05,-0.7161693606687319,1.7527969863593569,-1.2395140339270538,2.263093208167357,-1.5672710974857046e-08
2026-08-08 08:15:00,R02,R,9174883.108000806,-21531133.535980083,-10254217.759208566,9.355277780516976e-05,9174883.507314663,-21531135.253224917,-10254216.32520674,9.35685432767156e-05,-0.3993138586795538,1.717244831581283,-1.4340018256149072,2.27260700632403,-1.5765471545832733e-08
2026-08-08 08:30:00,R02,R,8810254.320205646,-20156218.642503303,-13032947.93673486,9.356244333613016e-05,8810254.44524917,-20156220.23924025,-13032946.468910128,9.357850917917088e-05,-0.1250435251813672,1.5967369486517833,-1.4678247308241543,2.172490323752581,-1.60658430407095e-08
2026-08-08 08:45:00,R02,R,8516828.973659413,-18435495.971055184,-15560340.887866788,9.357306980238644e-05,8516828.755461184,-18435497.38879055,-15560339.562940734,9.358847508162616e-05,0.2181982278480604,1.4177353663714063,-1.3249260543035335,1.9526938021790896,-1.5405279239708413e-08
2026-08-08 09:00:00,R02,R,8342198.125022865,-16407922.736338235,-17788189.183892824,9.358232666264198e-05,8342197.653763429,-16407924.020472731,-17788188.010358322,9.359844098408144e-05,0.4712594359597978,1.2841344986695378,-1.173534500720448,1.8022957834483224,-1.6114321439460712e-08
2026-08-08 09:15:00,R02,R,8326341.902156457,-14122623.512519931,-19674158.900241856,9.359260525249817e-05,8326341.214253075,-14122624.56531774,-19674158.189492352,9.360840688653671e-05,0.6879033816788951,1.0527978074905568,-0.7107495015334531,1.4445619197224588,-1.5801634038554575e-08
2026-08-08 09:30:00,R02,R,8499827.252806356,-11637020.026535356,-21182541.29113232,9.36026892364721e-05,8499826.320686389,-11637020.90203799,-21182540.95551157,9.3618372788992e-05,0.9321199680778594,0.8755026326938888,-0.3356207465223695,1.3221171582880364,-1.5683552519904584e-08
2026-08-08 09:45:00,R02,R,8882414.308354458,-9014646.366791388,-22284874.459437527,9.361351062727224e-05,8882413.177566744,-9014647.064124906,-22284874.58844014,9.362833869144728e-05,1.130787713229056,0.6973335183374106,0.1290026127778129,1.3347646093188612,-1.48280641750377e-08
2026-08-08 10:00:00,R02,R,9482124.656548245,-6322736.867345714,-22960432.983005576,9.362389391345866e-05,9482123.363871709,-6322737.281029571,-22960433.53425884,9.363830459390256e-05,1.2926765359058143,0.4136838568067487,0.5512532617926766,1.464932462095447,-1.4410680443900372e-08
2026-08-08 10:15:00,R02,R,10294805.309906973,-3629683.473513703,-23196577.39698826,9.363404645422394e-05,10294803.852878926,-3629683.668471674,-23196578.386677723,9.364827049635784e-05,1.4570280463713967,0.1949579713033512,0.9896894636871308,1.7721243108261022,-1.4224042133908452e-08
2026-08-08 10:30:00,R02,R,11304203.674010605,-1002463.7222252624,-22988962.99345131,9.364449393855794e-05,11304202.059736997,-1002463.6245983294,-22988964.365451,9.365823639881313e-05,1.614273607982749,-0.0976269328561376,1.3719996932702572,2.120800192800401,-1.3742460255165076e-08
2026-08-08 10:45:00,R02,R,12482549.10519068,1495862.5241098606,-22341605.46816495,9.365478005020868e-05,12482547.447381703,1495862.8428094871,-22341607.09627305,9.36682023012684e-05,1.657808975913338,-0.3186996264289752,1.6281080980479106,2.3453434783489566,-1.3422251059729271e-08
2026-08-08 11:00:00,R02,R,13791617.807458794,3808488.373509716,-21266803.992729638,9.366405910626212e-05,13791616.106576703,3808488.9220075062,-21266805.8498591,9.367816820372367e-05,1.7008820886956744,-0.5484977907277112,1.8571294675000225,2.577359029148996,-1.4109097461557271e-08
2026-08-08 11:15:00,R02,R,15184238.169737209,5886938.747239908,-19784923.659615204,9.367409817577804e-05,15184236.567988249,5886939.572223071,-19784925.6368623,9.368813410617896e-05,1.6017489628722117,-0.82498316290058,1.977247098091276,2.6750145880054603,-1.4035930400904929e-08
2026-08-08 11:30:00,R02,R,16606179.864958998,7692811.004095024,-17924038.804889154,9.368438502417546e-05,16606178.40719054,7692812.138541635,-17924040.774520796,9.369810000863424e-05,1.457768458126926,-1.1344466103170123,1.969631643723796,2.700279022828496,-1.3714984458782109e-08
2026-08-08 11:45:00,R02,R,17998351.87658752,9199109.299884662,-15719442.135704909,9.369467702339118e-05,17998350.443580702,9199110.707804466,-15719443.833872678,9.370806591108953e-05,1.4330068201009745,-1.4079198032685318,1.6981677712058545,2.6304981463695936,-1.3388887698331582e-08
2026-08-08 12:00:00,R02,R,19299224.389570814,10391119.289067496,-13213023.888772164,9.370500718138047e-05,19299222.96621295,10391120.817862691,-13213025.325574815,9.37180318135448e-05,1.4233578635441502,-1.528795196541056,1.436802651667715,2.5352641322985168,-1.3024632164322235e-08
2026-08-08 12:15:00,R02,R,20447380.214148093,11266786.51407178,-10452530.122900514,9.371523804029232e-05,20447378.8773038,11266788.149324931,-10452531.149586068,9.372799771600007e-05,1.3368442935734262,-1.6352531511861186,1.026685554724683,2.348465192844956,-1.275967570773968e-08
2026-08-08 12:30:00,R02,R,21384093.58976224,11836581.815577436,-7490706.210611408,9.372752650511684e-05,21384092.33220089,11836583.502104403,-7490706.752128503,9.373796361845536e-05,1.257561353626289,-1.6865269692276483,0.5415170959270885,2.172343099339487,-1.0437113338508536e-08
2026-08-08 12:45:00,R02,R,22055831.732188653,12122854.374923617,-4384339.158816975,9.373847673010404e-05,22055830.73107292,12122856.15374262,-4384339.100651757,9.374792952091064e-05,1.00111573069544,-1.7788190049892545,-0.0581652177895855,2.0420119860856194,-9.452790806597041e-09
2026-08-08 13:00:00,R02,R,22416577.80654918,12158696.115095897,-1193210.5136080678,9.374890122611412e-05,22416577.068347786,12158697.985194672,-1193209.9648745952,9.375789542336592e-05,0.7382013947953295,-1.870098776477341,-0.5487334726704001,2.0840631365409097,-8.994197251780252e-09
2026-08-08 13:15:00,R02,R,22429875.345877595,11986359.11841728,2021022.5203701388,9.375929900480184e-05,22429874.852662496,11986360.825200342,2021023.4968290764,9.376786132582118e-05,0.4932150990192215,-1.7067830615935895,-0.9764589376954012,2.02727442894359,-8.562321019352665e-09
2026-08-08 13:30:00,R02,R,22070507.41704361,11655286.803634737,5196001.118781269,9.376911028772984e-05,22070507.1157418,11655288.513547042,5196002.310867076,9.377782722827649e-05,0.3013018151285735,-1.709912305818427,-1.192085807186556,2.1060986323258186,-8.716940546646403e-09
2026-08-08 13:45:00,R02,R,21325734.365128998,11219840.802277455,8269871.069787079,9.378036831421992e-05,21325734.30495852,11219842.375439376,8269872.463010158,9.378779313073176e-05,0.0601704746053534,-1.573161921405988,-1.393223079777839,2.102267696322631,-7.424816511826458e-09
2026-08-08 14:00:00,R02,R,20196032.536972422,10736811.737804538,11182500.163425852,9.379199927264146e-05,20196032.77646385,10736813.284982327,11182501.756647428,9.379775903318704e-05,-0.2394914316018086,-1.547177788994495,-1.593221575277478,2.233712211655348,-5.759760545568256e-09
2026-08-08 14:15:00,R02,R,18695295.095051285,10262823.08211574,13876680.360145586,9.380163883020192e-05,18695295.638553124,10262824.469421044,13876681.902799577,9.380772493564232e-05,-0.5435018385559363,-1.387305303820637,-1.5426539915013406,2.1447124730409834,-6.086105440371916e-09
2026-08-08 14:30:00,R02,R,16850479.33314268,9851734.71446616,16299288.494784448,9.381168290193482e-05,16850480.094731096,9851735.961449968,16299289.832930911,9.381769083809758e-05,-0.7615884157169166,-1.24698380676446,-1.338146463861923,1.981318118837345,-6.007936162762942e-09
2026-08-08 14:45:00,R02,R,14700708.26267919,9552162.538086845,18402380.720276058,9.382136646954646e-05,14700709.270627707,9552163.5975446,18402381.780357342,9.382765674055289e-05,-1.0079485169495337,-1.0594577563178196,-1.0600812855337216,1.8061515114135855,-6.2902710064138864e-09
2026-08-08 15:00:00,R02,R,12295859.496957846,9405221.602706345,20144193.35041047,9.383171378595176e-05,12295860.69609579,9405222.351816136,20144194.04706732,9.383762264300816e-05,-1.1991379455557258,-0.7491097919286507,-0.6966568519726545,1.5762068589609175,-5.9088570563907595e-09
2026-08-08 15:15:00,R02,R,9694695.626867129,9442594.907171529,21490025.36539666,9.384219467484516e-05,9694696.976204531,9442595.50984962,21490025.62499144,9.384758854546342e-05,-1.3493374029145653,-0.6026780911121801,-0.2595947745777982,1.5004405204468931,-5.393870618245639e-09
2026-08-08 15:30:00,R02,R,6962613.971694029,9685017.533619966,22412980.26707137,9.38522020526916e-05,6962615.518921202,9685017.93218932,22412979.99285072,9.385755444791872e-05,-1.547227173169032,-0.3985693541825561,0.2742206484522068,1.6211003730564255,-5.352395227118433e-09
2026-08-08 15:45:00,R02,R,4169110.672982138,10141243.730046283,22894547.16652719,9.386321849626582e-05,4169112.34023012,10141243.931606604,22894546.43046822,9.386752035037398e-05,-1.667247982310545,-0.2015603190721455,0.7360589677152716,1.8336098823624176,-4.301854108158083e-09
2026-08-08 16:00:00,R02,R,1385067.083355208,10807548.902476735,22925006.14537164,9.38727752442862e-05,1385068.9159954558,10807548.868893072,22925005.000607867,9.387748625282928e-05,-1.8326402479528203,0.0335836627169749,1.1447637706472618,2.1610604414047745,-4.711008543074948e-09
2026-08-08 16:15:00,R02,R,-1320021.946683404,11667789.851051517,22503645.326213125,9.388214691699298e-05,-1320020.026083019,11667789.476748085,22503643.81628917,9.388745215528456e-05,-1.9206003848922812,0.3743034313031771,1.5099239551753578,2.4715742447974547,-5.305238291556741e-09
2026-08-08 16:30:00,R02,R,-3880758.541900341,12694022.925385062,21638783.996176638,9.389191654672212e-05,-3880756.5365439374,12694022.352845896,21638782.17157081,9.389741805773982e-05,-2.0053564032877094,0.5725391661415422,1.8246058203056013,2.7710001444363277,-5.501511017689931e-09
2026-08-08 16:45:00,R02,R,-6238370.637262802,13847655.130699815,20347600.24755962,9.390137370522274e-05,-6238368.538841574,13847654.33516313,20347598.36819348,9.390738396019512e-05,-2.0984212272191822,0.7955366878363436,1.8793661354367324,2.927160285936538,-6.010254972372965e-09
2026-08-08 17:00:00,R02,R,-8342949.47092254,15081074.890225047,18655768.17510248,9.391031582573996e-05,-8342947.450118747,15081073.92684478,18655766.40278342,9.391734986265038e-05,-2.0208037934585623,0.9633802676444668,1.7723190615397888,2.855322112764253,-7.034036910429417e-09
2026-08-08 17:15:00,R02,R,-10155299.223625522,16339692.081417236,16596912.478626523,9.391990175037264e-05,-10155297.330047134,16339690.856840985,16596910.867404236,9.392731576510566e-05,-1.893578387842484,1.2245762517236003,1.611222287001294,2.7715092215829342,-7.414014733014499e-09
2026-08-08 17:30:00,R02,R,-11648318.451433117,17564293.787122156,14211895.61583237,9.392935745443048e-05,-11648316.70042709,17564292.386217337,14211894.24563525,9.393728166756094e-05,-1.7510060265527123,1.400904820876932,1.370197119874779,2.6279262869215505,-7.924213130447038e-09
2026-08-08 17:45:00,R02,R,-12807857.581034996,18693612.54953033,11547956.062071076,9.393915511111362e-05,-12807855.94171951,18693611.022917595,11547955.06304325,9.394724757001622e-05,-1.6393154851273233,1.5266127366771114,0.9990278260674696,2.452745054998604,-8.092458902604843e-09
2026-08-08 18:00:00,R02,R,-13633018.942788308,19666991.17345161,8657719.462170772,9.394855681231746e-05,-13633017.39154259,19666989.542450923,8657718.912845986,9.39572134724715e-05,-1.5512457187034512,1.6310006882879229,0.5493247869011189,2.3169558145323843,-8.656660154039064e-09
2026-08-08 18:15:00,R02,R,-14135892.009720769,20427027.78695314,5598107.0901723765,9.395688292976762e-05,-14135890.66594027,20427025.973880462,5598107.103863924,9.396717937492678e-05,-1.3437804984940622,1.813072679508281,-0.0136915475836442,2.2568043840323253,-1.029644515915454e-08
2026-08-08 18:30:00,R02,R,-14340742.135665337,20922085.3384963,2429168.970354958,9.396619560338604e-05,-14340740.991836248,20922083.52573845,2429169.495256031,9.397714527738206e-05,-1.1438290877502628,1.812757846537979,-0.5249010731002194,2.206797935632162,-1.094967399601232e-08
2026-08-08 18:45:00,R02,R,-14282693.13071406,21108559.98560375,-787131.9542847108,9.397546570936428e-05,-14282692.229750128,21108558.013693687,-787131.0315171116,9.398711117983734e-05,-0.9009639339112472,1.9719100617464984,-0.9227675992696835,2.356197220965988,-1.1645470473070552e-08
2026-08-08 19:00:00,R02,R,-14005968.364745429,20952809.599353597,-3988156.30562978,9.398456338132572e-05,-14005967.661827013,20952807.65543146,-3988155.0307868095,9.399707708229262e-05,-0.7029184159560835,1.9439221305574383,-1.2748429693085324,2.4286111556930177,-1.2513700966912652e-08
2026-08-08 19:15:00,R02,R,-13561770.042629369,20432668.307604875,-7111818.822511423,9.399433224009258e-05,-13561769.595487682,20432666.33986284,-7111817.295362455,9.400704298474788e-05,-0.447141686267061,1.9677420383082984,-1.5271489680980803,2.530637940853349,-1.2710744655303152e-08
2026-08-08 19:30:00,R02,R,-13005892.84299193,19538482.581379358,-10097788.57291433,9.400478972373196e-05,-13005892.695485055,19538480.71983193,-10097786.981672771,9.401700888720318e-05,-0.1475068736343344,1.8615474264309395,-1.5912415588773463,2.4533990293711776,-1.2219163471207869e-08
2026-08-08 19:45:00,R02,R,-12396175.222302694,18273634.480947908,-12888635.830795044,9.401377485209457e-05,-12396175.270731611,18273632.692723524,-12888634.1715997,9.402697478965844e-05,0.0484289193970196,1.7882243842237435,-1.6591953440524545,2.439881349224116,-1.3199937563907381e-08
2026-08-08 20:00:00,R02,R,-11789897.030117491,16654532.583970532,-15430904.094875189,9.402473765056125e-05,-11789897.327894663,16654530.974221494,-15430902.533715498,9.403694069211374e-05,0.2977771744744613,1.609749037994599,-1.561159691016916,2.2621190931996846,-1.2203041552497431e-08
2026-08-08 20:15:00,R02,R,-11241233.57749504,14710078.955396697,-17676091.848683357,9.403433768135788e-05,-11241234.122082852,14710077.531716842,-17676090.540678125,9.404690659456902e-05,0.5445878114776301,1.42367985341245,-1.308005231914004,2.0085611507088594,-1.2568913211133436e-08
2026-08-08 20:30:00,R02,R,-10798868.74737493,12480636.945415646,-19581527.53475226,9.404392197732023e-05,-10798869.453955453,12480635.713884188,-19581526.57963121,9.405687249702428e-05,0.7065805230040234,1.2315314576600958,-0.955121052396555,1.7111931484862082,-1.2950519704041782e-08
2026-08-08 20:45:00,R02,R,-10503863.600669691,10016547.258216156,-21111126.683425646,9.405259119288264e-05,-10503864.515109427,10016546.210456667,-21111126.117237248,9.406683839947958e-05,0.9144397337347993,1.0477594890339388,-0.5661883981943456,1.501522319429022,-1.4247206596945561e-08
2026-08-08 21:00:00,R02,R,-10387865.170432204,7376254.695768383,-22236021.8140518,9.40640130348468e-05,-10387866.220394537,7376253.871011616,-22236021.73667981,9.407680430193484e-05,1.0499623328429863,0.8247567674314606,-0.0773719852741558,1.3373971175078638,-1.2791267088048571e-08
2026-08-08 21:15:00,R02,R,-10471723.027017944,4624123.046607605,-22935058.904354908,9.407397133147258e-05,-10471724.309396803,4624122.429803381,-22935059.271155648,9.408677020439011e-05,1.2823788590064615,0.6168042245450075,0.3668007406125264,1.4695188915958788,-1.2798872917549e-08
2026-08-08 21:30:00,R02,R,-10764568.262350436,1828025.3821265495,-23195154.51298778,9.408373925857456e-05,-10764569.70326426,1828025.0002777749,-23195155.37545166,9.409673610684542e-05,1.4409138248449012,0.3818487748194601,0.8624638811497217,1.7221745218612796,-1.2996848270849968e-08
2026-08-08 21:45:00,R02,R,-11263386.716945484,-943194.2692272837,-23011512.3904896,9.409374659509068e-05,-11263388.320153397,-943194.3756585242,-23011513.700747836,9.410670200930068e-05,1.6032079102850445,0.1064312406239191,1.3102582323159393,2.073253445175716,-1.2955414210006768e-08
2026-08-08 22:00:00,R02,R,-11953103.786031336,-3622289.0348883434,-22387696.84694697,9.41038211177892e-05,-11953105.413721625,-3622288.896534621,-22387698.399600253,9.411666791175598e-05,1.627690284759871,-0.1383537218519998,1.552653283563025,2.25371906732206,-1.2846793966788885e-08
2026-08-08 22:15:00,R02,R,-12807174.460077954,-6146107.530203787,-21335563.257185355,9.411439131390084e-05,-12807176.102869906,-6146107.196660832,-21335565.04927012,9.412663381421124e-05,1.6427919517939296,-0.3335429547275174,1.792084761208105,2.4538916216657944,-1.2242500310421032e-08
2026-08-08 22:30:00,R02,R,-13788657.045198662,-8457925.427086435,-19875048.44575029,9.412513577815577e-05,-13788658.67257125,-8457924.820151353,-19875050.32440717,9.413659971666653e-05,1.6273725871029066,-0.6069350818388508,1.8786568827546497,2.558527587098126,-1.1463938510779384e-08
2026-08-08 22:45:00,R02,R,-14851727.371251589,-10509519.240587344,-18033821.091737024,9.413678672456566e-05,-14851728.982409922,-10509518.455917044,-18033822.967967138,9.41465656191218e-05,1.6111583340488962,-0.7846702969594932,1.876230113871684,2.594567033727336,-9.778894556163246e-09
2026-08-08 23:00:00,R02,R,-15943575.88463462,-12262902.742258364,-15846798.27914321,9.414736343329204e-05,-15943577.43916987,-12262901.760953486,-15846799.895943332,9.415653152157708e-05,1.5545352488960955,-0.9813048783415312,1.6168001226134994,2.448179270560136,-9.168088285048948e-09
2026-08-08 23:15:00,R02,R,-17006613.522311255,-13691654.991149994,-13355531.413912952,9.415826599835304e-05,-17006614.977983393,-13691653.836092032,-13355532.710434545,9.416649742403236e-05,1.4556721375316135,-1.155057961477334,1.2965215933854894,2.265857124461488,-8.231425679326134e-09
2026-08-08 23:30:00,R02,R,-17980900.55485556,-14781787.554032687,-10607470.645894488,9.416936202352504e-05,-17980901.849114906,-14781786.26143857,-10607471.54987972,9.417646332648764e-05,1.2942593465245749,-1.292594117338655,0.9039852304711706,2.0403666594891057,-7.101302962613083e-09
2026-08-08 23:45:00,R02,R,-18806702.162306786,-15532113.118964173,-7655114.712756369,9.417963000458056e-05,-18806703.205708724,-15532111.685479486,-7655115.109574456,9.418642922894293e-05,1.0434019382422712,-1.4334846874418627,0.3968180861950052,1.816873839150504,-6.7992243623817644e-09
2026-08-08 00:00:00,R03,R,2507494.5325799054,16175886.366065076,19438949.67615601,-5.779386459807127e-05,2507494.4291031435,16175887.893964091,19438949.92288319,-5.779007450796558e-05,0.1034767619297481,-1.5278990156614214,-0.2467271775871097,1.5511470408954489,-3.790090105689477e-09
2026-08-08 00:15:00,R03,R,785292.3686100448,14330584.735200113,20959489.47921311,-5.778207408361984e-05,785291.8556115432,14330586.201998498,20959490.172570843,-5.777996242357893e-05,0.5129985016131529,-1.4667983855859958,-0.6933577327317799,1.701590406694272,-2.111660040914314e-09
2026-08-08 00:30:00,R03,R,-1190041.248990017,12507764.0888493,22067882.62242415,-5.7771433216422194e-05,-1190042.0096136509,12507765.511081826,22067883.719225813,-5.776985033919229e-05,0.7606236339134395,-1.4222325268278793,-1.0968016601440218,1.9504531664537812,-1.5828772299098223e-09
2026-08-08 00:45:00,R03,R,-3381278.0867394367,10766057.947088672,22741912.74258551,-5.7761174875138606e-05,-3381279.08997213,10766059.264095305,22741914.10529505,-5.775973825480564e-05,1.0032326931375768,-1.3170066325569325,-1.3627095438088823,2.1442853372550115,-1.436620332959562e-09
2026-08-08 01:00:00,R03,R,-5740536.5364284245,9157379.308864197,22967993.93287919,-5.774965694547028e-05,-5740537.761284799,9157380.53754186,22967995.475974448,-5.7749626170419e-05,1.224856375086918,-1.2286776638529662,-1.543095255745734,2.3218666864286672,-3.077505128128547e-11
2026-08-08 01:15:00,R03,R,-8211068.228773556,7724809.520212075,22741473.32087961,-5.77383563774522e-05,-8211069.648439966,7724810.649827708,22741474.865787487,-5.7739514086032354e-05,1.4196664107732777,-1.1296156324823738,-1.5449078772161542,2.3829025460792472,1.157708580149264e-09
2026-08-08 01:30:00,R03,R,-10729442.241809249,6500883.498811082,22066741.442355648,-5.772736699046932e-05,-10729443.816995626,6500884.434956605,22066742.875369973,-5.7729402001645706e-05,1.5751863765213874,-0.9361455223846008,-1.433014324116363,2.326179402578828,2.03501117638293e-09
2026-08-08 01:45:00,R03,R,-13228032.11675563,5506347.646913431,20957147.799684957,-5.7716543944351286e-05,-13228033.837414756,5506348.401747898,20957149.01988457,-5.7719289917259065e-05,1.7206591241801932,-0.7548344670884175,-1.220199619266495,2.240386128591968,2.7459729077763492e-09
2026-08-08 02:00:00,R03,R,-15637697.095976794,4749445.851191809,19434722.421412468,-5.770555279182656e-05,-15637698.98998892,4749446.394754891,19434723.34668689,-5.7709177832872417e-05,1.89401212431281,-0.5435630817903219,-0.925274422355657,2.1768958421557314,3.625041045858471e-09
2026-08-08 02:15:00,R03,R,-17890539.929412805,4225762.69046628,17529710.704279248,-5.769530305769022e-05,-17890541.883978497,4225763.088974382,17529711.208475627,-5.7699065748485775e-05,1.954565691468336,-0.3985081020641898,-0.5041963802110749,2.0575105685011312,3.762690795557969e-09
2026-08-08 02:30:00,R03,R,-19922619.47815248,3918629.7194953016,15279933.116065614,-5.768433171369109e-05,-19922621.4561853,3918629.950577946,15279933.118904022,-5.768895366409913e-05,1.9780328201462984,-0.2310826445113428,-0.0028384087269339,1.9914871535449017,4.621950408032426e-09
2026-08-08 02:45:00,R03,R,-21676500.764687743,3800072.45405266,12729986.754399162,-5.767390623457326e-05,-21676502.83625653,3800072.521274808,12729986.203788972,-5.7678841579712486e-05,2.071568787159809,-0.0672221483438769,0.5506101893973017,2.144548352877794,4.935345139230533e-09
2026-08-08 03:00:00,R03,R,-23103531.640844367,3832253.579033265,9930308.76810197,-5.766254445206479e-05,-23103533.728937864,3832253.3651772607,9930307.711755827,-5.766872949532584e-05,2.088093495331953,0.2138560043401537,1.056346140498014,2.349837442119135,6.185043261047215e-09
2026-08-08 03:15:00,R03,R,-24165748.16102373,3969343.4448490622,6936125.579826308,-5.765161649577469e-05,-24165750.261638705,3969342.989363262,6936124.21897861,-5.76586174109392e-05,2.100614974804161,0.4554858004634348,1.3608476988410712,2.544004136442459,7.000915164503483e-09
2026-08-08 03:30:00,R03,R,-24837330.795702085,4159733.260785169,3806314.081698024,-5.764127648450895e-05,-24837332.89768333,4159732.576265676,3806312.453670012,-5.764850532655255e-05,2.1019812455873157,0.684519492734353,1.628028012010644,2.745426615414338,7.228842043606271e-09
2026-08-08 03:45:00,R03,R,-25105552.037467644,4348489.191193984,602200.8723457056,-5.76315747638058e-05,-25105554.023295883,4348488.278489432,602199.0267050498,-5.763839324216591e-05,1.9858282390345217,0.9127045518832856,1.845640655804375,2.860582602256649,6.8184783601097705e-09
2026-08-08 04:00:00,R03,R,-24971180.255835004,4479938.782648207,-2613671.3516434785,-5.762137445718784e-05,-24971182.03685717,4479937.681296899,-2613673.214136464,-5.762828115777926e-05,1.781022166555334,1.1013513081674238,1.8624929848774368,2.802480112414933,6.906700591416432e-09
2026-08-08 04:15:00,R03,R,-24448329.35285173,4500276.427609282,-5778783.110338646,-5.761146848820258e-05,-24448330.99356434,4500275.097829888,-5778784.937601006,-5.761816907339262e-05,1.6407126131577408,1.329779394298605,1.8272623600094564,2.7926938336995333,6.700585190041351e-09
2026-08-08 04:30:00,R03,R,-23563767.487041514,4360075.066646725,-8831858.631667739,-5.760222230523288e-05,-23563768.891217213,4360073.599541882,-8831860.15664856,-5.760805698900597e-05,1.4041756976917763,1.4671048424396986,1.5249808203118136,2.5396205446910947,5.834683773094331e-09
2026-08-08 04:45:00,R03,R,-22355719.23212354,4016599.361270647,-11714040.74025828,-5.759233377067349e-05,-22355720.41148167,4016597.805039072,-11714041.989845186,-5.759794490461933e-05,1.1793581337683483,1.5562315748750548,1.2495869061140077,2.318234189691635,5.611133945838741e-09
2026-08-08 05:00:00,R03,R,-20872219.462852556,3435823.6400468973,-14370001.797196276,-5.758222845497389e-05,-20872220.38694213,3435821.934464286,-14370002.612963423,-5.758783282023268e-05,0.924089573133537,1.705582611235122,0.8157671480165414,2.1043834305336997,5.6043652587918495e-09
2026-08-08 05:15:00,R03,R,-19169091.00715032,2594073.5233604945,-16748967.958691014,-5.757275020660917e-05,-19169091.66465973,2594071.790869343,-16748968.39231129,-5.757772073584604e-05,0.6575094141631066,1.7324911512207557,0.4336202766879075,1.903121321179033,4.9705292368654315e-09
2026-08-08 05:30:00,R03,R,-17307634.395234518,1479228.0529663072,-18805644.07479917,-5.756264326971107e-05,-17307634.808833558,1479226.3479243433,-18805644.098286517,-5.756760865145939e-05,0.4135990408288617,1.7050419639376857,0.0234873453771539,1.754646380543926,4.9653817483239255e-09
2026-08-08 05:45:00,R03,R,-15352126.642196923,91435.29020451548,-20501023.5055672,-5.755330655601747e-05,-15352126.871088948,91433.64338605292,-20501023.02247232,-5.755749656707275e-05,0.2288920223838995,1.646818462568837,-0.4830948816373442,1.7314107748402108,4.190011055282202e-09
2026-08-08 06:00:00,R03,R,-13367232.044423684,-1556682.5528861172,-21803073.55223989,-5.754413176400676e-05,-13367232.104033148,-1556684.1628188463,-21803072.632974505,-5.75473844826861e-05,0.059609465770625,1.6099327291301642,-0.9192653843426508,1.85485458394576,3.2527186793405003e-09
2026-08-08 06:15:00,R03,R,-11415429.276286855,-3440339.604739859,-22687289.266742676,-5.753410278788508e-05,-11415429.029942092,-3440341.228276693,-22687288.00018492,-5.753727239829946e-05,-0.2463447636648453,1.6235368342204874,-1.266557756572769,2.073819217142713,3.169610414385346e-09
2026-08-08 06:30:00,R03,R,-9554556.361624112,-5523397.050441705,-23137109.00919661,-5.752543176734122e-05,-9554555.878093118,-5523398.576041276,-23137107.54479276,-5.752716031391281e-05,-0.483530994982783,1.5255995705415302,-1.46440384708134,2.16927059171791,1.7285465715942171e-09
2026-08-08 06:45:00,R03,R,-7835571.122609848,-7759638.979956823,-23144189.32957256,-5.7515680534923045e-05,-7835570.360682611,-7759640.390474589,-23144187.676122066,-5.7517048229526165e-05,-0.761927236455785,1.4105177656738648,-1.6534504909182592,2.3030397319309484,1.3676946031221644e-09
2026-08-08 07:00:00,R03,R,-6300611.315054445,-10094463.092484824,-22708536.298067708,-5.7505757000777146e-05,-6300610.436452623,-10094464.367551276,-22708534.613756027,-5.750693614513952e-05,-0.8786018217703248,1.2750664509367582,-1.6843116788066146,2.287933881668557,1.1791443623778203e-09
2026-08-08 07:15:00,R03,R,-4981431.566874701,-12466918.183348252,-21838494.661741607,-5.749561982460411e-05,-4981430.531335299,-12466919.195018042,-21838493.16395256,-5.749682406075288e-05,-1.0355394017226025,1.011669790132647,-1.4977890471301394,2.0830721654542,1.2042361487726222e-09
2026-08-08 07:30:00,R03,R,-3898274.293213371,-14812008.579745635,-20550594.716787145,-5.748530242791342e-05,-3898273.094300405,-14812009.491258835,-20550593.5258156,-5.748671197636624e-05,-1.1989129660556548,0.9115131990111556,-1.190971547695401,1.920068186176704,1.4095484528167544e-09
2026-08-08 07:45:00,R03,R,-3059220.164882417,-17063177.90879198,-18869259.18868433,-5.747560503999001e-05,-3059218.8303035023,-17063178.58507361,-18869258.41886707,-5.747659989197959e-05,-1.3345789143515665,0.676281627282076,-0.7698172544599338,1.6825802576089286,9.948519895765374e-10
2026-08-08 08:00:00,R03,R,-2460042.397013731,-19154872.202578817,-16826374.388283867,-5.74650254473978e-05,-2460040.9528683037,-19154872.6321994,-16826374.048561737,-5.746648780759295e-05,-1.4441454273538068,0.4296205840378356,-0.339722132206233,1.5445196627711382,1.4623601951427952e-09
2026-08-08 08:15:00,R03,R,-2084571.387900257,-21025085.771404795,-14460729.572748706,-5.745412579389561e-05,-2084569.839130844,-21025085.951114308,-14460729.75017933,-5.74563757232063e-05,-1.5487694129382157,0.179709514067614,0.1774306240484422,1.5692239579644525,2.249929310688984e-09
2026-08-08 08:30:00,R03,R,-1905556.6155080008,-22617787.45417848,-11817331.98486596,-5.744329799980133e-05,-1905555.0819513064,-22617787.285861164,-11817332.6504814,-5.7446263638819656e-05,-1.533556694731904,-0.1683173167708531,0.665615438523411,1.680229379305901,2.9656390183260092e-09
2026-08-08 08:45:00,R03,R,-1885994.3168120307,-23885130.498969942,-8946604.340337671,-5.743368019881533e-05,-1885992.686411045,-23885130.0768492,-8946605.412626635,-5.743615155443301e-05,-1.6304009858238029,-0.4221207438744172,1.0722889639459816,1.9965462476949205,2.471355617681104e-09
2026-08-08 09:00:00,R03,R,-1980868.250807861,-24789357.41496085,-5903475.657426047,-5.742345703081802e-05,-1980866.6635004573,-24789356.77913347,-5903477.103928844,-5.742603947004637e-05,-1.5873074037405408,-0.6358273803976291,1.4465027966825734,2.239685601249281,2.582439228346069e-09
2026-08-08 09:15:00,R03,R,-2139238.6655925144,-25304318.701178093,-2746377.8083639103,-5.7412677487882525e-05,-2139237.183522284,-25304317.75426828,-2746379.433027313,-5.741592738565972e-05,-1.4820702306326128,-0.9469098141291168,1.6246634026699218,2.394306065772806,3.249897777196503e-09
2026-08-08 09:30:00,R03,R,-2306593.870320269,-25416540.196474843,463838.8594936996,-5.7402054994029855e-05,-2306592.444179075,-25416539.099689133,463837.0096938958,-5.740581530127308e-05,-1.4261411941101096,-1.0967857077864551,1.8497998038021568,2.5804218470027225,3.76030724322e-09
2026-08-08 09:45:00,R03,R,-2427370.485267265,-25125791.986578517,3665051.234544808,-5.7392111111330384e-05,-2427369.1651016343,-25125790.649054408,3665049.395529829,-5.739570321688643e-05,-1.3201656308169083,-1.3375241054215123,1.8390149791322572,2.629407560430037,3.592105556043636e-09
2026-08-08 10:00:00,R03,R,-2447538.873418097,-24445126.29969548,6795054.377947351,-5.738174025549944e-05,-2447537.791784621,-24445124.798417363,6795052.620462899,-5.738559113249979e-05,-1.0816334758896111,-1.5012781144552485,1.757484451868662,2.551963665820389,3.8508770003473825e-09
2026-08-08 10:15:00,R03,R,-2317144.4742562054,-23400379.79413836,9792772.208301598,-5.73715553132902e-05,-2317143.652842117,-23400378.14015838,9792770.742599716,-5.737547904811314e-05,-0.8214140880783385,-1.653979980728611,1.465701881408506,2.357679555391067,3.923734822939033e-09
2026-08-08 10:30:00,R03,R,-1992695.4892289136,-22029152.095425084,12599467.114977475,-5.736108975558886e-05,-1992694.9174217132,-22029150.31361305,12599466.094240174,-5.73653669637265e-05,-0.5718072001318681,-1.7818120344029589,1.0207373030099691,2.1316008636285364,4.277208137636949e-09
2026-08-08 10:45:00,R03,R,-1439292.8810196605,-20379298.97689778,15159921.36121744,-5.735060708466087e-05,-1439292.5252483822,-20379297.066635694,15159920.797651025,-5.735525487933985e-05,-0.3557712779465544,-1.9102620813100983,0.5635664152507786,2.0231859840117337,4.647794678987615e-09
2026-08-08 11:00:00,R03,R,-632406.5116630543,-18506998.150861274,17423564.57974875,-5.733994311143106e-05,-632406.3765123123,-18506996.22800508,17423564.57213545,-5.734514279495321e-05,-0.1351507420272197,-1.92285619456809,0.0076133014642829,1.9276150109445012,5.1996835221466875e-09
2026-08-08 11:15:00,R03,R,440784.36908410734,-16474467.006737463,19345522.102528542,-5.732898428935711e-05,440784.207504997,-16474465.036750872,19345522.631292,-5.733503071056656e-05,0.1615791103317956,-1.9699865906483796,-0.5287634522086027,2.0461050228718958,6.04642120945473e-09
2026-08-08 11:30:00,R03,R,1780550.2158598753,-14347425.826513516,20887557.24261897,-5.7317324426953625e-05,1780549.8524124362,-14347424.004791727,20887558.222714517,-5.732491862617992e-05,0.3634474390624616,-1.821721787888241,-0.9800955385877111,2.1003217796774205,7.594199226299136e-09
2026-08-08 11:45:00,R03,R,3374313.76197342,-12192417.000468986,22018884.65754338,-5.7306052910313016e-05,3374313.073504227,-12192415.242204498,22018886.00475201,-5.731480654179327e-05,0.6884691931073679,-1.7582644880807383,-1.347208629160357,2.319580766084221,8.753631480255361e-09
2026-08-08 12:00:00,R03,R,5196912.556017682,-10074092.80696742,22716833.411444545,-5.729536136382968e-05,5196911.661600945,-10074091.154363858,22716834.98527436,-5.730469445740663e-05,0.8944167369321071,-1.652603560381209,-1.573829813131707,2.451126293725215,9.333093576953038e-09
2026-08-08 12:15:00,R03,R,7211418.256579385,-8052593.4687285395,22967341.293187924,-5.728432146135092e-05,7211417.107210358,-8052592.061490244,22967343.11438364,-5.7294582373019984e-05,1.149369027791154,-1.4072382953981513,-1.8211957123566636,2.57257120499841,1.0260911669067525e-08
2026-08-08 12:30:00,R03,R,9370477.541479208,-6181129.587980227,22765267.854889996,-5.727502625155634e-05,9370476.24892315,-6181128.309084113,22765269.72642989,-5.728447028863334e-05,1.2925560565034329,-1.2788961142787507,-1.8715398999587587,2.609394187825717,9.444037077004131e-09
2026-08-08 12:45:00,R03,R,11618121.524769347,-4503875.046045646,22114514.97770509,-5.726362146355504e-05,11618120.097332356,-4503873.860715401,22114516.722108237,-5.7274358204246695e-05,1.427436992685562,-1.1853302449576275,-1.7444031395110486,2.5466696823173813,1.0736740691656048e-08
2026-08-08 13:00:00,R03,R,13891963.624356724,-3054265.51818689,21027952.93209793,-5.725320437724576e-05,13891962.00564932,-3054264.544316776,21027954.48809666,-5.726424611986005e-05,1.6187074033122135,-0.9738701139936642,-1.555998722151522,2.447400392213128,1.1041742614290188e-08
2026-08-08 13:15:00,R03,R,16125691.002403626,-1853776.4932758813,19527152.695062906,-5.7241982448169255e-05,16125689.19658984,-1853775.7203446615,19527153.86303823,-5.7254134035473405e-05,1.8058137857321463,-0.7729312197946199,-1.1679753235438872,2.285290453242413,1.2151587304148591e-08
2026-08-08 13:30:00,R03,R,18251740.05626996,-911232.6728955836,17641930.033472437,-5.7230852866765125e-05,18251738.08190324,-911232.0878011342,17641930.75447141,-5.724402195108677e-05,1.974366722616165,-0.5850944495040168,-0.7209989736490581,2.181810942821926,1.3169084321641782e-08
2026-08-08 13:45:00,R03,R,20204037.53887456,-222678.1134872543,15409714.88241271,-5.72214549481785e-05,20204035.53710741,-222677.78879609983,15409715.070926104,-5.723390986670012e-05,2.001767148891173,-0.3246911544742135,-0.1885133941594974,2.0366721297133785,1.2454918521617497e-08
2026-08-08 14:00:00,R03,R,21920687.815345302,228190.77066497356,12874760.549496472,-5.721095860444724e-05,21920685.72496725,228190.7993738968,12874760.249057638,-5.722379778231348e-05,2.090378053629857,-0.0287089232526931,0.3004388334329383,2.112053053785871,1.2839177866231709e-08
2026-08-08 14:15:00,R03,R,23346487.418481894,469053.0422917511,10087214.4286168,-5.720051156079471e-05,23346485.27316092,469052.8414762076,10087213.644823393,-5.721368569792683e-05,2.1453209757836893,0.2008155434687519,0.7837934078817087,2.29282818324334,1.3174137132115405e-08
2026-08-08 14:30:00,R03,R,24435160.377809267,537499.3020784092,7102072.533952948,-5.719092162473941e-05,24435158.351588275,537498.8565770076,7102071.273690537,-5.7203573613540186e-05,2.026220991514562,0.4455014016853931,1.2602624112174388,2.427406919015742,1.2651988800777452e-08
2026-08-08 14:45:00,R03,R,25151218.89562713,479144.2437474329,3978044.37714273,-5.7180697052077095e-05,25151216.905527443,479143.6053769628,3978042.72518837,-5.719346152915354e-05,1.990099683847244,0.6383704701123958,1.6519543608033769,2.6640132918095047,1.2764477076443235e-08
2026-08-08 15:00:00,R03,R,25471371.02502813,345403.914740429,776355.3815010426,-5.716990507946584e-05,25471369.166095067,345403.02098816965,776353.4886009272,-5.718334944476689e-05,1.858933063490655,0.8937522593873333,1.8929001154218157,2.799552836197709,1.3444365301055349e-08
2026-08-08 15:15:00,R03,R,25385422.28384936,191036.78537447585,-2440485.6465882817,-5.715960557752398e-05,25385420.56665232,191035.6621790058,-2440487.5928617907,-5.717323736038025e-05,1.7171970396998693,1.1231954700177535,1.946273508805104,2.8281291180034422,1.3631782856271709e-08
2026-08-08 15:30:00,R03,R,24896635.81430209,71559.0070337742,-5609926.619653746,-5.715084000037416e-05,24896634.207527477,71557.76527071977,-5609928.4253275,-5.716312527599361e-05,1.6067746219920382,1.2417630544399718,1.8056737547233688,2.717380701658591,1.22852756194413e-08
2026-08-08 15:45:00,R03,R,24021543.271060284,40645.822938859645,-8670593.663960839,-5.714038048010189e-05,24021541.851110674,40644.4463711544,-8670595.206600755,-5.715301319160696e-05,1.4199496109247804,1.3765677052498582,1.5426399175724728,2.5081733313290573,1.263271150506574e-08
2026-08-08 16:00:00,R03,R,22789221.203873526,147629.52084369157,-11563469.994536178,-5.712988421372902e-05,22789219.944330774,147628.03014769778,-11563471.150320876,-5.714290110722031e-05,1.259542746490537,1.490695993781877,1.1557846967064307,2.268140370712324,1.3016893491295147e-08
2026-08-08 16:15:00,R03,R,21240068.411190327,435199.8442652042,-14233009.777121997,-5.712110809297818e-05,21240067.30114552,435198.17568189,-14233010.508626558,-5.713278902283367e-05,1.1100448082430807,1.6685833141967183,0.7315045631183282,2.1334171365642627,1.1680929855486828e-08
2026-08-08 16:30:00,R03,R,19424141.75459488,937399.6580618772,-16628168.500298578,-5.711151318196617e-05,19424140.927923296,937397.96173455,-16628168.731079536,-5.712267693844702e-05,0.8266715866245858,1.6963273270345245,0.2307809598704288,1.901097620853601,1.116375648085057e-08
2026-08-08 16:45:00,R03,R,17399123.91281846,1677997.8015945046,-18703332.79920887,-5.710214726637055e-05,17399123.317456707,1677996.0640115915,-18703332.499355767,-5.711256485406038e-05,0.595361753269483,1.7375829131592784,-0.2998530998051093,1.86106471645183,1.0417587689833744e-08
2026-08-08 17:00:00,R03,R,15228008.117408885,2669300.1095695267,-20419137.16197289,-5.709196502231442e-05,15228007.852179412,2669298.383338714,-20419136.30468966,-5.710245276967373e-05,0.2652294714971653,1.726230812931976,-0.8572832291386889,1.945547230737129,1.0487747359316021e-08
2026-08-08 17:15:00,R03,R,12976598.472318288,3911445.4825056223,-21743156.403089862,-5.708178536636256e-05,12976598.424670637,3911443.785207356,-21743155.055434268,-5.709234068528709e-05,0.0476476527217064,1.6972982659217486,-1.3476555996404045,2.167779351676042,1.055531892453017e-08
2026-08-08 17:30:00,R03,R,10710924.62241043,5392210.491837056,-22650466.506888483,-5.707321455831515e-05,10710924.871041223,5392208.800734859,-22650464.81315025,-5.708222860090044e-05,-0.2486307934964378,1.6911021976043688,-1.6937382340227798,2.406323569183413,9.014042585287628e-09
2026-08-08 17:45:00,R03,R,8494676.826923843,7087327.569145218,-23124068.115396127,-5.706270966305643e-05,8494677.348782495,7087325.985710305,-23124066.091280323,-5.70721165165138e-05,-0.5218586510893163,1.5834349123921387,-2.024115804464107,2.6223362414801885,9.406853457367921e-09
2026-08-08 18:00:00,R03,R,6386759.791951706,8961302.313191954,-23155168.37921577,-5.705215169903985e-05,6386760.533212271,8961300.838469917,-23155166.18316702,-5.7062004432127154e-05,-0.7412605650334477,1.47472203702563,-2.1960487464598977,2.7471626105112192,9.852733087305838e-09
2026-08-08 18:15:00,R03,R,4439061.731752885,10968694.784132447,-22743320.904163435,-5.704283824944499e-05,4439062.710984074,10968693.358218027,-22743318.72591575,-5.705189234774051e-05,-0.9792311893518192,1.425914418967294,-2.178247687493992,2.7815263149017917,9.054098295523985e-09
2026-08-08 18:30:00,R03,R,2694524.6345440038,13055814.233882634,-21896422.110826,-5.703286650786616e-05,2694525.838032201,13055813.020452444,-21896420.19685639,-5.7041780263353865e-05,-1.203488197437472,1.2134301895789834,-1.9139696095369971,2.565945504601411,8.913755487700277e-09
2026-08-08 18:45:00,R03,R,1185589.4582754795,15162761.529898465,-20630565.888636027,-5.702271057901628e-05,1185590.7707680492,15162760.617490914,-20630564.35013468,-5.703166817896722e-05,-1.312492569645547,0.9124075495606137,-1.5385013470582587,2.2185830335531844,8.957599950947996e-09
2026-08-08 19:00:00,R03,R,-66923.85946513941,17225738.07700396,-18969757.90141109,-5.701251836112248e-05,-66922.42797078565,17225737.458465848,-18969756.819919474,-5.7021556094580576e-05,-1.4314943537620202,0.6185381124650943,-1.0814916149004672,1.8977327510807327,9.037733458100537e-09
2026-08-08 19:15:00,R03,R,-1054457.102417819,19179532.552436057,-16945493.90582995,-5.700349283153866e-05,-1054455.5380174452,19179532.191429704,-16945493.338761043,-5.7011444010193934e-05,-1.564400373757176,0.3610063546459815,-0.5670689096298439,1.7027158499805986,7.951178655268761e-09
2026-08-08 19:30:00,R03,R,-1780850.513241185,20960088.42731044,-14596206.375967052,-5.699387931691628e-05,-1780848.917857428,20960088.304249145,-14596206.33604561,-5.7001331925807286e-05,-1.5953837570571625,0.1230612927403924,-0.039921442420731,1.6006208594222788,7.452608891004738e-09
2026-08-08 19:45:00,R03,R,-2261968.840801779,22507051.33319068,-11966585.801761683,-5.698465456095555e-05,-2261967.241937017,22507051.44328998,-11966586.16940512,-5.6991219841420645e-05,-1.5988647622308116,-0.1100992998801425,0.3676434355625394,1.6442785893666907,6.565280465094826e-09
2026-08-08 20:00:00,R03,R,-2524828.630630706,23766194.917150047,-9106784.204084914,-5.697433191815832e-05,-2524827.080102349,23766195.27475605,-9106784.954905327,-5.6981107757034e-05,-1.5505283566669965,-0.3576060048513356,0.7508204136624669,1.7594747889942806,6.7758388756709925e-09
2026-08-08 20:15:00,R03,R,-2606260.219041632,24691627.20580981,-6071511.690417912,-5.696448694553266e-05,-2606258.6385358186,24691627.855867177,-6071512.922582744,-5.697099567264736e-05,-1.5805058128223406,-0.6500573696370942,1.2321648320531424,2.106846786440166,6.508727114696005e-09
2026-08-08 20:30:00,R03,R,-2551154.250328506,25247686.643779967,-2919037.9489147225,-5.695500551961728e-05,-2551152.7644343777,25247687.45057439,-2919039.419284327,-5.696088358826071e-05,-1.4858941279877338,-0.8067944241270173,1.4703696043143422,2.240710908547193,5.87806864343452e-09
2026-08-08 20:45:00,R03,R,-2410363.1020401823,25410446.30990771,289888.5497012516,-5.694559146939805e-05,-2410361.7066271305,25410447.37481439,289886.9397497813,-5.695077150387407e-05,-1.3954130519292165,-1.0649066827338602,1.609951470353911,2.3818370148522683,5.180034476011798e-09
2026-08-08 21:00:00,R03,R,-2238338.6383577534,25168762.290585916,3493183.5641922317,-5.693491682402209e-05,-2238337.393558308,25168763.608644698,3493181.992213514,-5.694065941948742e-05,-1.2447994459119829,-1.3180587855990815,1.5719787170144466,2.399566983766882,5.742595465325961e-09
2026-08-08 21:15:00,R03,R,-2090604.607674608,24524814.71841337,6628615.695904378,-5.692397485675927e-05,-2090603.4103738265,24524816.22416366,6628614.18829986,-5.693054733510077e-05,-1.197300781606946,-1.5057502875204445,1.5076045180625997,2.4441122054617845,6.572478341498523e-09
2026-08-08 21:30:00,R03,R,-2021166.7193534388,23494114.01704634,9635016.667579483,-5.691355387097741e-05,-2021165.7404398192,23494115.6290306,9635015.459769247,-5.692043525071413e-05,-0.9789136196738876,-1.6119842564081714,1.2078102378500952,2.2395469828396863,6.881379736718699e-09
2026-08-08 21:45:00,R03,R,-2079972.864645808,22104964.78618932,12453491.903651653,-5.690338549362896e-05,-2079972.0847571825,22104966.51623485,12453491.093481775,-5.691032316632749e-05,-0.7798886258987424,-1.7300455291577794,0.810169874835966,2.063409563769824,6.937672698530914e-09
2026-08-08 22:00:00,R03,R,-2310530.3587105954,20397403.568641152,15028603.757755691,-5.689402055153284e-05,-2310529.727299547,20397405.375769638,15028603.403138166,-5.690021108194084e-05,-0.6314110485546607,-1.807128481781327,0.354617526673153,1.9468299494629635,6.1905304079982276e-09
2026-08-08 22:15:00,R03,R,-2747787.6030610264,18421648.580429632,17309502.931735076,-5.688313632510723e-05,-2747787.207879373,18421650.461115222,17309503.11406674,-5.689009899755419e-05,-0.3951816533962729,-1.880685595706848,-0.1823316613843621,1.9303864079047528,6.962672446957753e-09
2026-08-08 22:30:00,R03,R,-3416375.576064114,16236123.284180744,19250981.49491683,-5.687271069577136e-05,-3416375.4618495437,16236125.121602952,19250982.24382319,-5.687998691316755e-05,-0.1142145705095923,-1.837422209049323,-0.7489063597715575,1.9874672520901249,7.276217396195128e-09
2026-08-08 22:45:00,R03,R,-4329289.734731682,13905133.49828071,20814421.826788004,-5.686238257795364e-05,-4329289.814491842,13905135.290638598,20814422.967602804,-5.686987482878091e-05,0.0797601598985573,-1.7923578884266385,-1.1408148005728314,2.126115446658124,7.492250827269338e-09
2026-08-08 23:00:00,R03,R,-5487075.410683971,11496296.852007192,21968617.0148446,-5.685163805001874e-05,-5487075.776708929,11496298.580875006,21968618.551310305,-5.685976274439426e-05,0.3660249579177502,-1.7288678120666765,-1.5364657075387371,2.341726937937346,8.124694375524083e-09
2026-08-08 23:15:00,R03,R,-6877559.094967493,9077833.24331882,22690443.035839945,-5.684086836688206e-05,-6877559.740547749,9077834.917844854,22690444.91830588,-5.6849650660007614e-05,0.6455802563754752,-1.6745260334379215,-1.8824659336751088,2.600863182778068,8.782293125553531e-09
2026-08-08 23:30:00,R03,R,-8476140.541319354,6715834.602538385,22965362.742705557,-5.683015412371971e-05,-8476141.413529057,6715836.167793517,22965364.739723515,-5.683953857562097e-05,0.872209704454648,-1.565255131844193,-1.9970179607450924,2.6830680445802964,9.384451901262597e-09
2026-08-08 23:45:00,R03,R,-10246638.222799089,4471632.898076723,22787747.966048323,-5.681988228396512e-05,-10246639.336652722,4471634.257384727,22787750.005179048,-5.682942649123433e-05,1.1138536350202943,-1.3593080033590872,-2.039130723223607,2.6919216694841666,9.544207269212661e-09
2026-08-08 00:00:00,R04,R,-21656129.60769462,9900754.433296349,8942589.936616758,8.188086217170607e-06,-21656129.281281944,9900756.24770088,8942591.182848575,8.197139132201678e-06,-0.3264126758718869,-1.8144045328176472,-1.246231817468712,2.2252421860441256,-9.052915031072113e-09
2026-08-08 00:15:00,R04,R,-22490559.79897249,10287241.959938774,5884986.309115808,8.19638572639996e-06,-22490559.29676698,10287243.7550604,5884987.134394163,8.204552573670998e-06,-0.5022055145834982,-1.7951216265831893,-0.8252783561012338,2.038567241509072,-8.16684727103705e-09
2026-08-08 00:30:00,R04,R,-22933897.74182889,10599865.15881296,2711979.265948513,8.203705689633508e-06,-22933897.071008213,10599866.827334285,2711979.7416365547,8.211966015140316e-06,-0.6708206812214937,-1.6685213233362637,-0.4756880415711063,1.8601728160781248,-8.26032550680862e-09
2026-08-08 00:45:00,R04,R,-22992111.126626704,10782519.564198423,-514259.668803772,8.21135097587078e-06,-22992110.18918483,10782521.046088152,-514259.7052966056,8.219379456609635e-06,-0.9374418735548458,-1.4818897289753452,0.0364928335694589,1.753888868212171,-8.028480738853827e-09
2026-08-08 01:00:00,R04,R,-22684308.64248364,10782779.847994504,-3730343.607529383,8.219558697881142e-06,-22684307.53612875,10782781.195192195,-3730344.117718221,8.226792898078953e-06,-1.106354889734957,-1.3471976953792355,0.5101888385773703,1.8163852629562096,-7.234200197810234e-09
2026-08-08 01:15:00,R04,R,-22041835.490448944,10554392.09836453,-6872957.870718446,8.226351198638883e-06,-22041834.2481646,10554393.234455386,-6872958.796940907,8.234206339548273e-06,-1.2422843474469043,-1.136090856486827,0.9262224610957812,1.921421578296361,-7.855140909389261e-09
2026-08-08 01:30:00,R04,R,-21106853.73610796,10059515.61454838,-9880156.665306354,8.234737549835253e-06,-21106852.366777644,10059516.45301627,-9880157.857970908,8.24161978101759e-06,-1.3693303170233584,-0.8384678881031906,1.1926645539163812,2.0001356590661734,-6.882231182337276e-09
2026-08-08 01:45:00,R04,R,-19930469.499293096,9270613.395961491,-12692637.130606445,8.242540724815916e-06,-19930467.939005416,9270614.001695191,-12692638.535418674,8.249033222486909e-06,-1.5602876795159708,-0.6057336992970149,1.404812228869916,2.185156368705874,-6.492497670992858e-09
2026-08-08 02:00:00,R04,R,-18570487.97810861,8171904.996779313,-15254961.685166107,8.250022865236067e-06,-18570486.384849675,8171905.353510522,-15254963.104610473,8.256446663956229e-06,-1.5932589380914015,-0.3567312085694773,1.4194443629640918,2.163458688888262,-6.423798720161065e-09
2026-08-08 02:15:00,R04,R,-17088896.87741813,6760313.736572775,-17516697.861891467,8.258869580421155e-06,-17088895.254556645,6760313.910123985,-17516699.250838015,8.263860105425547e-06,-1.6228614867978448,-0.1735512097479213,1.3889465470788285,2.1431220073478965,-4.990525004392589e-09
2026-08-08 02:30:00,R04,R,-15549187.724314691,5045866.122976395,-19433450.58562785,8.266650189755333e-06,-15549186.090471877,5045865.978514805,-19433451.80569552,8.271273546894865e-06,-1.6338428173526711,0.1444615898375231,1.2200676654292664,2.044230077799297,-4.62335713953212e-09
2026-08-08 02:45:00,R04,R,-14013635.955629796,3051522.905038141,-20967760.856861807,8.273702549707226e-06,-14013634.314116305,3051522.5035460144,-20967761.762292035,8.278686988364185e-06,-1.6415134909065765,0.4014921267999682,0.9054302277676554,1.9171766653248328,-4.984438656959118e-09
2026-08-08 03:00:00,R04,R,-12540659.135202106,812451.6406291152,-22089851.68942815,8.281529507874643e-06,-12540657.512101077,812450.9481244702,-22089852.2545768,8.286100429833503e-06,-1.623101029952129,0.6925046449519376,0.5651486508934677,1.852947013359631,-4.570921958860451e-09
2026-08-08 03:15:00,R04,R,-11182369.709386216,-1625228.9625496794,-22778205.51128012,8.29057528356618e-06,-11182368.158574296,-1625229.7893281977,-22778205.574833296,8.293513871302821e-06,-1.550811920417983,0.8267785180319502,0.063553175470192,1.7585844695384882,-2.938587736641657e-09
2026-08-08 03:30:00,R04,R,-9982428.474251203,-4206173.912569573,-23019960.51190261,8.296988596936433e-06,-9982426.980974104,-4206174.847881136,-23019960.113196604,8.30092731277214e-06,-1.4932770984677972,0.9353115636957762,-0.3987060062946804,1.8065576917017887,-3.938715835705993e-09
2026-08-08 03:45:00,R04,R,-8974289.755919304,-6867930.818721976,-22811122.05137599,8.305135426615413e-06,-8974288.448245995,-6867932.007988796,-22811121.122589737,8.30834075424146e-06,-1.307673308541012,1.1892668195193612,-0.9287862507764838,1.996749596096549,-3.205327626045686e-09
2026-08-08 04:00:00,R04,R,-8179912.203813532,-9543358.099582983,-22156585.666904915,8.313310465277298e-06,-8179911.092277109,-9543359.45469497,-22156584.22667976,8.315754195710778e-06,-1.1115364237116805,1.355111986433364,-1.4402251524995466,2.268499549681567,-2.4437304334796182e-09
2026-08-08 04:15:00,R04,R,-7608984.491487793,-12163235.220996054,-21069977.140824437,8.320808041185251e-06,-7608983.61386193,-12163236.718201175,-21069975.39167464,8.323167637180096e-06,-0.8776258633856231,1.497205120649307,-1.7491497944157826,2.464016098301032,-2.3595959948453516e-09
2026-08-08 04:30:00,R04,R,-7258694.862505231,-14658954.37668964,-19573317.42847089,8.32870891176295e-06,-7258694.142710428,-14658955.940000525,-19573315.491195437,8.330581078649416e-06,-0.7197948028841761,1.5633108840238603,-1.937275457079826,2.5913474631879034,-1.872166886465373e-09
2026-08-08 04:45:00,R04,R,-7114046.311942444,-16965177.37718712,-17696523.620628238,8.336511589786487e-06,-7114045.825424284,-16965179.023587942,-17696521.4557551,8.337994520118734e-06,-0.4865181600975831,1.646400820002058,-2.1648731388873896,2.7629714598027117,-1.4829303322469307e-09
2026-08-08 05:00:00,R04,R,-7148698.446846232,-19022348.124502487,-15476761.364009708,8.343683643887758e-06,-7148698.2777192565,-19022349.7735374,-15476759.203883989,8.345407961588052e-06,-0.1691269753061052,1.649034911238111,-2.160125719714223,2.722877741880668,-1.724317700293979e-09
2026-08-08 05:15:00,R04,R,-7326292.385032145,-20778956.81745251,-12957667.982675988,8.350851908463355e-06,-7326292.424812648,-20778958.402734924,-12957666.035687843,8.35282140305737e-06,0.0397805028326465,1.5852824150069529,-1.9469881444591737,2.511068628771518,-1.96949459401473e-09
2026-08-08 05:30:00,R04,R,-7602196.397750415,-22193466.634973112,-10188463.583147328,8.358236681564577e-06,-7602196.775868,-22193468.183149718,-10188461.91383418,8.36023484452669e-06,0.3781175854168402,1.548176600794151,-1.669313147588582,2.307905994697378,-1.998162962112182e-09
2026-08-08 05:45:00,R04,R,-7925596.384599692,-23235828.337401703,-7222971.414342011,8.365177278280628e-06,-7925596.949111201,-23235829.76688829,-7222970.089093329,8.367648285996008e-06,0.56451150904079,1.4294865875295943,-1.3252486817459617,2.02938148612722,-2.471007715379938e-09
2026-08-08 06:00:00,R04,R,-8241836.962044721,-23888525.719042357,-4118568.759730558,8.372026451656953e-06,-8241837.7855374785,-23888526.9563807,-4118567.914930229,8.375061727465326e-06,0.8234927583817321,1.2373383462787602,-0.8448003287039215,1.7096298142163011,-3.035275808373382e-09
2026-08-08 06:15:00,R04,R,-8494917.908094123,-24147116.504054047,-935088.8367355549,8.379309817843066e-06,-8494918.950484995,-24147117.56791582,-935088.5372764344,8.382475168934646e-06,1.0423908720872923,1.063861772258502,-0.2994591202678123,1.5192288719595473,-3.165351091580055e-09
2026-08-08 06:30:00,R04,R,-8630039.36633372,-24020252.82670757,2266306.7170112184,8.38628258101613e-06,-8630040.616324132,-24020253.643093117,2266306.438077957,8.389888610403964e-06,1.249990412318347,0.8163855373875953,0.2789332614719052,1.5188038520160456,-3.606029387834123e-09
2026-08-08 06:45:00,R04,R,-8596094.161913084,-23529185.15831013,5424264.797139622,8.393530789377462e-06,-8596095.568769064,-23529185.809509367,5424264.07669765,8.397302051873282e-06,1.406855980593445,0.6511992327838483,0.7204419715425632,1.7094855440365535,-3.7712624958212205e-09
2026-08-08 07:00:00,R04,R,-8348006.074133786,-22706775.91544842,8478370.100354612,8.400950458196126e-06,-8348007.670304626,-22706776.353602737,8478368.866738051,8.4047154933426e-06,1.596170839687288,0.4381543175489308,1.2336165601788058,2.064352288976419,-3.7650351464738975e-09
2026-08-08 07:15:00,R04,R,-7848822.079224689,-21596063.728360992,11370247.457244491,8.408248327584046e-06,-7848823.732445944,-21596063.924253598,11370246.00785267,8.41212893481192e-06,1.6532212548894751,0.1958926016570212,1.4493918229587903,2.207317622242457,-3.880607227874523e-09
2026-08-08 07:30:00,R04,R,-7071474.329739037,-20248439.27275821,14044624.702615906,8.415512433134406e-06,-7071476.111020957,-20248439.217127144,14044623.209629033,8.419542376281239e-06,1.7812819201627008,-0.055631066477227,1.4929868732943314,2.324880620265285,-4.0299431468325125e-09
2026-08-08 07:45:00,R04,R,-6000144.5297042085,-18721505.27990998,16450337.374424327,8.421978105067008e-06,-6000146.31987084,-18721505.07317041,16450335.920294955,8.426955817750557e-06,1.7901666312935942,-0.206739570250526,1.4541293715401868,2.315584169681656,-4.977712683548189e-09
2026-08-08 08:00:00,R04,R,-4631173.373146793,-17076706.21902033,18541263.058000702,8.429617239023233e-06,-4631175.207460829,-17076705.817998324,18541261.72074858,8.434369259219877e-06,1.8343140365778612,-0.4010220063686907,1.3372521239708492,2.305161572958192,-4.752020196644014e-09
2026-08-08 08:15:00,R04,R,-2973480.461955305,-15376819.760619862,20277171.448726647,8.435496924116616e-06,-2973482.289724363,-15376819.096854562,20277170.30495624,8.441782700689195e-06,1.827769057754396,-0.6637653008191055,1.1437704046682249,2.255999743273652,-6.285776572579015e-09
2026-08-08 08:30:00,R04,R,-1048473.4323637994,-13683409.557988646,21624476.87366448,8.4423157625516e-06,-1048475.195093601,-13683408.702046664,21624476.06524805,8.449196142158513e-06,1.762729801542884,-0.8559419823734549,0.8084164293054047,2.119761815300888,-6.880379606912273e-09
2026-08-08 08:45:00,R04,R,1110552.3728249215,-12054339.781618647,22556881.199905563,8.449304497266067e-06,1110550.655914992,-12054338.774631212,22556880.87855282,8.456609583627833e-06,1.7169099295050885,-1.0069874343783909,0.3213527422877084,2.0162021188375365,-7.305086361765842e-09
2026-08-08 09:00:00,R04,R,3459504.300482156,-10541449.24466212,23055895.21426898,8.457057438411599e-06,3459502.587251352,-10541448.168365004,23055895.337119967,8.464023025097151e-06,1.713230803387188,-1.076297115816169,-0.1228509873089118,2.0269848623686584,-6.965586685552963e-09
2026-08-08 09:15:00,R04,R,5945034.319866925,-9188479.909848103,23111226.78586975,8.46412363047301e-06,5945032.767268273,-9188478.630828502,23111227.48649824,8.47143646656647e-06,1.5525986515504828,-1.27901960114363,-0.7006284902059827,2.1301018741352027,-7.312836093459891e-09
2026-08-08 09:30:00,R04,R,8506476.469045369,-8029343.208896551,22721028.065341536,8.470663157354995e-06,8506475.066967912,-8029341.80135943,22721029.227517456,8.478849908035787e-06,1.4020774572091164,-1.4075371217707555,-1.1621759213710126,2.3016591444849617,-8.186750680792238e-09
2026-08-08 09:45:00,R04,R,11078104.563445736,-7086799.463847942,21891990.35558412,8.478158420836024e-06,11078103.335383257,-7086797.965804746,21891992.00075949,8.486263349505107e-06,1.2280624785310708,-1.498043195788652,-1.6451753706057295,2.541431263613528,-8.104928669082766e-09
2026-08-08 10:00:00,R04,R,13591624.500320686,-6371605.872881046,20639283.287628077,8.48674100034931e-06,13591623.51735154,-6371604.286259379,20639285.274007797,8.493676790974425e-06,0.9829691462218716,-1.5866216666261184,-1.9863797207882985,2.725674421237906,-6.935790625115139e-09
2026-08-08 10:15:00,R04,R,15978801.628887355,-5882173.845379662,18986331.567683887,8.493312350132717e-06,15978800.787630022,-5882172.227287171,18986333.738052536,8.501090232443744e-06,0.8412573334731638,-1.6180924904919316,-2.1703686505134545,2.8348610703243207,-7.777882311027263e-09
2026-08-08 10:30:00,R04,R,18174115.93383284,-5604755.331049813,16964429.756130937,8.500836778386626e-06,18174115.241154347,-5604753.674670113,16964431.989711095,8.508503673913063e-06,0.6926784913159084,-1.6563796995615063,-2.2335801588396627,2.8657071600938853,-7.666895526437263e-09
2026-08-08 10:45:00,R04,R,20117336.63592881,-5514155.144019359,14612196.672869056,8.508099760597868e-06,20117336.206916787,-5514153.49482057,14612198.807510916,8.515917115382382e-06,0.4290120210771323,-1.6491987887636563,-2.134641860866662,2.731410594043393,-7.817354784512984e-09
2026-08-08 11:00:00,R04,R,21755906.508060087,-5574945.52681323,11974874.78992021,8.515823399184929e-06,21755906.3474029,-5574943.866555142,11974876.827505428,8.5233305568517e-06,0.1606571850958,-1.6602580870232129,-2.037585216935669,2.633252962197833,-7.507157666771471e-09
2026-08-08 11:15:00,R04,R,23047032.533600293,-5743135.190854669,9103485.647455096,8.523289008933956e-06,23047032.584687755,-5743133.604490118,9103487.38680596,8.530743998321018e-06,-0.0510874622173964,-1.586364550151865,-1.739350863289552,2.354677014029834,-7.454989387062243e-09
2026-08-08 11:30:00,R04,R,23959391.27438921,-5968226.461809642,6053853.152752847,8.531504808845026e-06,23959391.54880241,-5968224.931434732,6053854.369333123,8.538157439790338e-06,-0.2744131989276169,-1.5303749099893391,-1.2165802754147577,1.9741878166473452,-6.652630945311745e-09
2026-08-08 11:45:00,R04,R,24474371.915832363,-6195573.1976155415,2885514.1882816167,8.540193706279674e-06,24474372.40961427,-6195571.808460535,2885514.8856905047,8.545570881259656e-06,-0.4937819057809601,-1.3891550069166847,-0.6974088880962739,1.6309357316933284,-5.3771749799821765e-09
2026-08-08 12:00:00,R04,R,24586798.422342803,-6368940.165039717,-339461.8556522683,8.548440510085347e-06,24586799.10091755,-6368939.007171774,-339461.6434696308,8.552984322728974e-06,-0.6785747467057432,-1.1578679424938254,-0.2121826374599034,1.3587285714082444,-4.543812643627377e-09
2026-08-08 12:15:00,R04,R,24305095.38531509,-6433151.375287475,-3557720.87880006,8.557562351732251e-06,24305096.289999288,-6433150.498259646,-3557721.14560662,8.560397764198294e-06,-0.904684192958021,-0.8770278288716759,0.2668065589753352,1.287950713931139,-2.8354124660421263e-09
2026-08-08 12:30:00,R04,R,23650886.86511439,-6336710.849472525,-6705911.076120816,8.565200908644581e-06,23650887.978514016,-6336710.132321985,-6705911.787514372,8.567811205667612e-06,-1.1133996266270794,-0.717150539321492,0.7113935553296362,1.503344410036159,-2.610297023030327e-09
2026-08-08 12:45:00,R04,R,22658041.826981086,-6034277.956195396,-9721979.781856682,8.57325010367433e-06,22658043.158634584,-6034277.451991807,-9721980.72614912,8.57522464713693e-06,-1.331653498211117,-0.5042035898943265,0.9442924373425744,1.7085697254085392,-1.97454346259989e-09
2026-08-08 13:00:00,R04,R,21371206.642670583,-5488887.241494236,-12546449.248290451,8.582239499202648e-06,21371208.204132468,-5488886.9539159,-12546450.390158592,8.582638088606248e-06,-1.5614618854497209,-0.2875783364169016,1.141868139913679,1.9556910206467777,-3.9858940360175695e-10
2026-08-08 13:15:00,R04,R,19843887.669226844,-4673810.048265746,-15123642.74218558,8.59014046163186e-06,19843889.335463934,-4673810.052573739,-15123643.994509077,8.590051530075568e-06,-1.6662370889336977,0.0043079930890156,1.2523234965300034,2.0843892955261096,8.893155629141756e-11
2026-08-08 13:30:00,R04,R,18136167.68311642,-3573974.6718779216,-17402829.81995168,8.598123314074793e-06,18136169.306482807,-3573974.9042810146,-17402831.035947107,8.597464971544886e-06,-1.623366384975898,0.2324030927930202,1.2159954282842789,2.041561779378166,6.583425299073146e-10
2026-08-08 13:45:00,R04,R,16312157.665726531,-2186878.8979214886,-19339264.47960259,8.605785668565535e-06,16312159.306096155,-2186879.352157889,-19339265.551317133,8.604878413014205e-06,-1.6403696247602066,0.4542364004618886,1.0717145418447998,2.011396348943222,9.072555513306711e-10
2026-08-08 14:00:00,R04,R,14437297.51279902,-522954.88612385833,-20895092.05713537,8.613728081406488e-06,14437299.056388058,-522955.5243146401,-20895092.867349338,8.612291854483525e-06,-1.5435890366381853,0.638190781770559,0.8102139694243058,1.856448562232956,1.436226922963565e-09
2026-08-08 14:15:00,R04,R,12575623.119149562,1394631.0205526366,-22040103.990973458,8.622137209369132e-06,12575624.60162568,1394630.154645294,-22040104.30572116,8.619705295952843e-06,-1.4824761197224798,0.8659073425746847,0.3147476976752748,1.745450395933399,2.431913416290085e-09
2026-08-08 14:30:00,R04,R,10787122.619707946,3530732.9974494963,-22752323.9067676,8.629566711020737e-06,10787124.01864876,3530731.9140775166,-22752323.667462222,8.627118737422161e-06,-1.3989408142722088,1.083371979486903,-0.2393053737960257,1.7854963762779292,2.4479735985752568e-09
2026-08-08 14:45:00,R04,R,9125294.979400504,5839501.054032253,-23018414.750200704,8.637576762901038e-06,9125296.269132895,5839499.76424783,-23018414.11312702,8.634532178891479e-06,-1.2897323928559066,1.289784422642628,-0.6370736839854105,1.9320497873761284,3.0445840095594917e-09
2026-08-08 15:00:00,R04,R,7635016.959688258,8266118.330812251,-22833900.226404976,8.645740836297947e-06,7635018.012786159,8266116.8327636095,-22833899.068875916,8.641945620360799e-06,-1.053097900730131,1.4980486415227945,-1.157529064879466,2.166342183712266,3.7952159371473425e-09
2026-08-08 15:15:00,R04,R,6350807.200640808,10748922.51412035,-22203197.3428466,8.654409489355922e-06,6350808.054459919,10748920.871751014,-22203195.80850492,8.649359061830117e-06,-0.8538191110722848,1.6423693351042634,-1.534341677841402,2.4042854430546003,5.050427525805446e-09
2026-08-08 15:30:00,R04,R,5295559.425473497,13221817.57754854,-21139467.07966022,8.662304889739423e-06,5295560.094705829,13221815.85485633,-21139465.18103972,8.656772503299435e-06,-0.6692323320104065,1.7226922098673367,-1.8986204962101945,2.64958490197524,5.532386439987527e-09
2026-08-08 15:45:00,R04,R,4479792.161033055,15616870.027155517,-19664287.405732304,8.670035202006429e-06,4479792.653414321,15616868.231460275,-19664285.387484413,8.664185944768755e-06,-0.4923812667554523,1.7956952378799362,-2.0182478901461485,2.7459579831592045,5.849257237673468e-09
2026-08-08 16:00:00,R04,R,3901441.3667858336,17866977.983022284,-17807163.68099158,8.677070358319775e-06,3901441.5989234247,17866976.11994955,-17807161.605366074,8.671599386238073e-06,-0.2321375909883855,1.8630727344837832,-2.075625505103565,2.7987763598692914,5.4709720817015845e-09
2026-08-08 16:15:00,R04,R,3546196.832333433,19908500.48388972,-15604888.612079311,8.684486459138207e-06,3546196.8202550006,19908498.58870324,-15604886.50283763,8.679012827707391e-06,0.012078432299089,1.89518647603288,-2.1092416807631955,2.835626586018244,5.473631430814959e-09
2026-08-08 16:30:00,R04,R,3388361.651175929,21683737.91010981,-13100771.146906804,8.692398098193066e-06,3388361.3556874413,21683736.00677829,-13100769.207755083,8.686426269176711e-06,0.2954884875500817,1.903331522864542,-1.9391517213865976,2.733183808447777,5.971829016354853e-09
2026-08-08 16:45:00,R04,R,3392190.3034302955,23143162.59644802,-10343753.715006264,8.699182605956761e-06,3392189.750379436,23143160.82330924,-10343752.081041798,8.69383971064603e-06,0.553050859963202,1.7731387808018633,-1.63396446556131,2.473808049224235,5.342895310731762e-09
2026-08-08 17:00:00,R04,R,3513644.1730453838,24247312.15744785,-7387437.05103282,8.706248638840707e-06,3513643.4114744626,24247310.444436338,-7387435.712894503,8.701253152115348e-06,0.7615709208339698,1.7130115114509552,-1.3381383166723864,2.3032613530318686,4.995486725358931e-09
2026-08-08 17:15:00,R04,R,3702485.97130732,24968270.86250838,-4289033.842336297,8.713180010938968e-06,3702484.9222484073,24968269.376283195,-4289032.9803465735,8.708666593584666e-06,1.0490589127795948,1.4862251858063702,-0.8619897233357476,2.0130613971123497,4.513417354302491e-09
2026-08-08 17:30:00,R04,R,3904622.412332438,25290687.03437275,-1108273.2339525816,8.719423766148329e-06,3904621.125903728,25290685.67534688,-1108272.8728976997,8.716080035053986e-06,1.2864287098319942,1.3590258683051657,-0.361054882087833,1.905835975125372,3.3437310943433605e-09
2026-08-08 17:45:00,R04,R,4064598.094342408,25212287.304770418,2093726.0046816417,8.72538347412839e-06,4064596.55535833,25212286.15679407,2093725.771038397,8.723493476523304e-06,1.5389840781736557,1.1479763468147528,0.2336432446168233,1.934143441286928,1.8899976050860238e-09
2026-08-08 18:00:00,R04,R,4128136.227991024,24743875.85492829,5255591.990531202,8.732324547978617e-06,4128134.549246628,24743874.945147406,5255591.340206707,8.730906917992622e-06,1.678744395662312,0.9097808833441524,0.6503244959408521,2.0171281445874505,1.4176299859953202e-09
2026-08-08 18:15:00,R04,R,4044624.950154984,23908820.772794675,8316830.100812389,8.738944877391066e-06,4044623.08632707,23908820.05824969,8316829.101731367,8.738320359461942e-06,1.863827913325564,0.7145449870106649,0.9990810215580976,2.232172017697375,6.245179291242936e-10
2026-08-08 18:30:00,R04,R,3769447.75015635,22742052.57544428,11218927.57460332,8.74540984271375e-06,3769445.800936874,22742052.12160877,11218926.286198337,8.74573380093126e-06,1.9492194760815311,0.453835507649487,1.288404982604477,2.3802123084168496,-3.2395821751009027e-10
2026-08-08 18:45:00,R04,R,3266067.4823570987,21288617.65468225,13906417.964535294,8.751689530057336e-06,3266065.533753395,21288617.431562614,13906416.523715563,8.753147242400578e-06,1.948603703529768,0.2231196347499153,1.440819728964562,2.4336803931893725,-1.4577123432425555e-09
2026-08-08 19:00:00,R04,R,2507779.809541499,19601843.91432678,16327890.068233214,8.759008249661901e-06,2507777.787066364,19601843.923145626,16327888.503705733,8.760560683869896e-06,2.0224751350465096,-0.0088188441839032,1.5645274811838956,2.556996222772682,-1.5524342079946362e-09
2026-08-08 19:15:00,R04,R,1479066.3121109367,17741192.51167796,18436926.01491409,8.766214297186098e-06,1479064.2135234158,17741192.72918097,18436924.552934792,8.767974125339216e-06,2.0985875208457534,-0.2175030062908801,1.4619792996959753,2.5668581209592847,-1.7598281531190259e-09
2026-08-08 19:30:00,R04,R,176493.51642834063,15769879.06207137,20192956.627920877,8.773410884565093e-06,176491.36372172367,15769879.58132429,20192955.51848741,8.775387566808534e-06,2.1527066169695805,-0.5192529204462537,1.109433460484373,2.4768148855695515,-1.976682243442029e-09
2026-08-08 19:45:00,R04,R,-1390880.9398413473,13752358.2487689,21562019.693010896,8.780034119263471e-06,-1390883.0845158687,13752358.993210085,21562018.94312226,8.782801008277852e-06,2.144674521331185,-0.744441185140136,0.7498886362831945,2.3908480602929725,-2.766889014381723e-09
2026-08-08 20:00:00,R04,R,-3201613.967855882,11751768.804281704,22517408.3301746,8.787766104824294e-06,-3201615.961725421,11751769.715773182,22517408.096923936,8.790214449747172e-06,1.993869539542073,-0.9114914780115814,0.2332506622135051,2.2047082180244386,-2.448344922878129e-09
2026-08-08 20:15:00,R04,R,-5222494.154331442,9827441.073914751,23040199.851768523,8.794968177163541e-06,-5222496.099122802,9827442.14384018,23040200.070311666,8.79762789121649e-06,1.9447913602910696,-1.069925429731013,-0.2185431423976088,2.2304069057768143,-2.659714052948797e-09
2026-08-08 20:30:00,R04,R,-7409652.081222692,8032565.88658153,23119651.158499222,8.802176512638552e-06,-7409653.950914529,8032567.010959271,23119651.94075176,8.805041332685809e-06,1.8696918376233331,-1.124377741414233,-0.7822525298009945,2.3177342154447187,-2.864820047255863e-09
2026-08-08 20:45:00,R04,R,-9710122.399971943,6412118.479625638,22753453.870818418,8.809161757433655e-06,-9710124.154119223,6412119.733618841,22753455.102105845,8.812454774155127e-06,1.7541472800108215,-1.253993202598776,-1.231287427063654,2.483062697593102,-3.293016721472463e-09
2026-08-08 21:00:00,R04,R,-12063801.73350231,5001124.691004177,21947837.705791008,8.816846169417155e-06,-12063803.293308944,5001126.144401928,21947839.285323523,8.819868215624447e-06,1.5598066328565905,-1.453397751564449,-1.5795325165421044,2.653353486999017,-3.0220462072921132e-09
2026-08-08 21:15:00,R04,R,-14405726.879314592,3823341.67954396,20717517.80868104,8.823639451350201e-06,-14405728.240392588,3823343.191144404,20717519.67597825,8.827281657093765e-06,1.36107799636584,-1.51160044376364,-1.867297217263531,2.7612077269517066,-3.64220574356424e-09
2026-08-08 21:30:00,R04,R,-16668584.832554355,2890411.20084164,19085480.848967288,8.830909244606988e-06,-16668585.92407465,2890412.723408557,19085482.89242307,8.834695098563083e-06,1.0915202948175189,-1.5225669180168375,-2.043455781658246,2.77224423625162,-3.7858539560952885e-09
2026-08-08 21:45:00,R04,R,-18785353.160001468,2201526.63701088,17082608.43172836,8.839234865006458e-06,-18785353.97633117,2201528.149338256,17082610.435920246,8.842108540032403e-06,0.81632970512919,-1.5123273759538391,-2.0041918851632614,2.640135108680994,-2.873675025945209e-09
2026-08-08 22:00:00,R04,R,-20691963.513234545,1743631.587586055,14747139.532981994,8.846848508128308e-06,-20691964.073606744,1743633.1101411404,14747141.527796978,8.849521981501721e-06,0.5603721999567677,-1.522555085327068,-1.9948149836734208,2.571279410999064,-2.673473373411865e-09
2026-08-08 22:15:00,R04,R,-22329876.194516096,1492147.7378382827,12123979.092104632,8.85496494279221e-06,-22329876.500793755,1492149.1420896351,12123980.933063088,8.85693542297104e-06,0.3062776577415491,-1.4042513525196822,-1.840958455822589,2.3355632941005258,-1.970480178829875e-09
2026-08-08 22:30:00,R04,R,-23648455.869176347,1412205.1780338374,9263859.800415456,8.863405404802755e-06,-23648455.919257075,1412206.4856550775,9263861.3196758,8.864348864440359e-06,0.0500807288210689,-1.307621240411241,-1.5192603431569842,2.005126773564045,-9.43459637603076e-10
2026-08-08 22:45:00,R04,R,-24607044.878844168,1460328.6044037691,6222372.68142002,8.872143878015964e-06,-24607044.71168897,1460329.783657346,6222373.76811226,8.871762305909677e-06,-0.1671552000247665,-1.1792535768903658,-1.086692240124956,1.612290260546108,3.8157210628707615e-10
2026-08-08 23:00:00,R04,R,-25176641.96586033,1586508.4356563168,3058883.420322082,8.879917331297367e-06,-25176641.55601417,1586509.4763751535,3058884.0518736206,8.879175747378995e-06,-0.4098461614657348,-1.0407188367382605,-0.6315515383714898,1.284494810744454,7.415839183717264e-10
2026-08-08 23:15:00,R04,R,-25341109.378309067,1736570.5391704305,-164644.0513132595,8.888206784130692e-06,-25341108.72826858,1736571.3446563263,-164643.93399878012,8.886589188848314e-06,-0.6500404879405033,-0.8054858959865185,-0.1173144793800012,1.0416923018182158,1.6175952823776874e-09
2026-08-08 23:30:00,R04,R,-25097852.32243154,1854741.292798384,-3384892.473083083,8.895112370324727e-06,-25097851.456830826,1854741.8962716148,-3384892.9044590914,8.894002630317633e-06,-0.8656007114231812,-0.6034732312194271,0.4313760081885271,1.1399692069768383,1.1097400070940862e-09
2026-08-08 23:45:00,R04,R,-24457936.68250084,1886296.6666315536,-6538476.838362498,8.903721590411261e-06,-24457935.597020715,1886297.0177838304,-6538477.692205011,8.901416071786952e-06,-1.0854801192754615,-0.3511522766662969,0.8538425123770412,1.424998963751389,2.305518624308959e-09
2026-08-08 00:00:00,R05,R,-10357237.097910635,4599767.325482412,-22862329.803322013,-2.140896082856203e-05,-10357235.18682908,4599766.727429777,-22862328.730520133,-2.140614129405679e-05,-1.9110815590052936,0.5980526344906214,-1.0728018796409795,2.271740203401898,-2.8195345052420204e-09
2026-08-08 00:15:00,R05,R,-12323055.482822103,2632764.5750225266,-22208726.45925034,-2.1401673343360213e-05,-12323053.716251256,2632763.806871865,-22208725.7393607,-2.13989320107723e-05,-1.7665708481339788,0.7681506617331602,-0.719889636989548,2.056470055712662,-2.741332587910351e-09
2026-08-08 00:30:00,R05,R,-14346882.10563751,888244.3380699002,-21125131.79809684,-2.1392992044531613e-05,-14346880.50945023,888243.3933871789,-21125131.57078639,-2.1391722727487814e-05,-1.596187278710375,0.9446827212625802,-0.227310445909748,1.8686651148316,-1.2693170437995943e-09
2026-08-08 00:45:00,R05,R,-16367521.263992816,-603826.8654243817,-19633351.08665613,-2.1386109861905694e-05,-16367519.774829796,-603827.9609954273,-19633351.27270754,-2.138451344420333e-05,-1.4891630193473702,1.0955710456379968,0.1860514112286702,1.858089756134587,-1.5964177023637162e-09
2026-08-08 01:00:00,R05,R,-18320813.692879766,-1825647.037089036,-17762940.457752317,-2.137919110743202e-05,-18320812.383312277,-1825648.3464654908,-17762941.156557117,-2.137730416091884e-05,-1.3095674923070435,1.3093764551281395,0.6988047998584801,1.9793336925482128,-1.8869465131804883e-09
2026-08-08 01:15:00,R05,R,-20142202.02215027,-2772029.05033092,-15550588.163852552,-2.137189378175497e-05,-20142200.91462359,-2772030.498040276,-15550589.289580649,-2.1370094877634355e-05,-1.1075266831930266,1.4477093553639329,1.1257280941579064,2.1423681928112157,-1.7989041206140619e-09
2026-08-08 01:30:00,R05,R,-21769313.00904832,-3450320.9773379453,-13039373.050886912,-2.1363656078541296e-05,-21769312.03799722,-3450322.61726899,-13039374.53124463,-2.1362885594349867e-05,-0.9710510978907678,1.6399310445612385,1.4803577184156178,2.4132494773858904,-7.704841914291951e-10
2026-08-08 01:45:00,R05,R,-23144452.85511548,-3879808.631264248,-10277919.024443366,-2.135506461278265e-05,-23144452.0325098,-3879810.2691079695,-10277920.708817124,-2.135567631106538e-05,-0.8226056845599905,1.6378437229519505,1.6843737592849963,2.489242281107122,6.116982827252668e-10
2026-08-08 02:00:00,R05,R,-24216917.07832329,-4090628.193287693,-7319461.308594518,-2.134717958737448e-05,-24216916.46087993,-4090629.905733525,-7319463.07611528,-2.134846702778089e-05,-0.6174433597319663,1.7124458306965389,1.7675207617306283,2.5372892363102557,1.2874404064165601e-09
2026-08-08 02:15:00,R05,R,-24945024.153689258,-4122241.36457808,-4220842.654970748,-2.1340937809274064e-05,-24945023.757513817,-4122243.0978449816,-4220844.360500486,-2.1341257744496405e-05,-0.3961754394468692,1.7332669016423543,1.7055297375798009,2.4637371647395407,3.1993522234241687e-10
2026-08-08 02:30:00,R05,R,-25297794.468767427,-4021535.020349049,-1041456.0462066892,-2.133367857227925e-05,-25297794.285793256,-4021536.7712655794,-1041457.592547206,-2.133404846121192e-05,-0.1829741719676361,1.750916530743168,1.5463405168534723,2.343151134540749,3.6988893267206205e-10
2026-08-08 02:45:00,R05,R,-25256210.694925223,-3840626.467181962,2157848.527790191,-2.1325686398286747e-05,-25256210.728371028,-3840628.233470332,2157847.3534595147,-2.132683917792743e-05,0.0334458043010807,1.766288370050048,1.1743306763522976,2.1213075603083693,1.1527796406815082e-09
2026-08-08 03:00:00,R05,R,-24814011.624256156,-3634462.525093358,5315877.69723822,-2.1316963248452888e-05,-24814011.94997784,-3634464.2245003423,5315876.896618199,-2.1319629894642946e-05,0.3257216854818986,1.699406984388832,0.800620020978539,1.9065862511238216,2.666646190057376e-09
2026-08-08 03:15:00,R05,R,-23977989.589189384,-3458308.886840252,8372210.580901908,-2.130951122043912e-05,-23977990.169358134,-3458310.42803158,8372210.234812613,-2.1312420611358455e-05,0.5801687530330267,1.5411913273071525,0.3460892950629963,1.6827490274903985,2.909390919336861e-09
2026-08-08 03:30:00,R05,R,-22767779.10481502,-3365230.32015772,11268302.905683832,-2.130234692732999e-05,-22767779.858678546,-3365231.696835541,11268303.04058615,-2.130521132807397e-05,0.7538635262643363,1.3766778211423782,-0.134902316613154,1.575357316447485,2.8644007439813644e-09
2026-08-08 03:45:00,R05,R,-21215144.81722809,-3403662.3885703883,13948561.606110618,-2.1295112388061618e-05,-21215145.725780223,-3403663.61151966,13948562.306955269,-2.1298002044789483e-05,0.908552132568682,1.2229492713801031,-0.7008446506100865,1.676977973097142,2.889656727867182e-09
2026-08-08 04:00:00,R05,R,-19362794.83473362,-3615171.840878127,16361375.102304587,-2.128820373386807e-05,-19362795.8981729,-3615172.8871940263,16361376.257382924,-2.1290792761505e-05,1.0634392814935438,1.0463158995145991,-1.155078335876149,1.8867660239179005,2.589027636924992e-09
2026-08-08 04:15:00,R05,R,-17262763.28472568,-4032496.765741785,18460081.62078218,-2.1281404253682018e-05,-17262764.48070535,-4032497.6110108336,18460083.15183037,-2.128358347822051e-05,1.1959796706737365,0.8452690483889764,-1.5310481885665757,2.118715576131505,2.1792245384900432e-09
2026-08-08 04:30:00,R05,R,-14974423.20792203,-4677947.758510641,20203860.9151929,-2.1275473806353783e-05,-14974424.44955902,-4677948.441018946,20203862.756476868,-2.127637419493602e-05,1.2416369900515012,0.6825083048546243,-1.8412839686692744,2.323318026990312,9.003885822364006e-10
2026-08-08 04:45:00,R05,R,-12562205.52153395,-5562238.418740495,21558532.289752603,-2.126861166432586e-05,-12562206.806237573,-5562238.910370867,21558534.29578718,-2.1269164911651537e-05,1.2847036220160697,0.4916303713496529,-2.006034578283696,2.432352471934208,5.532473256780873e-10
2026-08-08 05:00:00,R05,R,-10093113.11016641,-6683796.95047047,22497242.96687248,-2.1262771710982424e-05,-10093114.471292274,-6683797.146562246,22497244.983027257,-2.126195562836705e-05,1.3611258644651971,0.196091775596172,-2.01615477948356,2.44049087238756,-8.160826153777512e-10
2026-08-08 05:15:00,R05,R,-7634127.633991572,-8028593.093754192,23001031.96645513,-2.12555434870501e-05,-7634128.983626339,-8028593.036346751,23001033.84245073,-2.125474634508256e-05,1.3496347664623574,-0.0574074403333472,-1.875995593406382,2.311745895103892,-7.971419675383369e-10
2026-08-08 05:30:00,R05,R,-5249612.735077528,-9570494.989055276,23059255.031126518,-2.1248146057130048e-05,-5249614.160638092,-9570494.677746926,23059256.597906813,-2.1247537061798074e-05,1.4255605635471968,-0.3113083511066241,-1.5667802972634457,2.141012916752876,-6.089953319729002e-10
2026-08-08 05:45:00,R05,R,-2998821.708435595,-11272147.086417228,22669857.759545464,-2.124135436084351e-05,-2998823.0155379665,-11272146.531783622,22669858.99337769,-2.1240327778513587e-05,1.307102371282828,-0.5546336068939872,-1.2338322246106823,1.8810839974326428,-1.026582329921939e-09
2026-08-08 06:00:00,R05,R,-933610.8434464718,-13086340.547840657,21839487.28092224,-2.1234491258311778e-05,-933612.0862903168,-13086339.817712434,21839488.08603122,-2.12331184952291e-05,1.2428438448329486,-0.7301282223912158,-0.8051089820337122,1.6510446743570155,-1.3727630826783161e-09
2026-08-08 06:15:00,R05,R,903540.3657677508,-14957825.21406248,20583433.496165864,-2.1227857599957105e-05,903539.2689177254,-14957824.29338166,20583433.829289164,-2.122590921194461e-05,1.0968500254672262,-0.9206808196931814,-0.3331233014561638,1.4702735405669984,-1.9483880124932487e-09
2026-08-08 06:30:00,R05,R,2481119.053147968,-16825491.73208812,18925396.8282705,-2.122119909512231e-05,2481118.088271144,-16825490.604039185,18925396.6170038,-2.1218699928660125e-05,0.9648768238517283,-1.1280489335899913,0.2112667014152106,1.4993716353548174,-2.499166462186657e-09
2026-08-08 06:45:00,R05,R,3779705.021312684,-18624836.15089856,16897081.039521635,-2.1214309130153903e-05,3779704.2299254015,-18624834.86588989,16897080.320507362,-2.121149064537564e-05,0.7913872829171951,-1.285008665412397,0.7190142702810741,1.6716825723252118,-2.818484778266823e-09
2026-08-08 07:00:00,R05,R,4792582.172029988,-20290604.402132604,14537615.764673026,-2.120737877932072e-05,4792581.60400452,-20290603.031866077,14537614.60564707,-2.1204281362091156e-05,0.568025468066694,-1.3702665308258857,1.1590259552598043,1.8824517159385248,-3.097417229562437e-09
2026-08-08 07:15:00,R05,R,5525804.022012106,-21759504.20753703,11892816.292976417,-2.120006592152098e-05,5525803.679894051,-21759502.71641851,11892814.81695584,-2.1197072078806666e-05,0.3421180551071985,-1.491118522069656,1.476020575624439,2.125821241345619,-2.993842714314121e-09
2026-08-08 07:30:00,R05,R,5997706.795229224,-22972866.71815405,9014293.88572358,-2.119265754758375e-05,5997706.614626545,-22972865.21085005,9014292.281380355,-2.1189862795522175e-05,0.180602677968272,-1.5073040052674305,1.6043432221462235,2.2087326379693573,-2.794752061573743e-09
2026-08-08 07:45:00,R05,R,6237888.056862631,-23879142.38313418,5958433.99438307,-2.118698634568585e-05,6237888.123102569,-23879140.845640328,5958432.316471916,-2.118265351223769e-05,-0.0662399378623869,-1.5374938528337747,1.6779111537406517,2.276765450527775,-4.332833448159312e-09
2026-08-08 08:00:00,R05,R,6285694.315179487,-24436118.39374228,2785262.9134795163,-2.117988091654787e-05,6285694.653838745,-24436116.81749608,2785261.3232667656,-2.1175444228953203e-05,-0.3386592587255194,-1.5762462022896475,1.5902127506124222,2.2645129224544918,-4.436687594667627e-09
2026-08-08 08:15:00,R05,R,6188281.600799967,-24612759.590829857,-442770.6911071071,-2.1171583607808836e-05,6188282.279765073,-24612757.95536767,-442772.0951567959,-2.116823494566872e-05,-0.6789651063074442,-1.635462187029126,1.4040496888478282,2.259886216060192,-3.3486621401186404e-09
2026-08-08 08:30:00,R05,R,5998335.827592596,-24390588.71781216,-3662073.25641004,-2.1165187067780616e-05,5998336.741694062,-24390587.196366634,-3662074.1998653295,-2.1161025662384228e-05,-0.9141014665711548,-1.5214455277096484,0.9434552901098164,2.01009598512395,-4.1614053963885594e-09
2026-08-08 08:45:00,R05,R,5771553.0543283,-23764544.4454898,-6809211.20123576,-2.1159746684842112e-05,5771554.198389133,-23764543.02719728,-6809211.587031528,-2.1153816379099744e-05,-1.1440608338048277,-1.4182925237434332,0.3857957684844216,1.8625969100514472,-5.930305742367802e-09
2026-08-08 09:00:00,R05,R,5563994.179242869,-22743276.07906428,-9822214.301262368,-2.1152932184001776e-05,5563995.549799583,-22743274.809805665,-9822214.256243903,-2.1146607095815253e-05,-1.370556713883948,-1.2692586101301944,-0.0450184647892362,1.8685475074329736,-6.3250881865220535e-09
2026-08-08 09:15:00,R05,R,5429431.46259676,-21348863.63160402,-12641845.93297553,-2.1145574239728656e-05,5429433.082178308,-21348862.544549227,-12641845.460684547,-2.113939781253077e-05,-1.61958154788587,-1.0870547909598915,-0.4722909842653829,2.006935794344106,-6.176427197885159e-09
2026-08-08 09:30:00,R05,R,5416806.624660677,-19615974.73536565,-15212809.459960064,-2.1138785444605897e-05,5416808.317639544,-19615973.901913226,-15212808.539338488,-2.113218852924628e-05,-1.692978866336714,-0.8334524300854684,-0.9206215757580234,2.099610554562275,-6.596915359615055e-09
2026-08-08 09:45:00,R05,R,5567912.532146369,-17590497.560916144,-17484864.25978856,-2.1130986204616756e-05,5567914.349216567,-17590496.91012537,-17484862.92258056,-2.1124979245961798e-05,-1.8170701984090372,-0.6507907742816187,-1.3372080044160146,2.348062602425793,-6.006958654958542e-09
2026-08-08 10:00:00,R05,R,5915403.065931854,-15327710.60142704,-19413825.993729435,-2.1123196974721247e-05,5915404.946620847,-15327710.20835932,-19413824.37153232,-2.1117769962677307e-05,-1.8806889928874653,-0.3930677208612776,-1.6221971132468993,2.514560954794638,-5.427012043938481e-09
2026-08-08 10:15:00,R05,R,6481215.058484433,-12890073.234030012,-20962429.93807859,-2.1115383277326472e-05,6481216.970040387,-12890073.08612316,-20962428.11784922,-2.111056067939282e-05,-1.911555953172009,-0.1479068515228747,-1.8202293703703345,2.6437014883669336,-4.822597933653948e-09
2026-08-08 10:30:00,R05,R,7275471.060145947,-10344733.595349029,-22101039.618238542,-2.110831964379501e-05,7275473.024962708,-10344733.658631908,-22101037.739378277,-2.1103351396108332e-05,-1.9648167613744227,0.0632828798325671,-1.8788602740821807,2.719306080267896,-4.968247686672858e-09
2026-08-08 10:45:00,R05,R,8295906.94716181,-7760864.477955088,-22808188.98932206,-2.110126187773236e-05,8295908.913853856,-7760864.766950373,-22808187.14127826,-2.1096142112823844e-05,-1.966692044917025,0.2889952846941079,-1.8480437981926032,2.7141594931310653,-5.1197649085146705e-09
2026-08-08 11:00:00,R05,R,9527844.556730753,-5206942.573027344,-23070949.445707876,-2.1093826683220295e-05,9527846.486078909,-5206943.127595464,-23070947.70467115,-2.108893282953936e-05,-1.9293481553754184,0.5545681190002044,-1.7410367237293132,2.6572803722294824,-4.893853680936656e-09
2026-08-08 11:15:00,R05,R,10944706.330698578,-2748086.978618216,-22885118.82486071,-2.108653673443127e-05,10944708.182813352,-2748087.782321668,-22885117.31213632,-2.1081723546254876e-05,-1.8521147751886675,0.8037034524116562,-1.5127243869070854,2.522816570944864,-4.8131881763969135e-09
2026-08-08 11:30:00,R05,R,12509044.40449527,-443568.2225426691,-22255233.571345057,-2.1078865724657388e-05,12509046.099617437,-443569.2024470381,-22255232.373891152,-2.1074514262970385e-05,-1.695122165276217,0.9799043690624484,-1.197453903730168,2.29511384887047,-4.3514616870032384e-09
2026-08-08 11:45:00,R05,R,14174035.24502247,1655410.2486239474,-21194408.720330294,-2.10717434258405e-05,14174036.811723202,1655409.067574026,-21194408.000318974,-2.1067304979685894e-05,-1.5667007315943702,1.181049921271911,-0.7200113202820431,2.089939329322508,-4.438446154601498e-09
2026-08-08 12:00:00,R05,R,15885372.974240797,3507569.331678417,-19724015.266977374,-2.106429686935194e-05,15885374.422477804,3507567.923176691,-19724014.971975487,-2.106009569640141e-05,-1.4482370098159854,1.4085017261153705,-0.2950018850531436,2.041639944078199,-4.201172950529365e-09
2026-08-08 12:15:00,R05,R,17583477.756906133,5082979.453300032,-17873204.827505942,-2.10566933338764e-05,17583478.994356997,5082977.939990153,-17873205.066113677,-2.1052886413116923e-05,-1.2374508639348458,1.5133098791878792,0.2386077359632459,1.969346359268028,-3.8069207594778174e-09
2026-08-08 12:30:00,R05,R,19205925.118855845,6364001.802462365,-15678297.9640127,-2.1048784873365325e-05,19205926.17157834,6364000.173740417,-15678298.572963107,-2.1045677129832435e-05,-1.0527224955558467,1.6287219476406916,0.6089504054423932,2.0326781426640745,-3.107743532888617e-09
2026-08-08 12:45:00,R05,R,20689995.75551461,7345712.865400872,-13182048.491082624,-2.1040950258502337e-05,20689996.64825645,7345711.063871516,-13182049.483433284,-2.103846784654795e-05,-0.8927418379042181,1.8015293559374137,0.9923506608503664,2.242154286292322,-2.4824119543861187e-09
2026-08-08 13:00:00,R05,R,21975240.60172716,8035803.059700953,-10432803.66795565,-2.103386468981453e-05,21975241.215508405,8035801.235364255,-10432804.90043644,-2.1031258563263464e-05,-0.6137812485215224,1.824336697164568,1.2324807894548138,2.28559416827072,-2.606126551063833e-09
2026-08-08 13:15:00,R05,R,23005957.96566074,8453960.841987384,-7483574.460160955,-2.102598437392216e-05,23005958.29804925,8453958.939069059,-7483575.799055905,-2.1024049279978976e-05,-0.3323885124059805,1.902918325048297,1.3388949500494085,2.350365920926332,-1.9350939431815273e-09
2026-08-08 13:30:00,R05,R,23733485.73303277,8630770.687295284,-4391035.092951966,-2.101844121910345e-05,23733485.8888163,8630768.766893137,-4391036.439957315,-2.101683999669449e-05,-0.155783530395543,1.920402146041032,1.347005348865438,2.350879903511364,-1.6012224089606736e-09
2026-08-08 13:45:00,R05,R,24118218.320633996,8606176.409361232,-1214468.4423035113,-2.101037297446791e-05,24118218.23081537,8606174.492645003,-1214469.6414315363,-2.100963071341e-05,0.08981862770918,1.9167162296969729,1.1991280250395868,2.26269231481054,-7.422610579103262e-10
2026-08-08 14:00:00,R05,R,24131269.40665163,8427572.718027428,1985325.933254385,-2.100368348295516e-05,24131269.034620367,8427570.906373091,1985325.1451963692,-2.1002421430125517e-05,0.3720312645902132,1.811654336883302,0.7880580157472097,2.0103567181881177,-1.2620528296450671e-09
2026-08-08 14:15:00,R05,R,23755717.60448174,8147604.632855459,5147144.794925261,-2.0995347157990707e-05,23755716.977169555,8147602.92229259,5147144.328335853,-2.0995212146841027e-05,0.6273121879308228,1.7105628688866883,0.4665894084314512,1.880758247516364,-1.350111496793516e-10
2026-08-08 14:30:00,R05,R,22987386.05245299,7821762.332217171,8210496.892101219,-2.0988170127230466e-05,22987385.205693115,7821760.735015258,8210496.894468372,-2.0988002863556543e-05,0.8467598755597875,1.5972019129005102,-0.0023671524495597,1.80777815033864,-1.6726367391833482e-10
2026-08-08 14:45:00,R05,R,21835125.10694324,7505868.550715949,11116708.82035719,-2.098109322328336e-05,21835124.067042585,7505867.141375794,11116709.206735458,-2.098079358027205e-05,1.0399006512337785,1.4093401554006484,-0.386378266948703,1.7935777661510646,-2.9964301130423013e-10
2026-08-08 15:00:00,R05,R,20320585.964557737,7253558.399239191,13810000.963399144,-2.097411129292522e-05,20320584.79042073,7253557.1655148575,13810001.82193787,-2.0973584296987568e-05,1.1741370098579942,1.2337243332592964,-0.858538727089267,1.9072918482252328,-5.269959376530958e-10
2026-08-08 15:15:00,R05,R,18477492.266233742,7113851.748504546,16238520.921564637,-2.0966815300862815e-05,18477490.854235657,7113850.708210508,16238522.243538344,-2.096637501370308e-05,1.4119980890422434,1.04029403701242,-1.3219737079895844,2.1962615444245883,-4.402871597374434e-10
2026-08-08 15:30:00,R05,R,16350434.253910976,7128916.899942931,18355315.752339344,-2.096011606502423e-05,16350432.731275083,7128916.026800896,18355317.44737612,-2.0959165730418596e-05,1.5226358903748272,0.8731420343858781,-1.6950367751974345,2.440071051453373,-9.503346056358991e-10
2026-08-08 15:45:00,R05,R,13993231.737883087,7332116.023953717,20119227.9015812,-2.0953559216853624e-05,13993230.070208862,7332115.439228548,20119229.949145388,-2.0951956447134105e-05,1.6676742250679772,0.5847251691266057,-2.047564189558768,2.704729183251009,-1.6027697195185803e-09
2026-08-08 16:00:00,R05,R,11466924.348083597,7746415.152644482,21495699.00863144,-2.094675255472947e-05,11466922.54505911,7746414.809725607,21495701.224807885,-2.0944747163849614e-05,1.8030244880716733,0.3429188753999115,-2.2161764472490946,2.8774865256041213,-2.0053908798529757e-09
2026-08-08 16:15:00,R05,R,8837467.786389885,8383225.308675969,22457464.35802412,-2.093916688713244e-05,8837465.970947225,8383225.284062936,22457466.557339773,-2.093753788056513e-05,1.8154426613433008,0.024613033419562,-2.1993156537249083,2.8519164087958084,-1.629006567308069e-09
2026-08-08 16:30:00,R05,R,6173225.017362435,9241729.483582186,22985123.97268059,-2.093247881651551e-05,6173223.214656239,9241729.684932388,22985125.9791688,-2.0930328597280643e-05,1.8027061956620607,-0.2013502026762882,-2.006488212417352,2.7048634861238274,-2.150219234865116e-09
2026-08-08 16:45:00,R05,R,3542351.120629163,10308726.947867824,23067575.222107653,-2.092589771789914e-05,3542349.3049134635,10308727.373776829,23067577.01475048,-2.092311931399616e-05,1.815715699479447,-0.425909005480789,-1.792642825075193,2.586849489355602,-2.778403902981409e-09
2026-08-08 17:00:00,R05,R,1010178.1772254492,11559010.181917865,22702295.08506997,-2.091876440007948e-05,1010176.3989170952,11559010.802392457,22702296.48815566,-2.091591003071167e-05,1.778308353954348,-0.6204745933123896,-1.4030856890169927,2.3486206107871674,-2.8543693678066597e-09
2026-08-08 17:15:00,R05,R,-1363291.8750509005,12956264.29684722,21895459.837190133,-2.091250417771166e-05,-1363293.5933455778,12956265.132533075,21895460.803202294,-2.0908700747427184e-05,1.7182946772205057,-0.8356858565563146,-0.9660121593924772,2.1410480939732994,-3.803430284477061e-09
2026-08-08 17:30:00,R05,R,-3525681.644320325,14454459.01240823,20661896.41277995,-2.090631569584715e-05,-3525683.2339702444,14454460.047067173,20661896.84827329,-2.0901491464142696e-05,1.589649919099022,-1.034658943128558,-0.4354933396159074,1.9460628054452012,-4.824231704453805e-09
2026-08-08 17:45:00,R05,R,-5434220.667849381,15999679.97171288,19024859.113934863,-2.089941283777579e-05,-5434222.067259401,15999681.17217261,19024859.00175293,-2.089428218085821e-05,1.3994100192846324,-1.2004597299684714,0.1121819275019092,1.847169929976188,-5.1306569175795695e-09
2026-08-08 18:00:00,R05,R,-7057329.212379846,17532326.949709307,17015632.06858814,-2.0893569715253534e-05,-7057330.349966488,17532328.401202932,17015631.54976345,-2.088707289757372e-05,1.137586642485264,-1.4514936229930626,0.5188246936547039,1.9157547258186056,-6.496817679816209e-09
2026-08-08 18:15:00,R05,R,-8375731.756791119,18989589.38422024,14672960.965559244,-2.088632317510317e-05,-8375732.709982165,18989590.88970747,14672960.065420216,-2.0879863614289237e-05,0.9531910458018206,-1.5054872304915787,0.9001390280625492,1.996325434595112,-6.459560813940729e-09
2026-08-08 18:30:00,R05,R,-9383049.19786132,20308093.00849109,12042321.026554752,-2.087917780257822e-05,-9383049.941140007,20308094.552574094,12042319.789988331,-2.087265433100475e-05,0.7432786865651168,-1.5440830074004692,1.2365664186512024,2.113232606075513,-6.5234715734699434e-09
2026-08-08 18:45:00,R05,R,-10085839.072169757,21426606.80239588,9175035.088335682,-2.0872058192911484e-05,-10085839.574327702,21426608.38653789,9175033.623031495,-2.086544504772026e-05,0.5021579468388224,-1.5841420090774294,1.4653041858912133,2.2155777724303807,-6.613145191224534e-09
2026-08-08 19:00:00,R05,R,-10503079.96303103,22288689.87606686,6127258.3125635,-2.0864512210940717e-05,-10503080.224497596,22288691.519115884,6127256.773522561,-2.085823576443577e-05,0.2614665664420242,-1.6430490245034215,1.53904093924174,2.2664116737589235,-6.2764465049388385e-09
2026-08-08 19:15:00,R05,R,-10665119.741992729,22845162.30199664,2958850.64114347,-2.08574222416284e-05,-10665119.829838822,22845163.95219652,2958849.242616559,-2.0851026481151287e-05,0.0878460949198586,-1.6501998784310814,1.398526911052909,2.164891243482179,-6.395760477111155e-09
2026-08-08 19:30:00,R05,R,-10612132.775009587,23056289.04916432,-267837.8665063526,-2.0850929163543004e-05,-10612132.506890696,23056290.63542203,-267839.09676104336,-2.08438171978668e-05,-0.2681188893540904,-1.5862577083820095,1.230254690738121,2.025247604692564,-7.111965676203957e-09
2026-08-08 19:45:00,R05,R,-10392152.162032526,22893579.076957043,-3489242.255573959,-2.084379622620544e-05,-10392151.55897008,22893580.565362714,-3489243.167193046,-2.0836607914582316e-05,-0.6030624479186004,-1.4884056706888826,0.9116190869148952,1.846641577636533,-7.1883116231245624e-09
2026-08-08 20:00:00,R05,R,-10058766.776367184,22341118.09850312,-6641886.92419139,-2.08376363863413e-05,-10058765.975361887,22341119.53949348,-6641887.404698807,-2.0829398631297825e-05,-0.801005296962695,-1.4409903575295584,0.4805074170744847,1.7172507312908771,-8.237755043472461e-09
2026-08-08 20:15:00,R05,R,-9668584.498918828,21396374.94585097,-9663689.71260919,-2.0830962875312477e-05,-9668583.47303124,21396376.185226515,-9663689.74966908,-2.0822189348013338e-05,-1.0258875873520323,-1.2393755465573426,0.0370598875640613,1.6093074667550469,-8.773527299137624e-09
2026-08-08 20:30:00,R05,R,-9278575.163264478,20070443.788736936,-12495234.49638776,-2.082434581303404e-05,-9278573.909508051,20070444.874097325,-12495234.069370735,-2.081498006472885e-05,-1.25375642532341,-1.0853603896359478,-0.427017023746995,1.7123831019956293,-9.3657483051889e-09
2026-08-08 20:45:00,R05,R,-8943413.508552166,18387713.96529552,-15080981.96801556,-2.0816932093913797e-05,-8943412.162322095,18387714.87978317,-15080981.131663391,-2.080777078144437e-05,-1.3462300711897996,-0.9144876494639094,-0.8363521650104243,1.8297835963619693,-9.161312469427018e-09
2026-08-08 21:00:00,R05,R,-8712940.544686962,16384980.478928786,-17370391.39428654,-2.0810052386531608e-05,-8712939.071194287,16384981.305338483,-17370390.19002865,-2.080056149815988e-05,-1.4734926748976835,-0.8264097001409023,-1.20425789188981,2.0746977432009213,-9.4908883717289e-09
2026-08-08 21:15:00,R05,R,-8629854.445432823,14110037.928136988,-19318927.584223505,-2.080306147934947e-05,-8629852.850354072,14110038.535138289,-19318926.06486564,-2.079335221487539e-05,-1.5950787519232448,-0.6070012981086437,-1.5193578692907153,2.284989088752552,-9.7092644740803e-09
2026-08-08 21:30:00,R05,R,-8727733.596276423,11619819.7113762,-20888931.961306076,-2.07961943784144e-05,-8727731.898237305,11619819.978903497,-20888930.17657807,-2.0786142931590904e-05,-1.6980391180060583,-0.2675272974326012,-1.7847280025710222,2.4779349758037506,-1.0051446823493973e-08
2026-08-08 21:45:00,R05,R,-9029475.60238292,8978167.507252323,-22050340.023688383,-2.078916413319668e-05,-9029473.848259903,8978167.540132718,-22050338.129262023,-2.0778933648306416e-05,-1.754123014708119,-0.032880395273127,-1.8944263585316288,2.582030189409377,-1.0230484890262984e-08
2026-08-08 22:00:00,R05,R,-9546217.74169911,6253329.882693623,-22781232.82106052,-2.078180962562896e-05,-9546215.941427013,6253329.650471544,-22781230.96343176,-2.077172436502193e-05,-1.8002721004545192,0.2322220792350471,-1.85762875835816,2.5972468757587244,-1.0085260607031276e-08
2026-08-08 22:15:00,R05,R,-10276781.22480352,3515297.7687912006,-23068213.65643704,-2.0774541750696358e-05,-10276779.451671593,3515297.223966304,-23068211.88545221,-2.076451508173744e-05,-1.773131929426324,0.5448248965513455,-1.7709848236776835,2.5646087913656497,-1.0026668958912074e-08
2026-08-08 22:30:00,R05,R,-11207658.852888707,833092.9083495241,-22906606.332824007,-2.0767199502580047e-05,-11207657.141881997,833092.1543056071,-22906604.936015017,-2.075730579845296e-05,-1.7110067125580886,0.7540439170369821,-1.39680898854009,2.333924066825162,-9.89370412709108e-09
2026-08-08 22:45:00,R05,R,-12313540.49729934,-1727876.0824703788,-22300477.550830748,-2.075952255849457e-05,-12313538.769193912,-1727877.044443287,-22300476.49150262,-2.0750096515168463e-05,-1.7281054269543734,0.9619729080158022,-1.0593281259663443,2.243639079907662,-9.426043326100252e-09
2026-08-08 23:00:00,R05,R,-13558348.129728116,-4108281.824201601,-21262485.08596078,-2.075195855516115e-05,-13558346.627754845,-4108282.935952589,-21262484.538663022,-2.0742887231883986e-05,-1.501973271433499,1.1117509876102565,-0.547297753642884,1.947164296533699,-9.071323277169949e-09
2026-08-08 23:15:00,R05,R,-14896733.346388344,-6257069.073258833,-19813564.255249083,-2.074487409107888e-05,-14896732.02704264,-6257070.349485282,-19813564.198885817,-2.073567794859949e-05,-1.3193457058757232,1.2762264484977808,-0.0563632655459648,1.8364650438167816,-9.196142479387052e-09
2026-08-08 23:30:00,R05,R,-16275966.415487962,-8133283.382696109,-17982460.47610698,-2.0737284761476265e-05,-16275965.293054178,-8133284.795396015,-17982460.91993727,-2.0728468665315007e-05,-1.1224337837152172,1.4126999063756591,0.4438302943173716,1.858107627252227,-8.816096161256482e-09
2026-08-08 23:45:00,R05,R,-17638137.976880465,-9707466.944871876,-15805124.269664258,-2.0729790900460125e-05,-17638136.985528275,-9707468.551111965,-15805125.06165175,-2.072125938203052e-05,-0.9913521904555448,1.6062400887610953,0.7919874911454268,2.0469564173169603,-8.531518429605622e-09
2026-08-08 00:00:00,R06,R,18758249.437948003,11718418.230481282,12651010.973552592,5.822069211951688e-05,18758249.98234384,11718419.953192735,12651009.390590768,5.8229506995442205e-05,-0.544395837702165,-1.7227114525494236,1.5829618235057157,2.4020553098396644,-8.81487592532312e-09
2026-08-08 00:15:00,R06,R,19839379.876880888,12629071.181962756,9850913.633671489,5.822861778171103e-05,19839380.136930097,12629073.02475714,9850911.992909431,5.823714410149953e-05,-0.2600492082861027,-1.8427943864968488,1.6407620558748308,2.481051564484932,-8.526319788506293e-09
2026-08-08 00:30:00,R06,R,20718149.48749261,13219320.23317254,6859238.344680988,5.823639274766535e-05,20718149.4606528,13219322.114653217,6859236.88872726,5.8244781207556855e-05,0.0268398093539754,-1.8814806739100425,1.4559537284713149,2.37917867364195,-8.388459891509295e-09
2026-08-08 00:45:00,R06,R,21341371.43793456,13510833.88305489,3734443.567660986,5.824421252247296e-05,21341371.01925106,13510835.726562958,3734442.4560082615,5.825241831361418e-05,0.41868350029361,-1.8435080675438569,1.1116527245511711,2.193077665865812,-8.205791141218508e-09
2026-08-08 01:00:00,R06,R,21663355.97329586,13536332.506356211,537323.7516082068,5.825227878237714e-05,21663355.31893494,13536334.29218199,537322.9833279252,5.826005541967151e-05,0.6543609187721757,-1.7858257763055223,0.7682802815347178,2.051247548768469,-7.776637294365908e-09
2026-08-08 01:15:00,R06,R,21647894.717291847,13337933.49560482,-2670180.8072792217,5.826139285395437e-05,21647893.84636129,13337935.177819423,-2670181.0161155006,5.826769252572883e-05,0.8709305523561981,-1.6822146037948569,0.2088362789889888,1.905775063240708,-6.2996717744561355e-09
2026-08-08 01:30:00,R06,R,21269852.92779885,12965126.195209503,-5826175.104700371,5.8270196890266775e-05,21269851.87393821,12965127.952920483,-5826174.79148779,5.827532963178616e-05,1.0538606397418064,-1.757710982355181,-0.3132125813358818,2.07322749996138,-5.132741519382738e-09
2026-08-08 01:45:00,R06,R,20516310.320269942,12472467.379155817,-8869982.151509525,5.827927197834366e-05,20516309.034793857,12472468.967600122,-8869981.327889519,5.828296673784348e-05,1.2854760847241278,-1.5884443082258504,-0.8236200062052375,2.203169080972745,-3.694759499824759e-09
2026-08-08 02:00:00,R06,R,19387207.11483129,11917092.43731149,-11743274.081362473,5.8287552042531e-05,19387205.641497955,11917093.842195448,-11743272.859705253,5.829060384390081e-05,1.473333340904463,-1.4048839582472272,-1.2216572185491903,2.374206484110944,-3.0518013698041007e-09
2026-08-08 02:15:00,R06,R,17895474.85984671,11356150.65499661,-14391145.187531035,5.829529056154607e-05,17895473.189097524,11356151.803991225,-14391143.56231904,5.829824094995813e-05,1.6707491864864366,-1.1489946159461415,-1.6252119951709738,2.598635315096354,-2.950388412058673e-09
2026-08-08 02:30:00,R06,R,16066649.93649728,10844266.028824477,-16763109.090759952,5.830435676353993e-05,16066648.107325828,10844266.9552424,-16763107.222970406,5.8305878056015454e-05,1.8291714520268847,-0.9264179239428636,-1.8677895475670856,2.7735818294605274,-1.5212924755256822e-09
2026-08-08 02:45:00,R06,R,13937989.739854356,10431128.075155623,-18814007.83754045,5.831280478930331e-05,13937987.851565445,10431128.71696018,-18814005.80988248,5.831351516207278e-05,1.888288912711885,-0.6418045555947741,-2.0276579786082007,2.844107062623757,-7.103727694736752e-10
2026-08-08 03:00:00,R06,R,11557129.08506849,10159306.866992308,-20504818.96301942,5.832049882896526e-05,11557127.190589275,10159307.176368618,-20504816.841407288,5.83211522681301e-05,1.894479214760893,-0.3093763110062549,-2.1216121315197425,2.8611192274326203,-6.534391648459038e-10
2026-08-08 03:15:00,R06,R,8980331.4618408,10062379.232229613,-21803351.218089286,5.832931982979936e-05,8980329.511218896,10062379.265853656,-21803349.24623641,5.832878937418743e-05,1.9506219030741927,-0.0336240420078606,-1.97185287509594,2.7738529423849885,5.304556119288131e-10
2026-08-08 03:30:00,R06,R,6270404.550297989,10163439.209017398,-22684820.770728253,5.833663346059308e-05,6270402.667858693,10163439.062149689,-22684818.98086588,5.8336426480244754e-05,1.8824392961341097,0.1468677096441867,-1.7898623744859097,2.601683137387478,2.0698034832993408e-10
2026-08-08 03:45:00,R06,R,3494362.877628461,10474050.873520255,-23132298.433924746,5.834425382334252e-05,3494361.000333602,10474050.48971444,-23132297.046727173,5.834406358630208e-05,1.8772948592320216,0.3838058170867075,-1.3871975734013415,2.365557017148211,1.9023704043969448e-10
2026-08-08 04:00:00,R06,R,720926.1181996997,10993684.418033589,-23137024.746133503,5.835127046495345e-05,720924.343518697,10993683.830704482,-23137023.77395152,5.835170069235941e-05,1.774681002721565,0.5873291043382763,-0.9721819871689272,2.1070324996068157,-4.3022740595352577e-10
2026-08-08 04:15:00,R06,R,-1982047.43919508,11709660.03302398,-22698584.91017967,5.8359351751640905e-05,-1982049.065721638,11709659.18639572,-22698584.38448893,5.835933779841673e-05,1.6265265580762147,0.8466282605013018,-0.5256907414303162,1.9075426105941315,1.3953224174461065e-11
2026-08-08 04:30:00,R06,R,-4550094.519347477,12597601.983471729,-21824942.063780352,5.83672196201205e-05,-4550096.086342426,12597600.917104268,-21824942.003725547,5.836697490447405e-05,1.5669949488939183,1.0663674606162663,-0.0600548045573815,1.8963700352174584,2.447156464547814e-10
2026-08-08 04:45:00,R06,R,-6924548.058893473,13622388.876183463,-20532325.0652565,5.837461447571006e-05,-6924549.498081302,13622387.648250287,-20532325.55278983,5.837461201053137e-05,1.4391878291930755,1.227933177724988,0.4875333325204961,1.953655611148957,2.4651786866087515e-12
2026-08-08 05:00:00,R06,R,-9054710.005751286,14739564.66403747,-18844970.53497941,5.838203752031138e-05,-9054711.17805045,14739563.238871874,-18844971.414909665,5.83822491165887e-05,1.1722991626692087,1.4251655961266214,0.8799302533116309,2.0444215695083408,-2.1159627731431903e-10
2026-08-08 05:15:00,R06,R,-10899709.270253478,15897157.32286778,-16794718.278893292,5.838931613822692e-05,-10899710.237858612,15897155.77140649,-16794719.504855137,5.838988622264602e-05,0.9676051339672902,1.5514612889695587,1.2259618468905304,2.201425510091628,-5.700844191025413e-10
2026-08-08 05:30:00,R06,R,-12429968.944684446,17037836.37559301,-14420464.944132213,5.839669312818814e-05,-12429969.709219526,17037834.777812712,-14420466.43241684,5.839752332870335e-05,0.7645350814801464,1.5977802974986857,1.488284627905628,2.3135269403119207,-8.302005152040027e-10
2026-08-08 05:45:00,R06,R,-13628218.89182124,18101323.84158191,-11767479.301710662,5.840357568618213e-05,-13628219.54030789,18101322.22964946,-11767480.858447818,5.840516043476067e-05,0.6484866510821833,1.6119324473913983,1.5567371565902508,2.332871990978868,-1.5847485785403714e-09
2026-08-08 06:00:00,R06,R,-14490010.17656886,19026962.6645579,-8886587.446634887,5.84102549424725e-05,-14490010.701444216,19026960.951262563,-8886588.877297178,5.8412797540818e-05,0.5248753558854142,1.713295336347879,1.4306622916267662,2.29296088964683,-2.542598345495519e-09
2026-08-08 06:15:00,R06,R,-15023704.350807209,19756337.3339786,-5833239.136125649,5.8418279628992e-05,-15023704.61324014,19756335.69554079,-5833240.265177677,5.842043464687532e-05,0.2624329310365215,1.6384378125417869,1.1290520280075833,2.0070146962110598,-2.15501788332169e-09
2026-08-08 06:30:00,R06,R,-15249933.174212296,20235839.382827435,-2666468.66679341,5.842496773620332e-05,-15249933.261996469,20235837.70586084,-2666469.6147267483,5.8428071752932647e-05,0.0877841693087796,1.6769665947538424,0.9479333383295028,1.9283414205523997,-3.1040167293326083e-09
2026-08-08 06:45:00,R06,R,-15200547.5446422,20419065.25205051,552230.9505871678,5.843189172944262e-05,-15200547.463868344,20419063.609209426,552230.396994537,5.843570885898997e-05,-0.0807738550913612,1.6428410892016496,0.5535926307865594,1.735487269010282,-3.817129547348763e-09
2026-08-08 07:00:00,R06,R,-14917093.272945829,20268945.707584485,3760103.2578329057,5.8438003623750536e-05,-14917092.860292615,20268944.20839403,3760103.241159108,5.8443345965047296e-05,-0.4126532096135507,1.4991904557940048,0.0166737981421896,1.5550346329560274,-5.34234129675907e-09
2026-08-08 07:15:00,R06,R,-14448875.004601795,19759509.610264976,6894366.522285802,5.84434831961344e-05,-14448874.360665586,19759508.2186924,6894367.064303664,5.845098307110462e-05,-0.6439362106373674,1.391572575755461,-0.5420178616228141,1.626318369595224,-7.499874970224207e-09
2026-08-08 07:30:00,R06,R,-13850689.64344733,18877201.30429059,9893470.940895054,5.845088525016352e-05,-13850688.844184902,18877200.03600991,9893471.915708477,5.8458620177161946e-05,-0.7992624282328413,1.2682806760511984,-0.9748134227026926,1.7881883322264691,-7.73492699842696e-09
2026-08-08 07:45:00,R06,R,-13180322.951971836,17621689.936472267,12698346.863269806,5.845886926123237e-05,-13180321.966006797,17621688.779852994,12698348.30977272,5.846625728321927e-05,-0.9859650402356672,1.1566192736120595,-1.4465029137175318,2.098157735741314,-7.388021986897294e-09
2026-08-08 08:00:00,R06,R,-12495918.04951878,16006128.491270889,15253617.02174,5.8466641316380256e-05,-12495916.953042796,16006127.41834315,15253618.74753423,5.84738943892766e-05,-1.0964759839551947,1.072927739375111,-1.72579422935428,2.3090689117875267,-7.2530728963430764e-09
2026-08-08 08:15:00,R06,R,-11853331.736414418,14056845.600241616,17508741.767851133,5.847317324449229e-05,-11853330.555554189,14056844.813654622,17508743.68194104,5.848153149533392e-05,-1.1808602296717012,0.7865869925050656,-1.914089906487835,2.3826225359710413,-8.358250841630336e-09
2026-08-08 08:30:00,R06,R,-11303594.629766352,11812479.45888105,19419072.26508274,5.848048303612094e-05,-11303593.303148778,11812478.894339064,19419074.211854205,5.8489168601391246e-05,-1.3266175740152746,0.5645419863129807,-1.946771464996086,2.4225071679810126,-8.685565270309268e-09
2026-08-08 08:45:00,R06,R,-10890589.067250255,9322584.908267297,20946783.741348997,5.848756276512912e-05,-10890587.636072954,9322584.60796208,20946785.55052528,5.849680570744857e-05,-1.4311773023774788,0.3003052158509063,-1.8091762889038063,2.326278258901864,-9.242942319451988e-09
2026-08-08 09:00:00,R06,R,-10649049.81371988,6645774.64296061,22061666.3610492,5.849582256945234e-05,-10649048.392277395,6645774.523039134,22061668.004818674,5.8504442813505896e-05,-1.421442482193227,0.1199214755427454,-1.6437694714681323,2.176432394036308,-8.620244053559573e-09
2026-08-08 09:15:00,R06,R,-10602977.26945257,3847471.519650225,22741754.40321275,5.850307770891767e-05,-10602975.894289227,3847471.6547009214,22741755.740100883,5.851207991956322e-05,-1.37516334022915,-0.1350506972126163,-1.3368881329177735,1.9226499377328616,-9.002210645555216e-09
2026-08-08 09:30:00,R06,R,-10764534.466845589,997371.7076816048,22973776.937096797,5.850974677130223e-05,-10764533.169545108,997372.120964355,22973777.864098128,5.851971702562055e-05,-1.2973004790628433,-0.4132827502892899,-0.927001333917882,1.6471559239334006,-9.970254318313436e-09
2026-08-08 09:45:00,R06,R,-11133477.85651638,-1833271.955723861,22753420.709035978,5.851684097113985e-05,-11133476.59401172,-1833271.372537127,22753421.17288639,5.852735413167787e-05,-1.2625046602714334,-0.5831867339034613,-0.4638504120073263,1.466008863727447,-1.05131605380195e-08
2026-08-08 10:00:00,R06,R,-11697145.73497582,-4574426.989214383,22085399.06268232,5.8524243030899066e-05,-11697144.622767538,-4574426.180822327,22085399.065411173,5.85349912377352e-05,-1.112208281021188,-0.8083920564731968,-0.0027288566613672,1.3749590626632302,-1.0748206836129942e-08
2026-08-08 10:15:00,R06,R,-12431004.495503277,-7159996.173330971,20983326.94837,5.853258855797671e-05,-12431003.550630676,-7159995.173971866,20983326.43328705,5.854262834379252e-05,-0.944872599286936,-0.9993591047221212,0.5150829428952691,1.4686093037754804,-1.0039785815813991e-08
2026-08-08 10:30:00,R06,R,-13299724.51459638,-9530354.410548544,19469406.43849718,5.853984002251532e-05,-13299723.771664796,-9530353.20572209,19469405.548801538,5.8550265449849845e-05,-0.7429315854229256,-1.2048264532869697,0.8896956394660885,1.67185898150653,-1.042542733452599e-08
2026-08-08 10:45:00,R06,R,-14258736.688308964,-11634597.287264151,17573934.24765499,5.854752927079984e-05,-14258736.085169405,-11634595.902062563,17573932.89299438,5.855790255590717e-05,-0.6031395611177424,-1.3852015876204142,1.3546606066181284,2.029203323389358,-1.0373285107325716e-08
2026-08-08 11:00:00,R06,R,-15256196.843516145,-13432407.696153976,15334642.905514788,5.8556109876771045e-05,-15256196.417379403,-13432406.168449163,15334641.295336068,5.856553966196449e-05,-0.4261367408490056,-1.5277048107982554,1.6101787195568775,2.2601216825098978,-9.429785193440332e-09
2026-08-08 11:15:00,R06,R,-16235270.058732191,-14895463.779621383,12795897.299201133,5.8564571705071024e-05,-16235269.89363088,-14895462.072551116,12795895.53696068,5.857317676802181e-05,-0.1651013097687212,-1.7070702667012243,1.762240452832199,2.4590320761513,-8.605062950787012e-09
2026-08-08 11:30:00,R06,R,-17136632.222064625,-16008332.941108294,10007764.309516814,5.857299207445936e-05,-17136632.262155026,-16008331.15451033,10007762.581811115,5.858081387407914e-05,0.0400904018532378,-1.7865979629306172,1.727705698659656,2.4856601744103384,-7.821799619778126e-09
2026-08-08 11:45:00,R06,R,-17901078.508938856,-16768821.302921845,7024981.335097674,5.858106797516268e-05,-17901078.715912804,-16768819.594840186,7024979.772546416,5.858845098013646e-05,0.2069739487762505,-1.7080816594074093,1.5625512584532362,2.324209028028631,-7.383004973778367e-09
2026-08-08 12:00:00,R06,R,-18472126.95524113,-17187770.51384329,3905846.9219795424,5.858962209065116e-05,-18472127.369373705,-17187768.831050526,3905845.6384301465,5.859608808619379e-05,0.414132578144789,-1.6827927657118191,1.283549395843617,2.156570503411237,-6.465995542629224e-09
2026-08-08 12:15:00,R06,R,-18798506.374655355,-17288317.700668685,711059.3496873039,5.8598288923170345e-05,-18798506.92720831,-17288315.98755391,711058.4368830385,5.860372519225111e-05,0.5525529584835575,-1.7131147773979396,0.912804265414818,2.018238994625664,-5.4362690807653835e-09
2026-08-08 12:30:00,R06,R,-18836424.261197142,-17104658.556419205,-2497472.196650266,5.860714058516812e-05,-18836425.082855225,-17104656.796493817,-2497472.7406154843,5.861136229830844e-05,0.8216580780556612,-1.759925387000061,0.5439652176673828,2.0170169863125498,-4.221713140318529e-09
2026-08-08 12:45:00,R06,R,-18551524.306612927,-16680371.26168885,-5657820.403755591,5.861564272911602e-05,-18551525.349707127,-16680369.618661216,-5657820.417216905,5.861899940436576e-05,1.0430941989198954,-1.6430276329944564,0.013461314540783,1.9462185174313984,-3.3566752497459387e-09
2026-08-08 13:00:00,R06,R,-17920453.392792657,-16066377.54180193,-8709212.78869222,5.862398585067419e-05,-17920454.645257935,-16066375.99088595,-8709212.327681653,5.862663651042309e-05,1.2524652765335265,-1.5509159779545367,-0.4610105658202698,2.0461037073899275,-2.650659748898e-09
2026-08-08 13:15:00,R06,R,-16931979.7454658,-15318627.674795913,-11593166.540449351,5.863144264031224e-05,-16931981.21255743,-15318626.303719511,-11593165.60894406,5.863427361648041e-05,1.467091630465082,-1.3710763989722794,-0.9315052905423242,2.2135741348118034,-2.830976168168354e-09
2026-08-08 13:30:00,R06,R,-15587619.876634289,-14495609.616227511,-14254564.428516962,5.863829151555486e-05,-15587621.528755328,-14495608.43326471,-14254563.106903438,5.864191072253774e-05,1.6521210401879096,-1.182962804003046,-1.3216135250387255,2.423956937870724,-3.619206982875975e-09
2026-08-08 13:45:00,R06,R,-13901753.15331931,-13655783.160654295,-16642657.092404682,5.86465807582761e-05,-13901754.883443972,-13655782.289708853,-16642655.4834251,5.864954782859506e-05,1.7301246623077942,-0.8709454452026647,-1.6089795805053937,2.5180731931634237,-2.967070318964521e-09
2026-08-08 14:00:00,R06,R,-11901222.6878406,-12855044.930941092,-18711976.68287464,5.865329075645321e-05,-11901224.526112253,-12855044.346377091,-18711974.93090337,5.865718493465239e-05,1.8382716491520776,-0.5845640012677519,-1.751971264222734,2.6058321201329657,-3.894178199175649e-09
2026-08-08 14:15:00,R06,R,-9624441.950150082,-12144323.806395415,-20423150.143812034,5.866001371234092e-05,-9624443.974894105,-12144323.456371447,-20423148.29349622,5.866482204070971e-05,2.024744021412566,-0.3500239705747127,-1.8503158124066124,2.765099227489813,-4.8083283687959345e-09
2026-08-08 14:30:00,R06,R,-7120043.582042614,-11567403.026192456,-21743601.014150918,5.866815170723875e-05,-7120045.630015931,-11567402.93020046,-21743599.19475261,5.867245914676704e-05,2.047973317213693,-0.0959919972477975,-1.819398298210099,2.741098199460333,-4.307439528288036e-09
2026-08-08 14:45:00,R06,R,-4445123.641468062,-11159054.115034845,-22648131.9872141,5.867561300103684e-05,-4445125.718096317,-11159054.288849177,-22648130.35801697,5.868009625282436e-05,2.0766282542879675,0.1738143321101723,-1.629197128142562,2.645161547222016,-4.4832517875269365e-09
2026-08-08 15:00:00,R06,R,-1663152.302252327,-10943555.324137626,-23119379.94504906,5.868400236464058e-05,-1663154.3647023728,-10943555.720021054,-23119378.69201314,5.868773335888169e-05,2.0624500454662487,0.3958834281449489,-1.253035917697766,2.4455107625533383,-3.730994241101706e-09
2026-08-08 15:15:00,R06,R,1158370.1336804496,-10933652.789391013,-23148137.83015769,5.869132858470881e-05,1158368.1193084463,-10933653.478117991,-23148136.945113007,5.869537046493901e-05,2.014372003129652,0.6887269811662933,-0.8850446831969414,2.3055028763448067,-4.041880230199349e-09
2026-08-08 15:30:00,R06,R,3950420.072143094,-11130006.7205679,-22733537.208467647,5.8698180312825576e-05,3950418.160676152,-11130007.73101647,-22733536.87962208,5.870300757099634e-05,1.9114669426519024,1.0104485695774663,-0.3288455684399864,2.186973157698735,-4.827258170763048e-09
2026-08-08 15:45:00,R06,R,6645023.84629291,-11521144.95951312,-21883089.92601769,5.87064175805994e-05,6645022.049868588,-11521146.142908515,-21883090.07081653,5.871064467705366e-05,1.7964243214548223,1.1833953969172215,0.1447988404805994,2.156045387361735,-4.227096454262732e-09
2026-08-08 16:00:00,R06,R,9177796.725761993,-12083927.858749948,-20612583.025902685,5.8715457927753215e-05,9177795.12040886,-12083929.297285534,-20612583.690321,5.871828178311098e-05,1.6053531302753696,1.438535586653039,0.6644183143938432,2.255658441221562,-2.8238553577632542e-09
2026-08-08 16:15:00,R06,R,11490348.5403155,-12784510.804827873,-18945828.979582373,5.872237374163904e-05,11490347.147328716,-12784512.452481816,-18945830.081736054,5.872591888916831e-05,1.3929867857216636,1.647653945222813,1.1021536852563747,2.422791459108208,-3.5451475292720114e-09
2026-08-08 16:30:00,R06,R,13532459.115540244,-13579766.92416832,-16914269.26991406,5.87293261763308e-05,13532458.022461137,-13579768.676691417,-16914270.655668933,5.873355599522563e-05,1.093079109669766,1.752523096566638,1.3857548720201678,2.48726269407226,-4.2298188948293335e-09
2026-08-08 16:45:00,R06,R,15263936.18385813,-14419117.950856296,-14556435.069706528,5.873709350988946e-05,15263935.268055532,-14419119.772556566,-14556436.674779365,5.874119310128296e-05,0.9158025986697024,1.8217002692680968,1.6050728351198933,2.594907527605068,-4.099591393496436e-09
2026-08-08 17:00:00,R06,R,16656076.702489724,-15246702.30805515,-11917270.123073185,5.874453305410142e-05,16656075.998112712,-15246704.259230576,-11917271.888440002,5.874883020734028e-05,0.7043770111024961,1.9511754265293384,1.7653668193538692,2.723922268666496,-4.2971532388559635e-09
2026-08-08 17:15:00,R06,R,17692670.723132495,-16003794.768598368,-9047323.002520751,5.875231066863957e-05,17692670.330756575,-16003796.74419432,-9047324.695307286,5.8756467313397605e-05,0.3923759212077148,1.9755959540173464,1.6927865355888656,2.631057675564005,-4.156644758031422e-09
2026-08-08 17:30:00,R06,R,18370500.82637132,-16631379.003880946,-6001818.953325979,5.875967398657992e-05,18370500.64385766,-16631380.99718038,-6001820.505284689,5.876410441945493e-05,0.1825136583165741,1.9932994345892576,1.551958710137918,2.532810634330744,-4.430432875013226e-09
2026-08-08 17:45:00,R06,R,18699310.80219615,-17072768.663374573,-2839626.929130386,5.876623023629013e-05,18699310.93097093,-17072770.60129463,-2839628.1466555297,5.8771741525512255e-05,-0.1287747769720884,1.9379200554516385,1.2175251435062404,2.292266249713541,-5.511289222126281e-09
2026-08-08 18:00:00,R06,R,18701241.77598096,-17276164.83320721,377863.4345459687,5.877390428117047e-05,18701242.16560521,-17276166.779548306,377862.6076115992,5.877937863156958e-05,-0.3896242453839928,1.9463410989810963,0.8269343695155396,2.150318854881771,-5.474350399116474e-09
2026-08-08 18:15:00,R06,R,18409751.546189573,-17197041.46364739,3587932.5811503963,5.878185377887283e-05,18409752.17016475,-17197043.316524807,3587932.1915892125,5.8787015737626905e-05,-0.6239751775238591,1.852877416961274,0.3895611835397603,1.993554027402296,-5.161958754073594e-09
2026-08-08 18:30:00,R06,R,17868060.147969037,-16800251.940695167,6727767.986421197,5.878778757181154e-05,17868061.032763626,-16800253.664150145,6727768.013559081,5.879465284368423e-05,-0.8847945879990089,1.723454978435,-0.0271378839783549,1.9374970942924132,-6.865271872695823e-09
2026-08-08 18:45:00,R06,R,17127183.459779475,-16061763.729633547,9735720.775957577,5.879503055768255e-05,17127184.5563453,-16061765.356841955,9735721.359171497,5.880228994974156e-05,-1.0965658237513989,1.6272084085783014,-0.5832139191635781,2.047047211539991,-7.2593920589986075e-09
2026-08-08 19:00:00,R06,R,16243636.28007043,-14969940.140208296,12552556.18806829,5.880187581612367e-05,16243637.46943916,-14969941.52531208,12552557.1428498,5.880992705579888e-05,-1.189368731244787,1.3851037847443068,-0.9547815124142562,2.0602713922743026,-8.051239675210693e-09
2026-08-08 19:15:00,R06,R,15276902.828307718,-13526306.894108027,15122666.866166051,5.8810431652125326e-05,15276904.127710303,-13526308.08065582,15122668.164776152,5.881756416185621e-05,-1.2994025871651216,1.1865477926233747,-1.2986100992810088,2.1869455726344555,-7.1325097308764074e-09
2026-08-08 19:30:00,R06,R,14286784.842273347,-11745766.272194598,17395223.729280565,5.88184811069912e-05,14286786.255987445,-11745767.270789,17395225.342003968,5.882520126791353e-05,-1.413714093881,0.9985944024891692,-1.612723403016434,2.365725067406901,-6.720160922333044e-09
2026-08-08 19:45:00,R06,R,13330742.625609675,-9656242.009100258,19325234.38913017,5.882646115370087e-05,13330744.172335189,-9656242.788973529,19325236.13076725,5.883283837397085e-05,-1.5467255122284689,0.7798732709680988,-1.7416370764806492,2.4563920361214664,-6.377220269989216e-09
2026-08-08 20:00:00,R06,R,12461347.753278786,-7297766.695510535,20874483.323444065,5.883317035480564e-05,12461349.395758554,-7297767.258406764,20874485.06623306,5.884047548002818e-05,-1.6424797687691075,0.5628962294457406,-1.7427889959858982,2.460062080612924,-7.305125222539383e-09
2026-08-08 20:15:00,R06,R,11723960.70155992,-4721048.151021621,22012331.48017494,5.884192174210957e-05,11723962.356508486,-4721048.434886065,22012332.987803552,5.8848112586085504e-05,-1.654948566945077,0.2838644441957146,-1.5076286106481154,2.256629745783936,-6.190843975927213e-09
2026-08-08 20:30:00,R06,R,11154737.56848682,-1985574.478102967,22716353.78779204,5.884972937695205e-05,11154739.210687105,-1985574.5363455208,22716355.013755377,5.885574969214283e-05,-1.6422002861729532,0.0582425538273801,-1.225963339337356,2.050170745177597,-6.020315190776322e-09
2026-08-08 20:45:00,R06,R,10779055.368075512,842659.2994928798,22972800.72930373,5.8857887099936913e-05,10779056.93894766,842659.5482417177,22972801.55244193,5.886338679820016e-05,-1.5708721486192423,-0.24874883801349,-0.8231381983235796,1.790829915223689,-5.499698263238002e-09
2026-08-08 21:00:00,R06,R,10610425.157647856,3693705.436647343,22776871.13259861,5.886588170655346e-05,10610426.713886678,3693705.931929856,22776871.422166403,5.887102390425748e-05,-1.5562388216586234,-0.4952825126454562,-0.2895677894869575,1.658623990565125,-5.1421977040120675e-09
2026-08-08 21:15:00,R06,R,10649941.481535744,6496384.5836252645,22132791.531601906,5.887397282644933e-05,10649942.941272542,6496385.33916516,22132791.30138072,5.88786610103148e-05,-1.459736797585121,-0.7555398959630344,0.2302211898951332,1.6597210153795812,-4.688183865481085e-09
2026-08-08 21:30:00,R06,R,10886289.22768562,9181056.446600318,21053701.795664225,5.888083606096898e-05,10886290.60024642,9181057.425841965,21053701.029475503,5.888629811637213e-05,-1.372560798972043,-0.979241645742214,0.7661887182045835,1.8519941953296384,-5.462055403146892e-09
2026-08-08 21:45:00,R06,R,11296306.59330178,11682317.893353095,19561350.73626566,5.8890171123695726e-05,11296307.828051696,11682319.06531152,19561349.50473581,5.8893935222429454e-05,-1.2347499146799197,-1.171958424774245,1.231529850395626,2.101132950009797,-3.764098733724786e-09
2026-08-08 22:00:00,R06,R,11846074.361399604,13941512.74632602,17685612.54503263,5.88970153739956e-05,11846075.448729882,13941514.09923671,17685610.86621111,5.890157232848678e-05,-1.0873302785613337,-1.3529106893133436,1.6788215220174074,2.4147662766245968,-4.5569544911747235e-09
2026-08-08 22:15:00,R06,R,12492480.737111725,15908946.174987797,15463837.041942118,5.8905165858734325e-05,12492481.611708611,15908947.735908048,15463835.1067868,5.89092094345441e-05,-0.8745968881572426,-1.560920252016234,1.9351553199122935,2.6355678443389783,-4.043575809773548e-09
2026-08-08 22:30:00,R06,R,13185188.374478636,17545711.60993212,12940053.196951726,5.891232056283815e-05,13185189.030972697,17545713.28554108,12940051.083732858,5.891684654060142e-05,-0.6564940597480752,-1.6756089579023572,2.113218867265778,2.77566997520512,-4.525977763272565e-09
2026-08-08 22:45:00,R06,R,13868915.08524014,18825055.58522281,10164045.060183791,5.892007890438143e-05,13868915.444002118,18825057.391405582,10164042.949213983,5.892448364665875e-05,-0.3587619776649569,-1.8061827710971927,2.110969805913572,2.8012853979388086,-4.404742277321552e-09
2026-08-08 23:00:00,R06,R,14485925.391258532,19733229.481756154,7190325.212106686,5.8928844279045895e-05,14485925.53811621,19733231.308651023,7190323.242193976,5.893212075271607e-05,-0.1468576764376478,-1.826894870695388,1.9699127100244855,2.6906631396029117,-3.2764736701756154e-09
2026-08-08 23:15:00,R06,R,14978625.27479883,20269797.13927488,4077028.946249743,5.893683251635806e-05,14978625.139318105,20269798.9572442,4077027.2398912217,5.89397578587734e-05,0.1354807246559985,-1.81796932386308,1.7063585213682426,2.497003582838141,-2.925342415336662e-09
2026-08-08 23:30:00,R06,R,15292146.383829707,20447394.466830924,884755.0097615335,5.894388112878536e-05,15292146.06121222,20447396.262765463,884753.6852153079,5.894739496483072e-05,0.3226174854702447,-1.7959345387692165,1.3245462256332248,2.2547473502178828,-3.5138360453584356e-09
2026-08-08 23:45:00,R06,R,15376813.09839288,20290957.92876825,-2324622.3410841958,5.895335920851046e-05,15376812.53706664,20290959.576005697,-2324623.2454667096,5.8955032070888046e-05,0.5613262395976211,-1.647237444636204,0.9043825142780644,1.9612205583269644,-1.672862377583955e-09
