stage_id,stage_order,date,commit_sha,commit_message,milestone_name,project_phase,model,model_family,satellite,orbit_type,dataset,training_samples,test_samples,forecast_horizon,input_features,physics_features,physics_mode,orbital_state_source,key_hyperparameters,w_x,w_y,w_z,w_clock,w_avg,p_x,p_y,p_z,p_clock,p_avg,h0_x,h0_y,h0_z,h0_clock,aggregate_residual_mean,aggregate_residual_std,qq_outliers,qq_max_discrepancy,mae,rmse,three_d_mae,three_d_rmse,clock_mae,clock_rmse,sisre,official_selection_priority,selection_status,selected_model,problem_addressed,change_introduced,result,performance_change,limitation,next_step,evidence_source,evidence_commit,confidence,notes
STAGE-01,1,2026-08-17 23:16:01,550514ddc07e024fa19d386d462d49bccbaef6c1,Version 4.0,Multi-Model Inception & Legacy Foundation,Exploratory Architecture Inception,BiLSTM / Transformer / Diffusion,Deep Neural Networks (PyTorch),Multi-Satellite (GPS / GLONASS),MEO,FINAL_Data.csv / SP3 Products,41022,NA,96,"Raw ECEF coordinates, SP3 clock errors, temporal lags",None (Basic Cartesian ECEF),none,none,"bilstm_hidden=64; transformer_layers=4,d_model=64; diffusion_steps=50",NA,NA,NA,NA,NA,NA,NA,NA,NA,NA,NA,NA,NA,NA,NA,NA,NA,NA,NA,NA,NA,NA,NA,NA,NA,NA (Early exploratory phase),Exploratory baseline,None (Multi-model exploration),Initial exploration of multi-step satellite orbit and clock error forecasting using deep learning.,"Implemented PyTorch BiLSTM, Transformer, and Diffusion architectures with Optuna hyperparameter tuning.",Established automated data pipeline and baseline neural modeling for multi-satellite ephemeris errors.,NA (Initial baseline inception),Heavy dependence on external SP3/RINEX ingestion; uncalibrated for small competition datasets.,Transition to official PS-08 competition datasets and direct residual error modeling.,"Commit diff, README.md, test_results/baseline_metrics.json",550514ddc07e024fa19d386d462d49bccbaef6c1,high,Project originally named Gaitonde / early NeuroNav foundation prior to official PS-08 challenge orientation.
STAGE-02,2,2026-09-03 15:27:10,b44bba20d181c52dc623f8d8a88a4d21362be9b0,initial commit,PS-08 Initial BiLSTM Baseline,Initial Implementation / Baseline Experiments,BiLSTM,Recurrent Neural Network (PyTorch),GEO,GEO,Data_PS-08/DATA_GEO_Train.csv / Data_PS-08/DATA_GEO_Test.csv,142,69,69,"Normalized historical errors [x, y, z, clock], sequence_window=12",None (Direct error residuals in ECEF),none,none,hidden_size=32; num_layers=1; bidirectional=True; lr=0.001; epochs=150; window=12; optimizer=Adam,NA,NA,NA,NA,NA,NA,NA,NA,NA,NA,NA,NA,NA,NA,NA,NA,NA,NA,8.962189,15.929421,NA,NA,6.576054,15.860066,NA,MAE / RMSE (Legacy evaluation),Baseline implementation,BiLSTM,Initial baseline benchmark on PS-08 satellite orbit and clock errors without physical coordinates.,Developed train_bilstm.py training standalone BiLSTM autoregressive models per satellite series.,Trained 150 epochs. Final scaled training MSE: 0.2060. Overall MAE: 8.9622 m.,NA (Initial PS-08 baseline),"High GEO error (MAE 8.96m, RMSE 15.93m); no normality verification or residual distribution modeling.",Benchmark against OrbitIQ pretrained models and explore non-neural baselines.,"outputs/metrics.json, train_bilstm.py",b44bba20d181c52dc623f8d8a88a4d21362be9b0,high,First direct benchmark on authentic PS-08 7-day train and 8th-day test datasets.
STAGE-02,2,2026-09-03 15:27:10,b44bba20d181c52dc623f8d8a88a4d21362be9b0,initial commit,PS-08 Initial BiLSTM Baseline,Initial Implementation / Baseline Experiments,BiLSTM,Recurrent Neural Network (PyTorch),MEO-1,MEO,Data_PS-08/DATA_MEO_Train.csv / Data_PS-08/DATA_MEO_Test.csv,90,11,11,"Normalized historical errors [x, y, z, clock], sequence_window=12",None (Direct error residuals in ECEF),none,none,hidden_size=32; num_layers=1; bidirectional=True; lr=0.001; epochs=150; window=12; optimizer=Adam,NA,NA,NA,NA,NA,NA,NA,NA,NA,NA,NA,NA,NA,NA,NA,NA,NA,NA,0.279279,0.371489,NA,NA,0.098237,0.122070,NA,MAE / RMSE (Legacy evaluation),Baseline implementation,BiLSTM,Initial baseline benchmark on PS-08 satellite orbit and clock errors without physical coordinates.,Developed train_bilstm.py training standalone BiLSTM autoregressive models per satellite series.,Trained 150 epochs. Final scaled training MSE: 0.1454. Overall MAE: 0.2793 m.,NA (Initial PS-08 baseline),"High GEO error (MAE 8.96m, RMSE 15.93m); no normality verification or residual distribution modeling.",Benchmark against OrbitIQ pretrained models and explore non-neural baselines.,"outputs/metrics.json, train_bilstm.py",b44bba20d181c52dc623f8d8a88a4d21362be9b0,high,First direct benchmark on authentic PS-08 7-day train and 8th-day test datasets.
STAGE-02,2,2026-09-03 15:27:10,b44bba20d181c52dc623f8d8a88a4d21362be9b0,initial commit,PS-08 Initial BiLSTM Baseline,Initial Implementation / Baseline Experiments,BiLSTM,Recurrent Neural Network (PyTorch),MEO-2,MEO,Data_PS-08/DATA_MEO_Train2.csv / Data_PS-08/DATA_MEO_Test2.csv,244,30,30,"Normalized historical errors [x, y, z, clock], sequence_window=12",None (Direct error residuals in ECEF),none,none,hidden_size=32; num_layers=1; bidirectional=True; lr=0.001; epochs=150; window=12; optimizer=Adam,NA,NA,NA,NA,NA,NA,NA,NA,NA,NA,NA,NA,NA,NA,NA,NA,NA,NA,0.103367,0.163158,NA,NA,0.024826,0.041734,NA,MAE / RMSE (Legacy evaluation),Baseline implementation,BiLSTM,Initial baseline benchmark on PS-08 satellite orbit and clock errors without physical coordinates.,Developed train_bilstm.py training standalone BiLSTM autoregressive models per satellite series.,Trained 150 epochs. Final scaled training MSE: 0.1718. Overall MAE: 0.1034 m.,NA (Initial PS-08 baseline),"High GEO error (MAE 8.96m, RMSE 15.93m); no normality verification or residual distribution modeling.",Benchmark against OrbitIQ pretrained models and explore non-neural baselines.,"outputs/metrics.json, train_bilstm.py",b44bba20d181c52dc623f8d8a88a4d21362be9b0,high,First direct benchmark on authentic PS-08 7-day train and 8th-day test datasets.
STAGE-03,3,2026-09-03 18:34:59,c818f3e63b416008d5254219e97e710d9468f443,Major Upgradations and Hybrid Model Addition,OrbitIQ Pretrained LSTM Benchmark,Model Comparison & Benchmarking,OrbitIQ Pretrained LSTM,Recurrent Neural Network (Keras / TensorFlow),GEO,GEO,DATA_GEO_Train.csv,142,NA (Evaluation on historical series),1,Single-target lag windows with StandardScaler,None,none,none,pretrained_weights_h5; target_specific_networks=True,0.944924,0.911423,0.934167,0.874963,0.916369,0.161110,0.024651,0.087491,0.003747,NA,0,1,0,1,NA,NA,NA,NA,3.877938,5.228366,8.092654,10.235726,2.313255,3.335296,NA,MAE / Normality Diagnostics,External Benchmark Evaluation,OrbitIQ Pretrained LSTM,Assess external pre-trained OrbitIQ neural weights against the PS-08 training distributions.,Integrated scripts/evaluate_orbitiq.py to run pre-trained HDF5 models on PS-08 error files.,"Evaluated across 142 epochs. 3D Position Error Mean: 8.0927 m, W_avg: 0.9164.",comparable; lower 3D error than initial BiLSTM on training distributions,Models trained on separate data distribution; severe normality rejections on MEO-2 (p < 1e-7).,Evaluate native machine learning models on Day-8 out-of-sample holdouts.,"results/orbitiq_evaluation/evaluation_metrics.json, EVALUATION_REPORT.md",c818f3e63b416008d5254219e97e710d9468f443,high,Pretrained LSTM models evaluated individually per coordinate axis.
STAGE-03,3,2026-09-03 18:34:59,c818f3e63b416008d5254219e97e710d9468f443,Major Upgradations and Hybrid Model Addition,Random Forest Baseline Benchmark,Model Comparison & Benchmarking,Random Forest,Ensemble Trees (scikit-learn),GEO,GEO,DATA_GEO_Train.csv,142,NA,1,Single-target lag windows with StandardScaler,None,none,none,n_estimators=100; max_depth=10,0.973468,0.962372,0.965498,0.913927,0.953816,0.695118,0.417884,0.488355,0.028257,NA,0,0,0,1,NA,NA,NA,NA,4.100461,5.251675,8.479049,10.239217,2.684319,3.339593,NA,MAE / Normality Diagnostics,Comparative baseline,OrbitIQ Pretrained LSTM,Direct comparison between ensemble decision trees and recurrent neural networks on error series.,Trained RandomForestRegressor alongside LSTM in evaluate_orbitiq.py.,"MEO-2 3D error dramatically lower (0.1577m vs 1.4215m), but W_avg on MEO-2 dropped to 0.9538.","comparable; superior 3D precision on MEO-2, comparable on GEO and MEO-1",Tree-based models cannot extrapolate trends outside historical bounds.,Construct multi-model Day-8 holdout evaluation with Shapiro-Wilk ranking.,results/orbitiq_evaluation/evaluation_metrics.json,c818f3e63b416008d5254219e97e710d9468f443,high,Random forest showed strong precision on small residual magnitudes.
STAGE-03,3,2026-09-03 18:34:59,c818f3e63b416008d5254219e97e710d9468f443,Major Upgradations and Hybrid Model Addition,OrbitIQ Pretrained LSTM Benchmark,Model Comparison & Benchmarking,OrbitIQ Pretrained LSTM,Recurrent Neural Network (Keras / TensorFlow),MEO-1,MEO,DATA_MEO_Train.csv,90,NA (Evaluation on historical series),1,Single-target lag windows with StandardScaler,None,none,none,pretrained_weights_h5; target_specific_networks=True,0.847597,0.943081,0.850295,0.919734,0.890177,0.009859,0.356563,0.010836,0.146152,NA,1,0,1,0,NA,NA,NA,NA,0.385225,0.483234,0.824407,0.868795,0.356729,0.457858,NA,MAE / Normality Diagnostics,External Benchmark Evaluation,OrbitIQ Pretrained LSTM,Assess external pre-trained OrbitIQ neural weights against the PS-08 training distributions.,Integrated scripts/evaluate_orbitiq.py to run pre-trained HDF5 models on PS-08 error files.,"Evaluated across 90 epochs. 3D Position Error Mean: 0.8244 m, W_avg: 0.8902.",comparable; lower 3D error than initial BiLSTM on training distributions,Models trained on separate data distribution; severe normality rejections on MEO-2 (p < 1e-7).,Evaluate native machine learning models on Day-8 out-of-sample holdouts.,"results/orbitiq_evaluation/evaluation_metrics.json, EVALUATION_REPORT.md",c818f3e63b416008d5254219e97e710d9468f443,high,Pretrained LSTM models evaluated individually per coordinate axis.
STAGE-03,3,2026-09-03 18:34:59,c818f3e63b416008d5254219e97e710d9468f443,Major Upgradations and Hybrid Model Addition,Random Forest Baseline Benchmark,Model Comparison & Benchmarking,Random Forest,Ensemble Trees (scikit-learn),MEO-1,MEO,DATA_MEO_Train.csv,90,NA,1,Single-target lag windows with StandardScaler,None,none,none,n_estimators=100; max_depth=10,0.804147,0.930023,0.861659,0.915389,0.877805,0.002314,0.217837,0.016233,0.123389,NA,1,0,1,0,NA,NA,NA,NA,0.371446,0.474009,0.799109,0.844466,0.349491,0.466577,NA,MAE / Normality Diagnostics,Comparative baseline,OrbitIQ Pretrained LSTM,Direct comparison between ensemble decision trees and recurrent neural networks on error series.,Trained RandomForestRegressor alongside LSTM in evaluate_orbitiq.py.,"MEO-2 3D error dramatically lower (0.1577m vs 1.4215m), but W_avg on MEO-2 dropped to 0.8778.","comparable; superior 3D precision on MEO-2, comparable on GEO and MEO-1",Tree-based models cannot extrapolate trends outside historical bounds.,Construct multi-model Day-8 holdout evaluation with Shapiro-Wilk ranking.,results/orbitiq_evaluation/evaluation_metrics.json,c818f3e63b416008d5254219e97e710d9468f443,high,Random forest showed strong precision on small residual magnitudes.
STAGE-03,3,2026-09-03 18:34:59,c818f3e63b416008d5254219e97e710d9468f443,Major Upgradations and Hybrid Model Addition,OrbitIQ Pretrained LSTM Benchmark,Model Comparison & Benchmarking,OrbitIQ Pretrained LSTM,Recurrent Neural Network (Keras / TensorFlow),MEO-2,MEO,DATA_MEO_Train2.csv,244,NA (Evaluation on historical series),1,Single-target lag windows with StandardScaler,None,none,none,pretrained_weights_h5; target_specific_networks=True,0.601232,0.728666,0.681018,0.961124,0.743010,0.000000,0.000000,0.000000,0.112099,NA,1,1,1,0,NA,NA,NA,NA,0.629218,0.634428,1.421484,1.426984,0.226247,0.227040,NA,MAE / Normality Diagnostics,External Benchmark Evaluation,OrbitIQ Pretrained LSTM,Assess external pre-trained OrbitIQ neural weights against the PS-08 training distributions.,Integrated scripts/evaluate_orbitiq.py to run pre-trained HDF5 models on PS-08 error files.,"Evaluated across 244 epochs. 3D Position Error Mean: 1.4215 m, W_avg: 0.7430.",comparable; lower 3D error than initial BiLSTM on training distributions,Models trained on separate data distribution; severe normality rejections on MEO-2 (p < 1e-7).,Evaluate native machine learning models on Day-8 out-of-sample holdouts.,"results/orbitiq_evaluation/evaluation_metrics.json, EVALUATION_REPORT.md",c818f3e63b416008d5254219e97e710d9468f443,high,Pretrained LSTM models evaluated individually per coordinate axis.
STAGE-03,3,2026-09-03 18:34:59,c818f3e63b416008d5254219e97e710d9468f443,Major Upgradations and Hybrid Model Addition,Random Forest Baseline Benchmark,Model Comparison & Benchmarking,Random Forest,Ensemble Trees (scikit-learn),MEO-2,MEO,DATA_MEO_Train2.csv,244,NA,1,Single-target lag windows with StandardScaler,None,none,none,n_estimators=100; max_depth=10,0.653856,0.927004,0.505625,0.872738,0.739806,0.000000,0.005296,0.000000,0.000093,NA,1,1,1,1,NA,NA,NA,NA,0.061018,0.096494,0.157677,0.215995,0.010429,0.016437,NA,MAE / Normality Diagnostics,Comparative baseline,OrbitIQ Pretrained LSTM,Direct comparison between ensemble decision trees and recurrent neural networks on error series.,Trained RandomForestRegressor alongside LSTM in evaluate_orbitiq.py.,"MEO-2 3D error dramatically lower (0.1577m vs 1.4215m), but W_avg on MEO-2 dropped to 0.7398.","comparable; superior 3D precision on MEO-2, comparable on GEO and MEO-1",Tree-based models cannot extrapolate trends outside historical bounds.,Construct multi-model Day-8 holdout evaluation with Shapiro-Wilk ranking.,results/orbitiq_evaluation/evaluation_metrics.json,c818f3e63b416008d5254219e97e710d9468f443,high,Random forest showed strong precision on small residual magnitudes.
STAGE-04,4,2026-09-03 18:34:59,c818f3e63b416008d5254219e97e710d9468f443,Major Upgradations and Hybrid Model Addition,PS-08 Day-8 Multi-Model Benchmark,Multi-Model Day-8 Benchmark,Harmonic Ridge,Linear / Harmonic,"Macro-Average (GEO, MEO-1, MEO-2)",Combined (GEO & MEO),"PS-08 (DATA_GEO, DATA_MEO, DATA_MEO2)",476,110,Day 8 full horizon,"Causal lags, elapsed time, harmonic frequencies",None (Cartesian ECEF),none,none,evaluated_in_scripts/benchmark_ps08.py,NA,NA,NA,NA,0.848832,NA,NA,NA,NA,0.177741,NA,NA,NA,NA,NA,NA,NA,NA,6.267048,13.256386,NA,NA,NA,NA,NA,Priority 1 (Macro-average Shapiro-Wilk W across 12 tests),WINNER,Harmonic Ridge,First rigorous out-of-sample Day-8 benchmark across all 6 candidate models following Note.pdf rules.,Built scripts/benchmark_ps08.py executing standardized 7-day train / Day-8 test protocol with exact deduplication.,Harmonic Ridge achieved highest W_avg (0.848832) with lowest rejections (7/12).,comparable; Harmonic Ridge won on normality despite GP having lower MAE (5.94m vs 6.27m),Global model ranking across satellites ignored satellite-specific physical variations.,Address data pipeline leakage and investigate large GEO excursion dynamics.,"results/ps08_day8/BENCHMARK_REPORT.md, benchmark_report.json",c818f3e63b416008d5254219e97e710d9468f443,high,First implementation of Note.pdf three-tier evaluation criteria (Shapiro W -> Mean/Std -> Q-Q).
STAGE-04,4,2026-09-03 18:34:59,c818f3e63b416008d5254219e97e710d9468f443,Major Upgradations and Hybrid Model Addition,PS-08 Day-8 Multi-Model Benchmark,Multi-Model Day-8 Benchmark,Random Forest,Ensemble Trees,"Macro-Average (GEO, MEO-1, MEO-2)",Combined (GEO & MEO),"PS-08 (DATA_GEO, DATA_MEO, DATA_MEO2)",476,110,Day 8 full horizon,"Causal lags, elapsed time, harmonic frequencies",None (Cartesian ECEF),none,none,evaluated_in_scripts/benchmark_ps08.py,NA,NA,NA,NA,0.847138,NA,NA,NA,NA,0.217385,NA,NA,NA,NA,NA,NA,NA,NA,6.256051,13.357718,NA,NA,NA,NA,NA,Priority 1 (Macro-average Shapiro-Wilk W across 12 tests),Rank 2,Harmonic Ridge,First rigorous out-of-sample Day-8 benchmark across all 6 candidate models following Note.pdf rules.,Built scripts/benchmark_ps08.py executing standardized 7-day train / Day-8 test protocol with exact deduplication.,Harmonic Ridge achieved highest W_avg (0.847138) with lowest rejections (6/12).,comparable; Harmonic Ridge won on normality despite GP having lower MAE (5.94m vs 6.27m),Global model ranking across satellites ignored satellite-specific physical variations.,Address data pipeline leakage and investigate large GEO excursion dynamics.,"results/ps08_day8/BENCHMARK_REPORT.md, benchmark_report.json",c818f3e63b416008d5254219e97e710d9468f443,high,First implementation of Note.pdf three-tier evaluation criteria (Shapiro W -> Mean/Std -> Q-Q).
STAGE-04,4,2026-09-03 18:34:59,c818f3e63b416008d5254219e97e710d9468f443,Major Upgradations and Hybrid Model Addition,PS-08 Day-8 Multi-Model Benchmark,Multi-Model Day-8 Benchmark,BiLSTM-GRU,Recurrent Neural Network,"Macro-Average (GEO, MEO-1, MEO-2)",Combined (GEO & MEO),"PS-08 (DATA_GEO, DATA_MEO, DATA_MEO2)",476,110,Day 8 full horizon,"Causal lags, elapsed time, harmonic frequencies",None (Cartesian ECEF),none,none,evaluated_in_scripts/benchmark_ps08.py,NA,NA,NA,NA,0.827697,NA,NA,NA,NA,0.134819,NA,NA,NA,NA,NA,NA,NA,NA,5.949739,13.196067,NA,NA,NA,NA,NA,Priority 1 (Macro-average Shapiro-Wilk W across 12 tests),Rank 3,Harmonic Ridge,First rigorous out-of-sample Day-8 benchmark across all 6 candidate models following Note.pdf rules.,Built scripts/benchmark_ps08.py executing standardized 7-day train / Day-8 test protocol with exact deduplication.,Harmonic Ridge achieved highest W_avg (0.827697) with lowest rejections (8/12).,comparable; Harmonic Ridge won on normality despite GP having lower MAE (5.94m vs 6.27m),Global model ranking across satellites ignored satellite-specific physical variations.,Address data pipeline leakage and investigate large GEO excursion dynamics.,"results/ps08_day8/BENCHMARK_REPORT.md, benchmark_report.json",c818f3e63b416008d5254219e97e710d9468f443,high,First implementation of Note.pdf three-tier evaluation criteria (Shapiro W -> Mean/Std -> Q-Q).
STAGE-04,4,2026-09-03 18:34:59,c818f3e63b416008d5254219e97e710d9468f443,Major Upgradations and Hybrid Model Addition,PS-08 Day-8 Multi-Model Benchmark,Multi-Model Day-8 Benchmark,Persistence,Baseline,"Macro-Average (GEO, MEO-1, MEO-2)",Combined (GEO & MEO),"PS-08 (DATA_GEO, DATA_MEO, DATA_MEO2)",476,110,Day 8 full horizon,"Causal lags, elapsed time, harmonic frequencies",None (Cartesian ECEF),none,none,evaluated_in_scripts/benchmark_ps08.py,NA,NA,NA,NA,0.826648,NA,NA,NA,NA,0.126571,NA,NA,NA,NA,NA,NA,NA,NA,6.075791,13.198906,NA,NA,NA,NA,NA,Priority 1 (Macro-average Shapiro-Wilk W across 12 tests),Rank 4,Harmonic Ridge,First rigorous out-of-sample Day-8 benchmark across all 6 candidate models following Note.pdf rules.,Built scripts/benchmark_ps08.py executing standardized 7-day train / Day-8 test protocol with exact deduplication.,Harmonic Ridge achieved highest W_avg (0.826648) with lowest rejections (8/12).,comparable; Harmonic Ridge won on normality despite GP having lower MAE (5.94m vs 6.27m),Global model ranking across satellites ignored satellite-specific physical variations.,Address data pipeline leakage and investigate large GEO excursion dynamics.,"results/ps08_day8/BENCHMARK_REPORT.md, benchmark_report.json",c818f3e63b416008d5254219e97e710d9468f443,high,First implementation of Note.pdf three-tier evaluation criteria (Shapiro W -> Mean/Std -> Q-Q).
STAGE-04,4,2026-09-03 18:34:59,c818f3e63b416008d5254219e97e710d9468f443,Major Upgradations and Hybrid Model Addition,PS-08 Day-8 Multi-Model Benchmark,Multi-Model Day-8 Benchmark,Transformer,Attention Neural Network,"Macro-Average (GEO, MEO-1, MEO-2)",Combined (GEO & MEO),"PS-08 (DATA_GEO, DATA_MEO, DATA_MEO2)",476,110,Day 8 full horizon,"Causal lags, elapsed time, harmonic frequencies",None (Cartesian ECEF),none,none,evaluated_in_scripts/benchmark_ps08.py,NA,NA,NA,NA,0.825003,NA,NA,NA,NA,0.128970,NA,NA,NA,NA,NA,NA,NA,NA,5.952240,13.197836,NA,NA,NA,NA,NA,Priority 1 (Macro-average Shapiro-Wilk W across 12 tests),Rank 5,Harmonic Ridge,First rigorous out-of-sample Day-8 benchmark across all 6 candidate models following Note.pdf rules.,Built scripts/benchmark_ps08.py executing standardized 7-day train / Day-8 test protocol with exact deduplication.,Harmonic Ridge achieved highest W_avg (0.825003) with lowest rejections (8/12).,comparable; Harmonic Ridge won on normality despite GP having lower MAE (5.94m vs 6.27m),Global model ranking across satellites ignored satellite-specific physical variations.,Address data pipeline leakage and investigate large GEO excursion dynamics.,"results/ps08_day8/BENCHMARK_REPORT.md, benchmark_report.json",c818f3e63b416008d5254219e97e710d9468f443,high,First implementation of Note.pdf three-tier evaluation criteria (Shapiro W -> Mean/Std -> Q-Q).
STAGE-04,4,2026-09-03 18:34:59,c818f3e63b416008d5254219e97e710d9468f443,Major Upgradations and Hybrid Model Addition,PS-08 Day-8 Multi-Model Benchmark,Multi-Model Day-8 Benchmark,Gaussian Process,Nonparametric Bayesian,"Macro-Average (GEO, MEO-1, MEO-2)",Combined (GEO & MEO),"PS-08 (DATA_GEO, DATA_MEO, DATA_MEO2)",476,110,Day 8 full horizon,"Causal lags, elapsed time, harmonic frequencies",None (Cartesian ECEF),none,none,evaluated_in_scripts/benchmark_ps08.py,NA,NA,NA,NA,0.821455,NA,NA,NA,NA,0.126631,NA,NA,NA,NA,NA,NA,NA,NA,5.944548,13.191014,NA,NA,NA,NA,NA,Priority 1 (Macro-average Shapiro-Wilk W across 12 tests),Rank 6,Harmonic Ridge,First rigorous out-of-sample Day-8 benchmark across all 6 candidate models following Note.pdf rules.,Built scripts/benchmark_ps08.py executing standardized 7-day train / Day-8 test protocol with exact deduplication.,Harmonic Ridge achieved highest W_avg (0.821455) with lowest rejections (7/12).,comparable; Harmonic Ridge won on normality despite GP having lower MAE (5.94m vs 6.27m),Global model ranking across satellites ignored satellite-specific physical variations.,Address data pipeline leakage and investigate large GEO excursion dynamics.,"results/ps08_day8/BENCHMARK_REPORT.md, benchmark_report.json",c818f3e63b416008d5254219e97e710d9468f443,high,First implementation of Note.pdf three-tier evaluation criteria (Shapiro W -> Mean/Std -> Q-Q).
STAGE-05,5,2026-09-04 04:14:43,0a6451a3e71f8a493bb0a7b9ca634f0fba699cb3,Pipeline Leakage Control,Pipeline Leakage Control & Evaluation Hardening,Leakage Control & Evaluation Improvements,All Models (Data Pipeline),Preprocessing & Data Ingestion,All Satellites,GEO / MEO,"PS-08 (DATA_GEO, DATA_MEO, DATA_MEO2)",476,110,Day 8 (96 steps),Strictly causal features; no future leakage,None,none,none,_keras_validation_start; purge_irregular_gaps=True; disjoint_scaler_fit=True,NA,NA,NA,NA,NA,NA,NA,NA,NA,NA,NA,NA,NA,NA,NA,NA,NA,NA,NA,NA,NA,NA,NA,NA,NA,Leakage-Safe Validation Policy,Infrastructure Hardening,Harmonic Ridge,"Risk of data leakage across train/validation splits, scaler fitting on test statistics, and irregular cadence gaps.",Restricted scaler fitting strictly to training historical window; purged sequence windows crossing gaps; tracked row-level predictions.,Guaranteed zero forward-looking target contamination; verified by tests/test_data_pipeline.py.,not_comparable (Data pipeline leakage fix; ensures validity of subsequent scores),GEO error excursions remained unmodeled by static linear and recurrent baselines.,Develop GEO regime-aware architecture to capture non-stationary excursion physics.,"src/data.py, tests/test_data_pipeline.py, results/ps08_day8/day8_all_models_table.md",0a6451a3e71f8a493bb0a7b9ca634f0fba699cb3,high,Ensured mathematical integrity and audit compliance for all subsequent machine learning runs.
STAGE-06,6,2026-09-04 04:42:21,cb0c8bf32f469093d5fe581e457f87e52239faec,Addition of GEO Regime Aware Model,GEO Regime-Aware Excursion Modeling,GEO-Specific / Regime-Aware Modeling,GEO Regime Aware Residual Forecaster,Hybrid Regime Forecaster (PyTorch),GEO,GEO,Data_PS-08/DATA_GEO_Train.csv / DATA_GEO_Test.csv,142,69,69,Harmonic orbital base + delta_t time gaps + rolling amplitude regime estimator,"Temporal gap distribution, orbital period harmonics",none,none,regime_threshold=2.5_sigma; residual_head_dim=24; lr=0.001,NA,NA,NA,NA,NA,NA,NA,NA,NA,NA,NA,NA,NA,NA,NA,NA,NA,NA,NA,NA,NA,NA,NA,NA,NA,GEO Excursion Analysis,Specialist Prototype,GEO Regime Aware,GEO orbit exhibited abrupt ~75m error excursions during Day 8 that degraded global model W scores.,Engineered regime-switching residual forecaster combining base harmonics with excursion gating.,Isolated excursion regimes; generated comprehensive geo_diagnostics/ plots and backtests.,comparable; provided foundation for Gated Mixture of Experts,Hard thresholding on regime probabilities caused boundary discontinuity.,Formulate continuous Gated Mixture of Experts (MoE) with soft routing.,"results/ps08_day8/geo_diagnostics/, tests/test_geo_regime_aware.py",cb0c8bf32f469093d5fe581e457f87e52239faec,high,Proved that GEO orbit requires specialized regime modeling distinct from MEO satellites.
STAGE-07,7,2026-09-04 05:19:05,05bbd2179703df76dbe51c0775e3199e9038cc99,Complete GEO Gated MoE model and PS-08 Day-8 benchmark evaluation,GEO Gated Mixture of Experts Benchmark,GEO Gated MoE Benchmark,GEO Gated MoE,Mixture of Experts (PyTorch),Macro-Average & GEO Breakdown,GEO / Combined,"PS-08 (DATA_GEO, DATA_MEO, DATA_MEO2)",476,110,Day 8 full horizon,"Harmonic queries, lag sequences, gating routing weights",None (Orbital period harmonics),none,none,history_dim=16; query_dim=13; hidden_dim=24; soft_gating=True,NA,NA,NA,NA,0.848836,NA,NA,NA,NA,0.184691,NA,NA,NA,NA,0.910800,15.073300,NA,NA,6.268900,13.257700,NA,NA,NA,NA,NA,Priority 1 (Macro-average Shapiro-Wilk W across 12 tests),WINNER,GEO Gated MoE,Overcome static model limitations on GEO excursions using adaptive mixture of expert networks.,Implemented GEOGatedMoE with smooth gating network routing between nominal harmonic dynamics and excursion states.,"GEO Gated MoE won overall benchmark (W_avg = 0.848836, GEO W = 0.802533), beating Harmonic Ridge.",comparable; GEO Gated MoE improved W_avg from 0.848832 to 0.848836 and GEO W to 0.802533,Evaluated as a single winner across all satellites rather than routing satellite-specific specialists.,Modularize software package and transition to satellite-specific router architecture.,"results/ps08_day8/BENCHMARK_REPORT.md, geo_diagnostics/geo_model_comparison.csv",05bbd2179703df76dbe51c0775e3199e9038cc99,high,Demonstrated that mixture-of-experts architecture successfully handles non-stationary orbital excursions.
STAGE-07,7,2026-09-04 05:19:05,05bbd2179703df76dbe51c0775e3199e9038cc99,Complete GEO Gated MoE model and PS-08 Day-8 benchmark evaluation,GEO Gated Mixture of Experts Benchmark,GEO Gated MoE Benchmark,Harmonic Ridge,Linear / Harmonic,Macro-Average & GEO Breakdown,GEO / Combined,"PS-08 (DATA_GEO, DATA_MEO, DATA_MEO2)",476,110,Day 8 full horizon,"Harmonic queries, lag sequences, gating routing weights",None (Orbital period harmonics),none,none,history_dim=16; query_dim=13; hidden_dim=24; soft_gating=True,NA,NA,NA,NA,0.848832,NA,NA,NA,NA,0.177741,NA,NA,NA,NA,0.066400,15.070000,NA,NA,6.267000,13.256400,NA,NA,NA,NA,NA,Priority 1 (Macro-average Shapiro-Wilk W across 12 tests),Rank 2,GEO Gated MoE,Overcome static model limitations on GEO excursions using adaptive mixture of expert networks.,Implemented GEOGatedMoE with smooth gating network routing between nominal harmonic dynamics and excursion states.,"GEO Gated MoE won overall benchmark (W_avg = 0.848832, GEO W = 0.802403), beating Harmonic Ridge.",comparable; GEO Gated MoE improved W_avg from 0.848832 to 0.848836 and GEO W to 0.802533,Evaluated as a single winner across all satellites rather than routing satellite-specific specialists.,Modularize software package and transition to satellite-specific router architecture.,"results/ps08_day8/BENCHMARK_REPORT.md, geo_diagnostics/geo_model_comparison.csv",05bbd2179703df76dbe51c0775e3199e9038cc99,high,Demonstrated that mixture-of-experts architecture successfully handles non-stationary orbital excursions.
STAGE-07,7,2026-09-04 05:19:05,05bbd2179703df76dbe51c0775e3199e9038cc99,Complete GEO Gated MoE model and PS-08 Day-8 benchmark evaluation,GEO Gated Mixture of Experts Benchmark,GEO Gated MoE Benchmark,Random Forest,Ensemble Trees,Macro-Average & GEO Breakdown,GEO / Combined,"PS-08 (DATA_GEO, DATA_MEO, DATA_MEO2)",476,110,Day 8 full horizon,"Harmonic queries, lag sequences, gating routing weights",None (Orbital period harmonics),none,none,history_dim=16; query_dim=13; hidden_dim=24; soft_gating=True,NA,NA,NA,NA,0.847138,NA,NA,NA,NA,0.217385,NA,NA,NA,NA,1.165100,15.115700,NA,NA,6.256100,13.357700,NA,NA,NA,NA,NA,Priority 1 (Macro-average Shapiro-Wilk W across 12 tests),Rank 3,GEO Gated MoE,Overcome static model limitations on GEO excursions using adaptive mixture of expert networks.,Implemented GEOGatedMoE with smooth gating network routing between nominal harmonic dynamics and excursion states.,"GEO Gated MoE won overall benchmark (W_avg = 0.847138, GEO W = 0.782957), beating Harmonic Ridge.",comparable; GEO Gated MoE improved W_avg from 0.848832 to 0.848836 and GEO W to 0.802533,Evaluated as a single winner across all satellites rather than routing satellite-specific specialists.,Modularize software package and transition to satellite-specific router architecture.,"results/ps08_day8/BENCHMARK_REPORT.md, geo_diagnostics/geo_model_comparison.csv",05bbd2179703df76dbe51c0775e3199e9038cc99,high,Demonstrated that mixture-of-experts architecture successfully handles non-stationary orbital excursions.
STAGE-07,7,2026-09-04 05:19:05,05bbd2179703df76dbe51c0775e3199e9038cc99,Complete GEO Gated MoE model and PS-08 Day-8 benchmark evaluation,GEO Gated Mixture of Experts Benchmark,GEO Gated MoE Benchmark,BiLSTM-GRU,Recurrent Neural Network,Macro-Average & GEO Breakdown,GEO / Combined,"PS-08 (DATA_GEO, DATA_MEO, DATA_MEO2)",476,110,Day 8 full horizon,"Harmonic queries, lag sequences, gating routing weights",None (Orbital period harmonics),none,none,history_dim=16; query_dim=13; hidden_dim=24; soft_gating=True,NA,NA,NA,NA,0.827697,NA,NA,NA,NA,0.134819,NA,NA,NA,NA,0.523700,15.018100,NA,NA,5.949700,13.196100,NA,NA,NA,NA,NA,Priority 1 (Macro-average Shapiro-Wilk W across 12 tests),Rank 4,GEO Gated MoE,Overcome static model limitations on GEO excursions using adaptive mixture of expert networks.,Implemented GEOGatedMoE with smooth gating network routing between nominal harmonic dynamics and excursion states.,"GEO Gated MoE won overall benchmark (W_avg = 0.827697, GEO W = 0.783743), beating Harmonic Ridge.",comparable; GEO Gated MoE improved W_avg from 0.848832 to 0.848836 and GEO W to 0.802533,Evaluated as a single winner across all satellites rather than routing satellite-specific specialists.,Modularize software package and transition to satellite-specific router architecture.,"results/ps08_day8/BENCHMARK_REPORT.md, geo_diagnostics/geo_model_comparison.csv",05bbd2179703df76dbe51c0775e3199e9038cc99,high,Demonstrated that mixture-of-experts architecture successfully handles non-stationary orbital excursions.
STAGE-07,7,2026-09-04 05:19:05,05bbd2179703df76dbe51c0775e3199e9038cc99,Complete GEO Gated MoE model and PS-08 Day-8 benchmark evaluation,GEO Gated Mixture of Experts Benchmark,GEO Gated MoE Benchmark,Persistence,Baseline,Macro-Average & GEO Breakdown,GEO / Combined,"PS-08 (DATA_GEO, DATA_MEO, DATA_MEO2)",476,110,Day 8 full horizon,"Harmonic queries, lag sequences, gating routing weights",None (Orbital period harmonics),none,none,history_dim=16; query_dim=13; hidden_dim=24; soft_gating=True,NA,NA,NA,NA,0.826648,NA,NA,NA,NA,0.126571,NA,NA,NA,NA,0.643600,15.020500,NA,NA,6.075800,13.198900,NA,NA,NA,NA,NA,Priority 1 (Macro-average Shapiro-Wilk W across 12 tests),Rank 5,GEO Gated MoE,Overcome static model limitations on GEO excursions using adaptive mixture of expert networks.,Implemented GEOGatedMoE with smooth gating network routing between nominal harmonic dynamics and excursion states.,"GEO Gated MoE won overall benchmark (W_avg = 0.826648, GEO W = 0.783926), beating Harmonic Ridge.",comparable; GEO Gated MoE improved W_avg from 0.848832 to 0.848836 and GEO W to 0.802533,Evaluated as a single winner across all satellites rather than routing satellite-specific specialists.,Modularize software package and transition to satellite-specific router architecture.,"results/ps08_day8/BENCHMARK_REPORT.md, geo_diagnostics/geo_model_comparison.csv",05bbd2179703df76dbe51c0775e3199e9038cc99,high,Demonstrated that mixture-of-experts architecture successfully handles non-stationary orbital excursions.
STAGE-07,7,2026-09-04 05:19:05,05bbd2179703df76dbe51c0775e3199e9038cc99,Complete GEO Gated MoE model and PS-08 Day-8 benchmark evaluation,GEO Gated Mixture of Experts Benchmark,GEO Gated MoE Benchmark,Transformer,Attention Neural Network,Macro-Average & GEO Breakdown,GEO / Combined,"PS-08 (DATA_GEO, DATA_MEO, DATA_MEO2)",476,110,Day 8 full horizon,"Harmonic queries, lag sequences, gating routing weights",None (Orbital period harmonics),none,none,history_dim=16; query_dim=13; hidden_dim=24; soft_gating=True,NA,NA,NA,NA,0.825003,NA,NA,NA,NA,0.128970,NA,NA,NA,NA,0.571500,15.021300,NA,NA,5.952200,13.197800,NA,NA,NA,NA,NA,Priority 1 (Macro-average Shapiro-Wilk W across 12 tests),Rank 6,GEO Gated MoE,Overcome static model limitations on GEO excursions using adaptive mixture of expert networks.,Implemented GEOGatedMoE with smooth gating network routing between nominal harmonic dynamics and excursion states.,"GEO Gated MoE won overall benchmark (W_avg = 0.825003, GEO W = 0.783770), beating Harmonic Ridge.",comparable; GEO Gated MoE improved W_avg from 0.848832 to 0.848836 and GEO W to 0.802533,Evaluated as a single winner across all satellites rather than routing satellite-specific specialists.,Modularize software package and transition to satellite-specific router architecture.,"results/ps08_day8/BENCHMARK_REPORT.md, geo_diagnostics/geo_model_comparison.csv",05bbd2179703df76dbe51c0775e3199e9038cc99,high,Demonstrated that mixture-of-experts architecture successfully handles non-stationary orbital excursions.
STAGE-07,7,2026-09-04 05:19:05,05bbd2179703df76dbe51c0775e3199e9038cc99,Complete GEO Gated MoE model and PS-08 Day-8 benchmark evaluation,GEO Gated Mixture of Experts Benchmark,GEO Gated MoE Benchmark,Gaussian Process,Nonparametric Bayesian,Macro-Average & GEO Breakdown,GEO / Combined,"PS-08 (DATA_GEO, DATA_MEO, DATA_MEO2)",476,110,Day 8 full horizon,"Harmonic queries, lag sequences, gating routing weights",None (Orbital period harmonics),none,none,history_dim=16; query_dim=13; hidden_dim=24; soft_gating=True,NA,NA,NA,NA,0.821455,NA,NA,NA,NA,0.126631,NA,NA,NA,NA,0.323100,15.020500,NA,NA,5.944500,13.191000,NA,NA,NA,NA,NA,Priority 1 (Macro-average Shapiro-Wilk W across 12 tests),Rank 7,GEO Gated MoE,Overcome static model limitations on GEO excursions using adaptive mixture of expert networks.,Implemented GEOGatedMoE with smooth gating network routing between nominal harmonic dynamics and excursion states.,"GEO Gated MoE won overall benchmark (W_avg = 0.821455, GEO W = 0.783932), beating Harmonic Ridge.",comparable; GEO Gated MoE improved W_avg from 0.848832 to 0.848836 and GEO W to 0.802533,Evaluated as a single winner across all satellites rather than routing satellite-specific specialists.,Modularize software package and transition to satellite-specific router architecture.,"results/ps08_day8/BENCHMARK_REPORT.md, geo_diagnostics/geo_model_comparison.csv",05bbd2179703df76dbe51c0775e3199e9038cc99,high,Demonstrated that mixture-of-experts architecture successfully handles non-stationary orbital excursions.
STAGE-08,8,2026-09-04 05:47:11,ed88b55aa46b7d4fb79494db598228b40c183f01,"Implement core model accuracy upgrades: harmonic baseline, solar physics, and spectral loss",Solar Physics & Spectral Loss Integration,Physical Context & Spectral Loss Upgrades,Transformer / BiLSTM with Solar & Spectral Loss,Hybrid Deep Learning,GEO / MEO,GEO / MEO,"PS-08 (DATA_GEO, DATA_MEO, DATA_MEO2)",476,110,96,Temporal harmonics + Sun position + solar incidence angles,"Sun vector, solar beta angle, shadow factor",nominal,nominal_approximation,spectral_loss_weight=0.1; huber_delta=1.0; n_harmonics=6,NA,NA,NA,NA,NA,NA,NA,NA,NA,NA,NA,NA,NA,NA,NA,NA,NA,NA,NA,NA,NA,NA,NA,NA,NA,Physical Context & Loss Enhancement,Architecture Upgrade,GEO Gated MoE,Neural architectures failed to capture orbital periodicities in frequency space and solar transition physics.,"Added src/physics.py solar geometry, FFT spectral loss in losses.py, and multi-harmonic basis expansion.",Provided mathematical basis for solar radiation pressure and orbital periodic feature engineering.,not_comparable (Loss and physics module introduction; validated via unit tests),Initial physics calculations were discarded during inference or computed only post-prediction.,Purge legacy benchmarks and establish formal satellite-specific routing stack.,"src/physics.py, src/models/losses.py, tests/test_physics.py",ed88b55aa46b7d4fb79494db598228b40c183f01,high,First introduction of solar geometry and spectral penalty into NeuroNav.
STAGE-09,9,2026-09-04 07:12:23,e30f8020c89700ffd1968a8bbcb3429b446bc01d,Changes in the model selection algorithm,Legacy Benchmark Purge & Clean Data Re-alignment,Model Selection & Clean Data Re-alignment,All Models,Repository Sanitation,All Satellites,GEO / MEO,"Root data/ (DATA_GEO, DATA_MEO, DATA_MEO2)",476,110,Day 8 out-of-sample,Standardized CSV schemas,None,none,none,clean_ps08_only=True,NA,NA,NA,NA,NA,NA,NA,NA,NA,NA,NA,NA,NA,NA,NA,NA,NA,NA,NA,NA,NA,NA,NA,NA,NA,Repository Sanitation,Clean Alignment,GEO Gated MoE,"Legacy synthetic and downloaded benchmarks (CLEAN_GNSS, ORBITIQ_BENCHMARK) caused architectural bloat.","Purged 13,000+ lines of synthetic benchmarks; moved authentic PS-08 files to root data/.",Strict focus on genuine competition evaluation; removed SP3 and external acquisition dependencies.,not_comparable (Repository cleanup),Pipeline still lacked persistent atomic registry and dedicated satellite routing.,"Construct satellite-specific calibration pipeline, registry, and inference router.","Commit diff, README.md, scripts/benchmark/benchmark_ps08.py",e30f8020c89700ffd1968a8bbcb3429b446bc01d,high,Completely eliminated external-product dependencies.
STAGE-10,10,2026-09-04 08:59:10,012dd2e6688d0724356e537d9abf60ecad647eb2,Implement satellite-specific forecasting backend and router,Satellite-Specific Registry & Router Inception,Satellite-Specific Model Selection & Registry,persistence,Various (Modular src/forecasting),GEO,GEO,data/DATA_GEO_Train.csv,142,69,Day 8 out-of-sample,"Temporal features, lag windows",RIC conversion post-prediction,nominal,nominal_approximation,evaluated_in_CalibrationPipeline,NA,NA,NA,NA,0.783926,NA,NA,NA,NA,0.000005,NA,NA,NA,NA,NA,NA,NA,NA,16.926754,NA,16.926754,NA,5.987715,NA,10.955452,Early Calibration Policy (3D Orbit Error MAE),Evaluated,gaussian_process,Global models cannot optimize differing orbital dynamics; single winner across all satellites was suboptimal.,"Built src/forecasting/ with SatelliteModelRegistry, CalibrationPipeline, PredictionRouter, and fail-closed safety.","Supported per-satellite model winners; under initial 3D MAE policy, Gaussian Process was selected for all 3 satellites.","comparable; achieved lowest 3D MAE (GEO 16.43m, MEO-1 0.31m, MEO-2 0.23m)",Initial calibration used 3D MAE rather than official Shapiro-Wilk competition hierarchy.,Align calibration selection strictly with official 3-tier Shapiro-Wilk competition hierarchy.,"reports/calibration/official_day8_calibration/satellite_model_comparison.csv, models/registry/satellite_model_registry.json",012dd2e6688d0724356e537d9abf60ecad647eb2,high,Architectural shift from global model to satellite-specific winning models.
STAGE-10,10,2026-09-04 08:59:10,012dd2e6688d0724356e537d9abf60ecad647eb2,Implement satellite-specific forecasting backend and router,Satellite-Specific Registry & Router Inception,Satellite-Specific Model Selection & Registry,harmonic_ridge,Various (Modular src/forecasting),GEO,GEO,data/DATA_GEO_Train.csv,142,69,Day 8 out-of-sample,"Temporal features, lag windows",RIC conversion post-prediction,nominal,nominal_approximation,evaluated_in_CalibrationPipeline,NA,NA,NA,NA,0.802403,NA,NA,NA,NA,0.000019,NA,NA,NA,NA,NA,NA,NA,NA,16.912940,NA,16.912940,NA,6.961440,NA,11.191852,Early Calibration Policy (3D Orbit Error MAE),Evaluated,gaussian_process,Global models cannot optimize differing orbital dynamics; single winner across all satellites was suboptimal.,"Built src/forecasting/ with SatelliteModelRegistry, CalibrationPipeline, PredictionRouter, and fail-closed safety.","Supported per-satellite model winners; under initial 3D MAE policy, Gaussian Process was selected for all 3 satellites.","comparable; achieved lowest 3D MAE (GEO 16.43m, MEO-1 0.31m, MEO-2 0.23m)",Initial calibration used 3D MAE rather than official Shapiro-Wilk competition hierarchy.,Align calibration selection strictly with official 3-tier Shapiro-Wilk competition hierarchy.,"reports/calibration/official_day8_calibration/satellite_model_comparison.csv, models/registry/satellite_model_registry.json",012dd2e6688d0724356e537d9abf60ecad647eb2,high,Architectural shift from global model to satellite-specific winning models.
STAGE-10,10,2026-09-04 08:59:10,012dd2e6688d0724356e537d9abf60ecad647eb2,Implement satellite-specific forecasting backend and router,Satellite-Specific Registry & Router Inception,Satellite-Specific Model Selection & Registry,random_forest,Various (Modular src/forecasting),GEO,GEO,data/DATA_GEO_Train.csv,142,69,Day 8 out-of-sample,"Temporal features, lag windows",RIC conversion post-prediction,nominal,nominal_approximation,evaluated_in_CalibrationPipeline,NA,NA,NA,NA,0.782469,NA,NA,NA,NA,0.000003,NA,NA,NA,NA,NA,NA,NA,NA,17.279472,NA,17.279472,NA,6.167691,NA,11.397027,Early Calibration Policy (3D Orbit Error MAE),Evaluated,gaussian_process,Global models cannot optimize differing orbital dynamics; single winner across all satellites was suboptimal.,"Built src/forecasting/ with SatelliteModelRegistry, CalibrationPipeline, PredictionRouter, and fail-closed safety.","Supported per-satellite model winners; under initial 3D MAE policy, Gaussian Process was selected for all 3 satellites.","comparable; achieved lowest 3D MAE (GEO 16.43m, MEO-1 0.31m, MEO-2 0.23m)",Initial calibration used 3D MAE rather than official Shapiro-Wilk competition hierarchy.,Align calibration selection strictly with official 3-tier Shapiro-Wilk competition hierarchy.,"reports/calibration/official_day8_calibration/satellite_model_comparison.csv, models/registry/satellite_model_registry.json",012dd2e6688d0724356e537d9abf60ecad647eb2,high,Architectural shift from global model to satellite-specific winning models.
STAGE-10,10,2026-09-04 08:59:10,012dd2e6688d0724356e537d9abf60ecad647eb2,Implement satellite-specific forecasting backend and router,Satellite-Specific Registry & Router Inception,Satellite-Specific Model Selection & Registry,gaussian_process,Various (Modular src/forecasting),GEO,GEO,data/DATA_GEO_Train.csv,142,69,Day 8 out-of-sample,"Temporal features, lag windows",RIC conversion post-prediction,nominal,nominal_approximation,evaluated_in_CalibrationPipeline,NA,NA,NA,NA,0.783932,NA,NA,NA,NA,0.000005,NA,NA,NA,NA,NA,NA,NA,NA,16.432361,NA,16.432361,NA,5.998571,NA,10.926093,Early Calibration Policy (3D Orbit Error MAE),WINNER,gaussian_process,Global models cannot optimize differing orbital dynamics; single winner across all satellites was suboptimal.,"Built src/forecasting/ with SatelliteModelRegistry, CalibrationPipeline, PredictionRouter, and fail-closed safety.","Supported per-satellite model winners; under initial 3D MAE policy, Gaussian Process was selected for all 3 satellites.","comparable; achieved lowest 3D MAE (GEO 16.43m, MEO-1 0.31m, MEO-2 0.23m)",Initial calibration used 3D MAE rather than official Shapiro-Wilk competition hierarchy.,Align calibration selection strictly with official 3-tier Shapiro-Wilk competition hierarchy.,"reports/calibration/official_day8_calibration/satellite_model_comparison.csv, models/registry/satellite_model_registry.json",012dd2e6688d0724356e537d9abf60ecad647eb2,high,Architectural shift from global model to satellite-specific winning models.
STAGE-10,10,2026-09-04 08:59:10,012dd2e6688d0724356e537d9abf60ecad647eb2,Implement satellite-specific forecasting backend and router,Satellite-Specific Registry & Router Inception,Satellite-Specific Model Selection & Registry,geo_moe,Various (Modular src/forecasting),GEO,GEO,data/DATA_GEO_Train.csv,142,69,Day 8 out-of-sample,"Temporal features, lag windows",RIC conversion post-prediction,nominal,nominal_approximation,evaluated_in_CalibrationPipeline,NA,NA,NA,NA,0.803827,NA,NA,NA,NA,0.000024,NA,NA,NA,NA,NA,NA,NA,NA,16.857985,NA,16.857985,NA,7.052840,NA,11.323488,Early Calibration Policy (3D Orbit Error MAE),Evaluated,gaussian_process,Global models cannot optimize differing orbital dynamics; single winner across all satellites was suboptimal.,"Built src/forecasting/ with SatelliteModelRegistry, CalibrationPipeline, PredictionRouter, and fail-closed safety.","Supported per-satellite model winners; under initial 3D MAE policy, Gaussian Process was selected for all 3 satellites.","comparable; achieved lowest 3D MAE (GEO 16.43m, MEO-1 0.31m, MEO-2 0.23m)",Initial calibration used 3D MAE rather than official Shapiro-Wilk competition hierarchy.,Align calibration selection strictly with official 3-tier Shapiro-Wilk competition hierarchy.,"reports/calibration/official_day8_calibration/satellite_model_comparison.csv, models/registry/satellite_model_registry.json",012dd2e6688d0724356e537d9abf60ecad647eb2,high,Architectural shift from global model to satellite-specific winning models.
STAGE-10,10,2026-09-04 08:59:10,012dd2e6688d0724356e537d9abf60ecad647eb2,Implement satellite-specific forecasting backend and router,Satellite-Specific Registry & Router Inception,Satellite-Specific Model Selection & Registry,bilstm_gru,Various (Modular src/forecasting),GEO,GEO,data/DATA_GEO_Train.csv,142,69,Day 8 out-of-sample,"Temporal features, lag windows",RIC conversion post-prediction,nominal,nominal_approximation,evaluated_in_CalibrationPipeline,NA,NA,NA,NA,0.787594,NA,NA,NA,NA,0.000006,NA,NA,NA,NA,NA,NA,NA,NA,16.717758,NA,16.717758,NA,6.177934,NA,10.879234,Early Calibration Policy (3D Orbit Error MAE),Evaluated,gaussian_process,Global models cannot optimize differing orbital dynamics; single winner across all satellites was suboptimal.,"Built src/forecasting/ with SatelliteModelRegistry, CalibrationPipeline, PredictionRouter, and fail-closed safety.","Supported per-satellite model winners; under initial 3D MAE policy, Gaussian Process was selected for all 3 satellites.","comparable; achieved lowest 3D MAE (GEO 16.43m, MEO-1 0.31m, MEO-2 0.23m)",Initial calibration used 3D MAE rather than official Shapiro-Wilk competition hierarchy.,Align calibration selection strictly with official 3-tier Shapiro-Wilk competition hierarchy.,"reports/calibration/official_day8_calibration/satellite_model_comparison.csv, models/registry/satellite_model_registry.json",012dd2e6688d0724356e537d9abf60ecad647eb2,high,Architectural shift from global model to satellite-specific winning models.
STAGE-10,10,2026-09-04 08:59:10,012dd2e6688d0724356e537d9abf60ecad647eb2,Implement satellite-specific forecasting backend and router,Satellite-Specific Registry & Router Inception,Satellite-Specific Model Selection & Registry,transformer,Various (Modular src/forecasting),GEO,GEO,data/DATA_GEO_Train.csv,142,69,Day 8 out-of-sample,"Temporal features, lag windows",RIC conversion post-prediction,nominal,nominal_approximation,evaluated_in_CalibrationPipeline,NA,NA,NA,NA,0.787505,NA,NA,NA,NA,0.000006,NA,NA,NA,NA,NA,NA,NA,NA,16.904041,NA,16.904041,NA,6.188286,NA,11.206983,Early Calibration Policy (3D Orbit Error MAE),Evaluated,gaussian_process,Global models cannot optimize differing orbital dynamics; single winner across all satellites was suboptimal.,"Built src/forecasting/ with SatelliteModelRegistry, CalibrationPipeline, PredictionRouter, and fail-closed safety.","Supported per-satellite model winners; under initial 3D MAE policy, Gaussian Process was selected for all 3 satellites.","comparable; achieved lowest 3D MAE (GEO 16.43m, MEO-1 0.31m, MEO-2 0.23m)",Initial calibration used 3D MAE rather than official Shapiro-Wilk competition hierarchy.,Align calibration selection strictly with official 3-tier Shapiro-Wilk competition hierarchy.,"reports/calibration/official_day8_calibration/satellite_model_comparison.csv, models/registry/satellite_model_registry.json",012dd2e6688d0724356e537d9abf60ecad647eb2,high,Architectural shift from global model to satellite-specific winning models.
STAGE-10,10,2026-09-04 08:59:10,012dd2e6688d0724356e537d9abf60ecad647eb2,Implement satellite-specific forecasting backend and router,Satellite-Specific Registry & Router Inception,Satellite-Specific Model Selection & Registry,decoupled_clock,Various (Modular src/forecasting),GEO,GEO,data/DATA_GEO_Train.csv,142,69,Day 8 out-of-sample,"Temporal features, lag windows",RIC conversion post-prediction,nominal,nominal_approximation,evaluated_in_CalibrationPipeline,NA,NA,NA,NA,0.802602,NA,NA,NA,NA,0.000019,NA,NA,NA,NA,NA,NA,NA,NA,16.912940,NA,16.912940,NA,6.970742,NA,11.568630,Early Calibration Policy (3D Orbit Error MAE),Evaluated,gaussian_process,Global models cannot optimize differing orbital dynamics; single winner across all satellites was suboptimal.,"Built src/forecasting/ with SatelliteModelRegistry, CalibrationPipeline, PredictionRouter, and fail-closed safety.","Supported per-satellite model winners; under initial 3D MAE policy, Gaussian Process was selected for all 3 satellites.","comparable; achieved lowest 3D MAE (GEO 16.43m, MEO-1 0.31m, MEO-2 0.23m)",Initial calibration used 3D MAE rather than official Shapiro-Wilk competition hierarchy.,Align calibration selection strictly with official 3-tier Shapiro-Wilk competition hierarchy.,"reports/calibration/official_day8_calibration/satellite_model_comparison.csv, models/registry/satellite_model_registry.json",012dd2e6688d0724356e537d9abf60ecad647eb2,high,Architectural shift from global model to satellite-specific winning models.
STAGE-10,10,2026-09-04 08:59:10,012dd2e6688d0724356e537d9abf60ecad647eb2,Implement satellite-specific forecasting backend and router,Satellite-Specific Registry & Router Inception,Satellite-Specific Model Selection & Registry,nhits,Various (Modular src/forecasting),GEO,GEO,data/DATA_GEO_Train.csv,142,69,Day 8 out-of-sample,"Temporal features, lag windows",RIC conversion post-prediction,nominal,nominal_approximation,evaluated_in_CalibrationPipeline,NA,NA,NA,NA,0.889959,NA,NA,NA,NA,0.104558,NA,NA,NA,NA,NA,NA,NA,NA,24.286538,NA,24.286538,NA,7.239721,NA,16.016200,Early Calibration Policy (3D Orbit Error MAE),Evaluated,gaussian_process,Global models cannot optimize differing orbital dynamics; single winner across all satellites was suboptimal.,"Built src/forecasting/ with SatelliteModelRegistry, CalibrationPipeline, PredictionRouter, and fail-closed safety.","Supported per-satellite model winners; under initial 3D MAE policy, Gaussian Process was selected for all 3 satellites.","comparable; achieved lowest 3D MAE (GEO 16.43m, MEO-1 0.31m, MEO-2 0.23m)",Initial calibration used 3D MAE rather than official Shapiro-Wilk competition hierarchy.,Align calibration selection strictly with official 3-tier Shapiro-Wilk competition hierarchy.,"reports/calibration/official_day8_calibration/satellite_model_comparison.csv, models/registry/satellite_model_registry.json",012dd2e6688d0724356e537d9abf60ecad647eb2,high,Architectural shift from global model to satellite-specific winning models.
STAGE-10,10,2026-09-04 08:59:10,012dd2e6688d0724356e537d9abf60ecad647eb2,Implement satellite-specific forecasting backend and router,Satellite-Specific Registry & Router Inception,Satellite-Specific Model Selection & Registry,persistence,Various (Modular src/forecasting),MEO-1,MEO,data/DATA_MEO_Train.csv,90,11,Day 8 out-of-sample,"Temporal features, lag windows",RIC conversion post-prediction,nominal,nominal_approximation,evaluated_in_CalibrationPipeline,NA,NA,NA,NA,0.887392,NA,NA,NA,NA,0.372839,NA,NA,NA,NA,NA,NA,NA,NA,0.856623,NA,0.856623,NA,0.277175,NA,0.604695,Early Calibration Policy (3D Orbit Error MAE),Evaluated,gaussian_process,Global models cannot optimize differing orbital dynamics; single winner across all satellites was suboptimal.,"Built src/forecasting/ with SatelliteModelRegistry, CalibrationPipeline, PredictionRouter, and fail-closed safety.","Supported per-satellite model winners; under initial 3D MAE policy, Gaussian Process was selected for all 3 satellites.","comparable; achieved lowest 3D MAE (GEO 16.43m, MEO-1 0.31m, MEO-2 0.23m)",Initial calibration used 3D MAE rather than official Shapiro-Wilk competition hierarchy.,Align calibration selection strictly with official 3-tier Shapiro-Wilk competition hierarchy.,"reports/calibration/official_day8_calibration/satellite_model_comparison.csv, models/registry/satellite_model_registry.json",012dd2e6688d0724356e537d9abf60ecad647eb2,high,Architectural shift from global model to satellite-specific winning models.
STAGE-10,10,2026-09-04 08:59:10,012dd2e6688d0724356e537d9abf60ecad647eb2,Implement satellite-specific forecasting backend and router,Satellite-Specific Registry & Router Inception,Satellite-Specific Model Selection & Registry,harmonic_ridge,Various (Modular src/forecasting),MEO-1,MEO,data/DATA_MEO_Train.csv,90,11,Day 8 out-of-sample,"Temporal features, lag windows",RIC conversion post-prediction,nominal,nominal_approximation,evaluated_in_CalibrationPipeline,NA,NA,NA,NA,0.915945,NA,NA,NA,NA,0.492581,NA,NA,NA,NA,NA,NA,NA,NA,0.883769,NA,0.883769,NA,0.165801,NA,0.301074,Early Calibration Policy (3D Orbit Error MAE),Evaluated,gaussian_process,Global models cannot optimize differing orbital dynamics; single winner across all satellites was suboptimal.,"Built src/forecasting/ with SatelliteModelRegistry, CalibrationPipeline, PredictionRouter, and fail-closed safety.","Supported per-satellite model winners; under initial 3D MAE policy, Gaussian Process was selected for all 3 satellites.","comparable; achieved lowest 3D MAE (GEO 16.43m, MEO-1 0.31m, MEO-2 0.23m)",Initial calibration used 3D MAE rather than official Shapiro-Wilk competition hierarchy.,Align calibration selection strictly with official 3-tier Shapiro-Wilk competition hierarchy.,"reports/calibration/official_day8_calibration/satellite_model_comparison.csv, models/registry/satellite_model_registry.json",012dd2e6688d0724356e537d9abf60ecad647eb2,high,Architectural shift from global model to satellite-specific winning models.
STAGE-10,10,2026-09-04 08:59:10,012dd2e6688d0724356e537d9abf60ecad647eb2,Implement satellite-specific forecasting backend and router,Satellite-Specific Registry & Router Inception,Satellite-Specific Model Selection & Registry,random_forest,Various (Modular src/forecasting),MEO-1,MEO,data/DATA_MEO_Train.csv,90,11,Day 8 out-of-sample,"Temporal features, lag windows",RIC conversion post-prediction,nominal,nominal_approximation,evaluated_in_CalibrationPipeline,NA,NA,NA,NA,0.890795,NA,NA,NA,NA,0.359498,NA,NA,NA,NA,NA,NA,NA,NA,0.566274,NA,0.566274,NA,0.125166,NA,0.267198,Early Calibration Policy (3D Orbit Error MAE),Evaluated,gaussian_process,Global models cannot optimize differing orbital dynamics; single winner across all satellites was suboptimal.,"Built src/forecasting/ with SatelliteModelRegistry, CalibrationPipeline, PredictionRouter, and fail-closed safety.","Supported per-satellite model winners; under initial 3D MAE policy, Gaussian Process was selected for all 3 satellites.","comparable; achieved lowest 3D MAE (GEO 16.43m, MEO-1 0.31m, MEO-2 0.23m)",Initial calibration used 3D MAE rather than official Shapiro-Wilk competition hierarchy.,Align calibration selection strictly with official 3-tier Shapiro-Wilk competition hierarchy.,"reports/calibration/official_day8_calibration/satellite_model_comparison.csv, models/registry/satellite_model_registry.json",012dd2e6688d0724356e537d9abf60ecad647eb2,high,Architectural shift from global model to satellite-specific winning models.
STAGE-10,10,2026-09-04 08:59:10,012dd2e6688d0724356e537d9abf60ecad647eb2,Implement satellite-specific forecasting backend and router,Satellite-Specific Registry & Router Inception,Satellite-Specific Model Selection & Registry,gaussian_process,Various (Modular src/forecasting),MEO-1,MEO,data/DATA_MEO_Train.csv,90,11,Day 8 out-of-sample,"Temporal features, lag windows",RIC conversion post-prediction,nominal,nominal_approximation,evaluated_in_CalibrationPipeline,NA,NA,NA,NA,0.889551,NA,NA,NA,NA,0.352542,NA,NA,NA,NA,NA,NA,NA,NA,0.309880,NA,0.309880,NA,0.370811,NA,0.401466,Early Calibration Policy (3D Orbit Error MAE),WINNER,gaussian_process,Global models cannot optimize differing orbital dynamics; single winner across all satellites was suboptimal.,"Built src/forecasting/ with SatelliteModelRegistry, CalibrationPipeline, PredictionRouter, and fail-closed safety.","Supported per-satellite model winners; under initial 3D MAE policy, Gaussian Process was selected for all 3 satellites.","comparable; achieved lowest 3D MAE (GEO 16.43m, MEO-1 0.31m, MEO-2 0.23m)",Initial calibration used 3D MAE rather than official Shapiro-Wilk competition hierarchy.,Align calibration selection strictly with official 3-tier Shapiro-Wilk competition hierarchy.,"reports/calibration/official_day8_calibration/satellite_model_comparison.csv, models/registry/satellite_model_registry.json",012dd2e6688d0724356e537d9abf60ecad647eb2,high,Architectural shift from global model to satellite-specific winning models.
STAGE-10,10,2026-09-04 08:59:10,012dd2e6688d0724356e537d9abf60ecad647eb2,Implement satellite-specific forecasting backend and router,Satellite-Specific Registry & Router Inception,Satellite-Specific Model Selection & Registry,geo_moe,Various (Modular src/forecasting),MEO-1,MEO,data/DATA_MEO_Train.csv,90,11,Day 8 out-of-sample,"Temporal features, lag windows",RIC conversion post-prediction,nominal,nominal_approximation,evaluated_in_CalibrationPipeline,NA,NA,NA,NA,0.908954,NA,NA,NA,NA,0.441647,NA,NA,NA,NA,NA,NA,NA,NA,0.938323,NA,0.938323,NA,0.153991,NA,0.344879,Early Calibration Policy (3D Orbit Error MAE),Evaluated,gaussian_process,Global models cannot optimize differing orbital dynamics; single winner across all satellites was suboptimal.,"Built src/forecasting/ with SatelliteModelRegistry, CalibrationPipeline, PredictionRouter, and fail-closed safety.","Supported per-satellite model winners; under initial 3D MAE policy, Gaussian Process was selected for all 3 satellites.","comparable; achieved lowest 3D MAE (GEO 16.43m, MEO-1 0.31m, MEO-2 0.23m)",Initial calibration used 3D MAE rather than official Shapiro-Wilk competition hierarchy.,Align calibration selection strictly with official 3-tier Shapiro-Wilk competition hierarchy.,"reports/calibration/official_day8_calibration/satellite_model_comparison.csv, models/registry/satellite_model_registry.json",012dd2e6688d0724356e537d9abf60ecad647eb2,high,Architectural shift from global model to satellite-specific winning models.
STAGE-10,10,2026-09-04 08:59:10,012dd2e6688d0724356e537d9abf60ecad647eb2,Implement satellite-specific forecasting backend and router,Satellite-Specific Registry & Router Inception,Satellite-Specific Model Selection & Registry,bilstm_gru,Various (Modular src/forecasting),MEO-1,MEO,data/DATA_MEO_Train.csv,90,11,Day 8 out-of-sample,"Temporal features, lag windows",RIC conversion post-prediction,nominal,nominal_approximation,evaluated_in_CalibrationPipeline,NA,NA,NA,NA,0.839052,NA,NA,NA,NA,0.193325,NA,NA,NA,NA,NA,NA,NA,NA,0.629819,NA,0.629819,NA,0.089426,NA,0.313326,Early Calibration Policy (3D Orbit Error MAE),Evaluated,gaussian_process,Global models cannot optimize differing orbital dynamics; single winner across all satellites was suboptimal.,"Built src/forecasting/ with SatelliteModelRegistry, CalibrationPipeline, PredictionRouter, and fail-closed safety.","Supported per-satellite model winners; under initial 3D MAE policy, Gaussian Process was selected for all 3 satellites.","comparable; achieved lowest 3D MAE (GEO 16.43m, MEO-1 0.31m, MEO-2 0.23m)",Initial calibration used 3D MAE rather than official Shapiro-Wilk competition hierarchy.,Align calibration selection strictly with official 3-tier Shapiro-Wilk competition hierarchy.,"reports/calibration/official_day8_calibration/satellite_model_comparison.csv, models/registry/satellite_model_registry.json",012dd2e6688d0724356e537d9abf60ecad647eb2,high,Architectural shift from global model to satellite-specific winning models.
STAGE-10,10,2026-09-04 08:59:10,012dd2e6688d0724356e537d9abf60ecad647eb2,Implement satellite-specific forecasting backend and router,Satellite-Specific Registry & Router Inception,Satellite-Specific Model Selection & Registry,transformer,Various (Modular src/forecasting),MEO-1,MEO,data/DATA_MEO_Train.csv,90,11,Day 8 out-of-sample,"Temporal features, lag windows",RIC conversion post-prediction,nominal,nominal_approximation,evaluated_in_CalibrationPipeline,NA,NA,NA,NA,0.858608,NA,NA,NA,NA,0.228924,NA,NA,NA,NA,NA,NA,NA,NA,0.787981,NA,0.787981,NA,0.136248,NA,0.373968,Early Calibration Policy (3D Orbit Error MAE),Evaluated,gaussian_process,Global models cannot optimize differing orbital dynamics; single winner across all satellites was suboptimal.,"Built src/forecasting/ with SatelliteModelRegistry, CalibrationPipeline, PredictionRouter, and fail-closed safety.","Supported per-satellite model winners; under initial 3D MAE policy, Gaussian Process was selected for all 3 satellites.","comparable; achieved lowest 3D MAE (GEO 16.43m, MEO-1 0.31m, MEO-2 0.23m)",Initial calibration used 3D MAE rather than official Shapiro-Wilk competition hierarchy.,Align calibration selection strictly with official 3-tier Shapiro-Wilk competition hierarchy.,"reports/calibration/official_day8_calibration/satellite_model_comparison.csv, models/registry/satellite_model_registry.json",012dd2e6688d0724356e537d9abf60ecad647eb2,high,Architectural shift from global model to satellite-specific winning models.
STAGE-10,10,2026-09-04 08:59:10,012dd2e6688d0724356e537d9abf60ecad647eb2,Implement satellite-specific forecasting backend and router,Satellite-Specific Registry & Router Inception,Satellite-Specific Model Selection & Registry,decoupled_clock,Various (Modular src/forecasting),MEO-1,MEO,data/DATA_MEO_Train.csv,90,11,Day 8 out-of-sample,"Temporal features, lag windows",RIC conversion post-prediction,nominal,nominal_approximation,evaluated_in_CalibrationPipeline,NA,NA,NA,NA,0.904937,NA,NA,NA,NA,0.431877,NA,NA,NA,NA,NA,NA,NA,NA,0.883769,NA,0.883769,NA,0.451985,NA,0.498873,Early Calibration Policy (3D Orbit Error MAE),Evaluated,gaussian_process,Global models cannot optimize differing orbital dynamics; single winner across all satellites was suboptimal.,"Built src/forecasting/ with SatelliteModelRegistry, CalibrationPipeline, PredictionRouter, and fail-closed safety.","Supported per-satellite model winners; under initial 3D MAE policy, Gaussian Process was selected for all 3 satellites.","comparable; achieved lowest 3D MAE (GEO 16.43m, MEO-1 0.31m, MEO-2 0.23m)",Initial calibration used 3D MAE rather than official Shapiro-Wilk competition hierarchy.,Align calibration selection strictly with official 3-tier Shapiro-Wilk competition hierarchy.,"reports/calibration/official_day8_calibration/satellite_model_comparison.csv, models/registry/satellite_model_registry.json",012dd2e6688d0724356e537d9abf60ecad647eb2,high,Architectural shift from global model to satellite-specific winning models.
STAGE-10,10,2026-09-04 08:59:10,012dd2e6688d0724356e537d9abf60ecad647eb2,Implement satellite-specific forecasting backend and router,Satellite-Specific Registry & Router Inception,Satellite-Specific Model Selection & Registry,nhits,Various (Modular src/forecasting),MEO-1,MEO,data/DATA_MEO_Train.csv,90,11,Day 8 out-of-sample,"Temporal features, lag windows",RIC conversion post-prediction,nominal,nominal_approximation,evaluated_in_CalibrationPipeline,NA,NA,NA,NA,0.954282,NA,NA,NA,NA,0.761912,NA,NA,NA,NA,NA,NA,NA,NA,1.032114,NA,1.032114,NA,0.162986,NA,0.472405,Early Calibration Policy (3D Orbit Error MAE),Evaluated,gaussian_process,Global models cannot optimize differing orbital dynamics; single winner across all satellites was suboptimal.,"Built src/forecasting/ with SatelliteModelRegistry, CalibrationPipeline, PredictionRouter, and fail-closed safety.","Supported per-satellite model winners; under initial 3D MAE policy, Gaussian Process was selected for all 3 satellites.","comparable; achieved lowest 3D MAE (GEO 16.43m, MEO-1 0.31m, MEO-2 0.23m)",Initial calibration used 3D MAE rather than official Shapiro-Wilk competition hierarchy.,Align calibration selection strictly with official 3-tier Shapiro-Wilk competition hierarchy.,"reports/calibration/official_day8_calibration/satellite_model_comparison.csv, models/registry/satellite_model_registry.json",012dd2e6688d0724356e537d9abf60ecad647eb2,high,Architectural shift from global model to satellite-specific winning models.
STAGE-10,10,2026-09-04 08:59:10,012dd2e6688d0724356e537d9abf60ecad647eb2,Implement satellite-specific forecasting backend and router,Satellite-Specific Registry & Router Inception,Satellite-Specific Model Selection & Registry,persistence,Various (Modular src/forecasting),MEO-2,MEO,data/DATA_MEO2_Train.csv,244,30,Day 8 out-of-sample,"Temporal features, lag windows",RIC conversion post-prediction,nominal,nominal_approximation,evaluated_in_CalibrationPipeline,NA,NA,NA,NA,0.808625,NA,NA,NA,NA,0.006868,NA,NA,NA,NA,NA,NA,NA,NA,0.319330,NA,0.319330,NA,0.035432,NA,0.121605,Early Calibration Policy (3D Orbit Error MAE),Evaluated,gaussian_process,Global models cannot optimize differing orbital dynamics; single winner across all satellites was suboptimal.,"Built src/forecasting/ with SatelliteModelRegistry, CalibrationPipeline, PredictionRouter, and fail-closed safety.","Supported per-satellite model winners; under initial 3D MAE policy, Gaussian Process was selected for all 3 satellites.","comparable; achieved lowest 3D MAE (GEO 16.43m, MEO-1 0.31m, MEO-2 0.23m)",Initial calibration used 3D MAE rather than official Shapiro-Wilk competition hierarchy.,Align calibration selection strictly with official 3-tier Shapiro-Wilk competition hierarchy.,"reports/calibration/official_day8_calibration/satellite_model_comparison.csv, models/registry/satellite_model_registry.json",012dd2e6688d0724356e537d9abf60ecad647eb2,high,Architectural shift from global model to satellite-specific winning models.
STAGE-10,10,2026-09-04 08:59:10,012dd2e6688d0724356e537d9abf60ecad647eb2,Implement satellite-specific forecasting backend and router,Satellite-Specific Registry & Router Inception,Satellite-Specific Model Selection & Registry,harmonic_ridge,Various (Modular src/forecasting),MEO-2,MEO,data/DATA_MEO2_Train.csv,244,30,Day 8 out-of-sample,"Temporal features, lag windows",RIC conversion post-prediction,nominal,nominal_approximation,evaluated_in_CalibrationPipeline,NA,NA,NA,NA,0.828148,NA,NA,NA,NA,0.040622,NA,NA,NA,NA,NA,NA,NA,NA,0.273857,NA,0.273857,NA,0.035722,NA,0.141294,Early Calibration Policy (3D Orbit Error MAE),Evaluated,gaussian_process,Global models cannot optimize differing orbital dynamics; single winner across all satellites was suboptimal.,"Built src/forecasting/ with SatelliteModelRegistry, CalibrationPipeline, PredictionRouter, and fail-closed safety.","Supported per-satellite model winners; under initial 3D MAE policy, Gaussian Process was selected for all 3 satellites.","comparable; achieved lowest 3D MAE (GEO 16.43m, MEO-1 0.31m, MEO-2 0.23m)",Initial calibration used 3D MAE rather than official Shapiro-Wilk competition hierarchy.,Align calibration selection strictly with official 3-tier Shapiro-Wilk competition hierarchy.,"reports/calibration/official_day8_calibration/satellite_model_comparison.csv, models/registry/satellite_model_registry.json",012dd2e6688d0724356e537d9abf60ecad647eb2,high,Architectural shift from global model to satellite-specific winning models.
STAGE-10,10,2026-09-04 08:59:10,012dd2e6688d0724356e537d9abf60ecad647eb2,Implement satellite-specific forecasting backend and router,Satellite-Specific Registry & Router Inception,Satellite-Specific Model Selection & Registry,random_forest,Various (Modular src/forecasting),MEO-2,MEO,data/DATA_MEO2_Train.csv,244,30,Day 8 out-of-sample,"Temporal features, lag windows",RIC conversion post-prediction,nominal,nominal_approximation,evaluated_in_CalibrationPipeline,NA,NA,NA,NA,0.867010,NA,NA,NA,NA,0.277191,NA,NA,NA,NA,NA,NA,NA,NA,0.326596,NA,0.326596,NA,0.026161,NA,0.173288,Early Calibration Policy (3D Orbit Error MAE),Evaluated,gaussian_process,Global models cannot optimize differing orbital dynamics; single winner across all satellites was suboptimal.,"Built src/forecasting/ with SatelliteModelRegistry, CalibrationPipeline, PredictionRouter, and fail-closed safety.","Supported per-satellite model winners; under initial 3D MAE policy, Gaussian Process was selected for all 3 satellites.","comparable; achieved lowest 3D MAE (GEO 16.43m, MEO-1 0.31m, MEO-2 0.23m)",Initial calibration used 3D MAE rather than official Shapiro-Wilk competition hierarchy.,Align calibration selection strictly with official 3-tier Shapiro-Wilk competition hierarchy.,"reports/calibration/official_day8_calibration/satellite_model_comparison.csv, models/registry/satellite_model_registry.json",012dd2e6688d0724356e537d9abf60ecad647eb2,high,Architectural shift from global model to satellite-specific winning models.
STAGE-10,10,2026-09-04 08:59:10,012dd2e6688d0724356e537d9abf60ecad647eb2,Implement satellite-specific forecasting backend and router,Satellite-Specific Registry & Router Inception,Satellite-Specific Model Selection & Registry,gaussian_process,Various (Modular src/forecasting),MEO-2,MEO,data/DATA_MEO2_Train.csv,244,30,Day 8 out-of-sample,"Temporal features, lag windows",RIC conversion post-prediction,nominal,nominal_approximation,evaluated_in_CalibrationPipeline,NA,NA,NA,NA,0.790883,NA,NA,NA,NA,0.027346,NA,NA,NA,NA,NA,NA,NA,NA,0.234461,NA,0.234461,NA,0.028835,NA,0.123018,Early Calibration Policy (3D Orbit Error MAE),WINNER,gaussian_process,Global models cannot optimize differing orbital dynamics; single winner across all satellites was suboptimal.,"Built src/forecasting/ with SatelliteModelRegistry, CalibrationPipeline, PredictionRouter, and fail-closed safety.","Supported per-satellite model winners; under initial 3D MAE policy, Gaussian Process was selected for all 3 satellites.","comparable; achieved lowest 3D MAE (GEO 16.43m, MEO-1 0.31m, MEO-2 0.23m)",Initial calibration used 3D MAE rather than official Shapiro-Wilk competition hierarchy.,Align calibration selection strictly with official 3-tier Shapiro-Wilk competition hierarchy.,"reports/calibration/official_day8_calibration/satellite_model_comparison.csv, models/registry/satellite_model_registry.json",012dd2e6688d0724356e537d9abf60ecad647eb2,high,Architectural shift from global model to satellite-specific winning models.
STAGE-10,10,2026-09-04 08:59:10,012dd2e6688d0724356e537d9abf60ecad647eb2,Implement satellite-specific forecasting backend and router,Satellite-Specific Registry & Router Inception,Satellite-Specific Model Selection & Registry,geo_moe,Various (Modular src/forecasting),MEO-2,MEO,data/DATA_MEO2_Train.csv,244,30,Day 8 out-of-sample,"Temporal features, lag windows",RIC conversion post-prediction,nominal,nominal_approximation,evaluated_in_CalibrationPipeline,NA,NA,NA,NA,0.827212,NA,NA,NA,NA,0.043117,NA,NA,NA,NA,NA,NA,NA,NA,0.281238,NA,0.281238,NA,0.037829,NA,0.158608,Early Calibration Policy (3D Orbit Error MAE),Evaluated,gaussian_process,Global models cannot optimize differing orbital dynamics; single winner across all satellites was suboptimal.,"Built src/forecasting/ with SatelliteModelRegistry, CalibrationPipeline, PredictionRouter, and fail-closed safety.","Supported per-satellite model winners; under initial 3D MAE policy, Gaussian Process was selected for all 3 satellites.","comparable; achieved lowest 3D MAE (GEO 16.43m, MEO-1 0.31m, MEO-2 0.23m)",Initial calibration used 3D MAE rather than official Shapiro-Wilk competition hierarchy.,Align calibration selection strictly with official 3-tier Shapiro-Wilk competition hierarchy.,"reports/calibration/official_day8_calibration/satellite_model_comparison.csv, models/registry/satellite_model_registry.json",012dd2e6688d0724356e537d9abf60ecad647eb2,high,Architectural shift from global model to satellite-specific winning models.
STAGE-10,10,2026-09-04 08:59:10,012dd2e6688d0724356e537d9abf60ecad647eb2,Implement satellite-specific forecasting backend and router,Satellite-Specific Registry & Router Inception,Satellite-Specific Model Selection & Registry,bilstm_gru,Various (Modular src/forecasting),MEO-2,MEO,data/DATA_MEO2_Train.csv,244,30,Day 8 out-of-sample,"Temporal features, lag windows",RIC conversion post-prediction,nominal,nominal_approximation,evaluated_in_CalibrationPipeline,NA,NA,NA,NA,0.815925,NA,NA,NA,NA,0.011383,NA,NA,NA,NA,NA,NA,NA,NA,0.274470,NA,0.274470,NA,0.028942,NA,0.103824,Early Calibration Policy (3D Orbit Error MAE),Evaluated,gaussian_process,Global models cannot optimize differing orbital dynamics; single winner across all satellites was suboptimal.,"Built src/forecasting/ with SatelliteModelRegistry, CalibrationPipeline, PredictionRouter, and fail-closed safety.","Supported per-satellite model winners; under initial 3D MAE policy, Gaussian Process was selected for all 3 satellites.","comparable; achieved lowest 3D MAE (GEO 16.43m, MEO-1 0.31m, MEO-2 0.23m)",Initial calibration used 3D MAE rather than official Shapiro-Wilk competition hierarchy.,Align calibration selection strictly with official 3-tier Shapiro-Wilk competition hierarchy.,"reports/calibration/official_day8_calibration/satellite_model_comparison.csv, models/registry/satellite_model_registry.json",012dd2e6688d0724356e537d9abf60ecad647eb2,high,Architectural shift from global model to satellite-specific winning models.
STAGE-10,10,2026-09-04 08:59:10,012dd2e6688d0724356e537d9abf60ecad647eb2,Implement satellite-specific forecasting backend and router,Satellite-Specific Registry & Router Inception,Satellite-Specific Model Selection & Registry,transformer,Various (Modular src/forecasting),MEO-2,MEO,data/DATA_MEO2_Train.csv,244,30,Day 8 out-of-sample,"Temporal features, lag windows",RIC conversion post-prediction,nominal,nominal_approximation,evaluated_in_CalibrationPipeline,NA,NA,NA,NA,0.808356,NA,NA,NA,NA,0.006065,NA,NA,NA,NA,NA,NA,NA,NA,0.281776,NA,0.281776,NA,0.035296,NA,0.110885,Early Calibration Policy (3D Orbit Error MAE),Evaluated,gaussian_process,Global models cannot optimize differing orbital dynamics; single winner across all satellites was suboptimal.,"Built src/forecasting/ with SatelliteModelRegistry, CalibrationPipeline, PredictionRouter, and fail-closed safety.","Supported per-satellite model winners; under initial 3D MAE policy, Gaussian Process was selected for all 3 satellites.","comparable; achieved lowest 3D MAE (GEO 16.43m, MEO-1 0.31m, MEO-2 0.23m)",Initial calibration used 3D MAE rather than official Shapiro-Wilk competition hierarchy.,Align calibration selection strictly with official 3-tier Shapiro-Wilk competition hierarchy.,"reports/calibration/official_day8_calibration/satellite_model_comparison.csv, models/registry/satellite_model_registry.json",012dd2e6688d0724356e537d9abf60ecad647eb2,high,Architectural shift from global model to satellite-specific winning models.
STAGE-10,10,2026-09-04 08:59:10,012dd2e6688d0724356e537d9abf60ecad647eb2,Implement satellite-specific forecasting backend and router,Satellite-Specific Registry & Router Inception,Satellite-Specific Model Selection & Registry,decoupled_clock,Various (Modular src/forecasting),MEO-2,MEO,data/DATA_MEO2_Train.csv,244,30,Day 8 out-of-sample,"Temporal features, lag windows",RIC conversion post-prediction,nominal,nominal_approximation,evaluated_in_CalibrationPipeline,NA,NA,NA,NA,0.825357,NA,NA,NA,NA,0.040612,NA,NA,NA,NA,NA,NA,NA,NA,0.273857,NA,0.273857,NA,0.028526,NA,0.134009,Early Calibration Policy (3D Orbit Error MAE),Evaluated,gaussian_process,Global models cannot optimize differing orbital dynamics; single winner across all satellites was suboptimal.,"Built src/forecasting/ with SatelliteModelRegistry, CalibrationPipeline, PredictionRouter, and fail-closed safety.","Supported per-satellite model winners; under initial 3D MAE policy, Gaussian Process was selected for all 3 satellites.","comparable; achieved lowest 3D MAE (GEO 16.43m, MEO-1 0.31m, MEO-2 0.23m)",Initial calibration used 3D MAE rather than official Shapiro-Wilk competition hierarchy.,Align calibration selection strictly with official 3-tier Shapiro-Wilk competition hierarchy.,"reports/calibration/official_day8_calibration/satellite_model_comparison.csv, models/registry/satellite_model_registry.json",012dd2e6688d0724356e537d9abf60ecad647eb2,high,Architectural shift from global model to satellite-specific winning models.
STAGE-10,10,2026-09-04 08:59:10,012dd2e6688d0724356e537d9abf60ecad647eb2,Implement satellite-specific forecasting backend and router,Satellite-Specific Registry & Router Inception,Satellite-Specific Model Selection & Registry,nhits,Various (Modular src/forecasting),MEO-2,MEO,data/DATA_MEO2_Train.csv,244,30,Day 8 out-of-sample,"Temporal features, lag windows",RIC conversion post-prediction,nominal,nominal_approximation,evaluated_in_CalibrationPipeline,NA,NA,NA,NA,0.816480,NA,NA,NA,NA,0.004804,NA,NA,NA,NA,NA,NA,NA,NA,0.365970,NA,0.365970,NA,0.032014,NA,0.198905,Early Calibration Policy (3D Orbit Error MAE),Evaluated,gaussian_process,Global models cannot optimize differing orbital dynamics; single winner across all satellites was suboptimal.,"Built src/forecasting/ with SatelliteModelRegistry, CalibrationPipeline, PredictionRouter, and fail-closed safety.","Supported per-satellite model winners; under initial 3D MAE policy, Gaussian Process was selected for all 3 satellites.","comparable; achieved lowest 3D MAE (GEO 16.43m, MEO-1 0.31m, MEO-2 0.23m)",Initial calibration used 3D MAE rather than official Shapiro-Wilk competition hierarchy.,Align calibration selection strictly with official 3-tier Shapiro-Wilk competition hierarchy.,"reports/calibration/official_day8_calibration/satellite_model_comparison.csv, models/registry/satellite_model_registry.json",012dd2e6688d0724356e537d9abf60ecad647eb2,high,Architectural shift from global model to satellite-specific winning models.
STAGE-11,11,2026-09-04 09:18:48,0596e66f5a1cb12f279d5c3d816ef01bb8d51504,New algorithms training,Official Competition Hierarchy Calibration,Official Competition Hierarchy Model Selection,nhits,Registered Forecasting Stack,GEO,GEO,data/DATA_GEO_Train.csv,142,69,Day 8 out-of-sample,"Standardized causal features, lag windows, harmonic basis",None (Post-forecast RIC diagnostics),none,none,evaluated_in_CalibrationPipeline; alpha=0.05,0.963693,0.949629,0.965097,0.679018,0.889359,0.042544,0.007481,0.050895,0.000000,0.025230,1,1,0,1,1.251338,16.773887,10,NA,23.527192,NA,23.527192,NA,7.760076,NA,14.724844,"Priority 1 (Shapiro-Wilk W_avg, 25% equal weight, alpha=0.05)",WINNER (Selected),nhits,Enforce judge-mandated 3-tier hierarchy: Priority 1 Shapiro W -> Priority 2 Mean/Std -> Priority 3 Q-Q Outliers.,"Added evaluate_residuals_official_hierarchy(), compare_models_hierarchical(), N-HiTS, and DecoupledClock models.",nhits achieved W_avg=0.889359 (Rank 1 for GEO). WON for GEO.,"comparable; official competition hierarchy drove selections (N-HiTS won GEO, MoE won MEO-1, RF won MEO-2)",Physics features were computed only post-prediction and not utilized as model inputs.,Incorporate genuine orbital physics and solar geometry into model feature inputs.,"reports/calibration/official_competition_run/model_comparison.csv, detailed_statistical_results.csv",0596e66f5a1cb12f279d5c3d816ef01bb8d51504,high,"All 27 candidate model runs recorded with exact per-target W, p, H0, mean, std, outliers, and SISRE."
STAGE-11,11,2026-09-04 09:18:48,0596e66f5a1cb12f279d5c3d816ef01bb8d51504,New algorithms training,Official Competition Hierarchy Calibration,Official Competition Hierarchy Model Selection,harmonic_ridge,Registered Forecasting Stack,GEO,GEO,data/DATA_GEO_Train.csv,142,69,Day 8 out-of-sample,"Standardized causal features, lag windows, harmonic basis",None (Post-forecast RIC diagnostics),none,none,evaluated_in_CalibrationPipeline; alpha=0.05,0.877939,0.825809,0.905244,0.600618,0.802403,0.000007,0.000000,0.000071,0.000000,0.000019,1,1,1,1,1.332596,15.070043,10,NA,16.912940,NA,16.912940,NA,6.961440,NA,11.191852,"Priority 1 (Shapiro-Wilk W_avg, 25% equal weight, alpha=0.05)",Rank 2,nhits,Enforce judge-mandated 3-tier hierarchy: Priority 1 Shapiro W -> Priority 2 Mean/Std -> Priority 3 Q-Q Outliers.,"Added evaluate_residuals_official_hierarchy(), compare_models_hierarchical(), N-HiTS, and DecoupledClock models.",harmonic_ridge achieved W_avg=0.802403 (Rank 2 for GEO). ,"comparable; official competition hierarchy drove selections (N-HiTS won GEO, MoE won MEO-1, RF won MEO-2)",Physics features were computed only post-prediction and not utilized as model inputs.,Incorporate genuine orbital physics and solar geometry into model feature inputs.,"reports/calibration/official_competition_run/model_comparison.csv, detailed_statistical_results.csv",0596e66f5a1cb12f279d5c3d816ef01bb8d51504,high,"All 27 candidate model runs recorded with exact per-target W, p, H0, mean, std, outliers, and SISRE."
STAGE-11,11,2026-09-04 09:18:48,0596e66f5a1cb12f279d5c3d816ef01bb8d51504,New algorithms training,Official Competition Hierarchy Calibration,Official Competition Hierarchy Model Selection,geo_moe,Registered Forecasting Stack,GEO,GEO,data/DATA_GEO_Train.csv,142,69,Day 8 out-of-sample,"Standardized causal features, lag windows, harmonic basis",None (Post-forecast RIC diagnostics),none,none,evaluated_in_CalibrationPipeline; alpha=0.05,0.875825,0.823583,0.904466,0.604004,0.801970,0.000006,0.000000,0.000066,0.000000,0.000018,1,1,1,1,1.059334,15.058376,10,NA,16.919416,NA,16.919416,NA,7.110948,NA,11.274923,"Priority 1 (Shapiro-Wilk W_avg, 25% equal weight, alpha=0.05)",Rank 3,nhits,Enforce judge-mandated 3-tier hierarchy: Priority 1 Shapiro W -> Priority 2 Mean/Std -> Priority 3 Q-Q Outliers.,"Added evaluate_residuals_official_hierarchy(), compare_models_hierarchical(), N-HiTS, and DecoupledClock models.",geo_moe achieved W_avg=0.801970 (Rank 3 for GEO). ,"comparable; official competition hierarchy drove selections (N-HiTS won GEO, MoE won MEO-1, RF won MEO-2)",Physics features were computed only post-prediction and not utilized as model inputs.,Incorporate genuine orbital physics and solar geometry into model feature inputs.,"reports/calibration/official_competition_run/model_comparison.csv, detailed_statistical_results.csv",0596e66f5a1cb12f279d5c3d816ef01bb8d51504,high,"All 27 candidate model runs recorded with exact per-target W, p, H0, mean, std, outliers, and SISRE."
STAGE-11,11,2026-09-04 09:18:48,0596e66f5a1cb12f279d5c3d816ef01bb8d51504,New algorithms training,Official Competition Hierarchy Calibration,Official Competition Hierarchy Model Selection,decoupled_clock,Registered Forecasting Stack,GEO,GEO,data/DATA_GEO_Train.csv,142,69,Day 8 out-of-sample,"Standardized causal features, lag windows, harmonic basis",None (Post-forecast RIC diagnostics),none,none,evaluated_in_CalibrationPipeline; alpha=0.05,0.877939,0.825809,0.905244,0.562601,0.792898,0.000007,0.000000,0.000071,0.000000,0.000019,1,1,1,1,1.152529,15.043954,10,NA,16.912940,NA,16.912940,NA,6.094667,NA,10.949820,"Priority 1 (Shapiro-Wilk W_avg, 25% equal weight, alpha=0.05)",Rank 4,nhits,Enforce judge-mandated 3-tier hierarchy: Priority 1 Shapiro W -> Priority 2 Mean/Std -> Priority 3 Q-Q Outliers.,"Added evaluate_residuals_official_hierarchy(), compare_models_hierarchical(), N-HiTS, and DecoupledClock models.",decoupled_clock achieved W_avg=0.792898 (Rank 4 for GEO). ,"comparable; official competition hierarchy drove selections (N-HiTS won GEO, MoE won MEO-1, RF won MEO-2)",Physics features were computed only post-prediction and not utilized as model inputs.,Incorporate genuine orbital physics and solar geometry into model feature inputs.,"reports/calibration/official_competition_run/model_comparison.csv, detailed_statistical_results.csv",0596e66f5a1cb12f279d5c3d816ef01bb8d51504,high,"All 27 candidate model runs recorded with exact per-target W, p, H0, mean, std, outliers, and SISRE."
STAGE-11,11,2026-09-04 09:18:48,0596e66f5a1cb12f279d5c3d816ef01bb8d51504,New algorithms training,Official Competition Hierarchy Calibration,Official Competition Hierarchy Model Selection,bilstm_gru,Registered Forecasting Stack,GEO,GEO,data/DATA_GEO_Train.csv,142,69,Day 8 out-of-sample,"Standardized causal features, lag windows, harmonic basis",None (Post-forecast RIC diagnostics),none,none,evaluated_in_CalibrationPipeline; alpha=0.05,0.874648,0.824195,0.891883,0.559680,0.787601,0.000005,0.000000,0.000021,0.000000,0.000007,1,1,1,1,0.955872,15.029763,11,NA,16.705643,NA,16.705643,NA,6.061724,NA,10.924511,"Priority 1 (Shapiro-Wilk W_avg, 25% equal weight, alpha=0.05)",Rank 5,nhits,Enforce judge-mandated 3-tier hierarchy: Priority 1 Shapiro W -> Priority 2 Mean/Std -> Priority 3 Q-Q Outliers.,"Added evaluate_residuals_official_hierarchy(), compare_models_hierarchical(), N-HiTS, and DecoupledClock models.",bilstm_gru achieved W_avg=0.787601 (Rank 5 for GEO). ,"comparable; official competition hierarchy drove selections (N-HiTS won GEO, MoE won MEO-1, RF won MEO-2)",Physics features were computed only post-prediction and not utilized as model inputs.,Incorporate genuine orbital physics and solar geometry into model feature inputs.,"reports/calibration/official_competition_run/model_comparison.csv, detailed_statistical_results.csv",0596e66f5a1cb12f279d5c3d816ef01bb8d51504,high,"All 27 candidate model runs recorded with exact per-target W, p, H0, mean, std, outliers, and SISRE."
STAGE-11,11,2026-09-04 09:18:48,0596e66f5a1cb12f279d5c3d816ef01bb8d51504,New algorithms training,Official Competition Hierarchy Calibration,Official Competition Hierarchy Model Selection,transformer,Registered Forecasting Stack,GEO,GEO,data/DATA_GEO_Train.csv,142,69,Day 8 out-of-sample,"Standardized causal features, lag windows, harmonic basis",None (Post-forecast RIC diagnostics),none,none,evaluated_in_CalibrationPipeline; alpha=0.05,0.872657,0.824337,0.888391,0.557838,0.785806,0.000004,0.000000,0.000016,0.000000,0.000005,1,1,1,1,0.979048,15.020488,12,NA,16.552755,NA,16.552755,NA,6.157845,NA,11.168207,"Priority 1 (Shapiro-Wilk W_avg, 25% equal weight, alpha=0.05)",Rank 6,nhits,Enforce judge-mandated 3-tier hierarchy: Priority 1 Shapiro W -> Priority 2 Mean/Std -> Priority 3 Q-Q Outliers.,"Added evaluate_residuals_official_hierarchy(), compare_models_hierarchical(), N-HiTS, and DecoupledClock models.",transformer achieved W_avg=0.785806 (Rank 6 for GEO). ,"comparable; official competition hierarchy drove selections (N-HiTS won GEO, MoE won MEO-1, RF won MEO-2)",Physics features were computed only post-prediction and not utilized as model inputs.,Incorporate genuine orbital physics and solar geometry into model feature inputs.,"reports/calibration/official_competition_run/model_comparison.csv, detailed_statistical_results.csv",0596e66f5a1cb12f279d5c3d816ef01bb8d51504,high,"All 27 candidate model runs recorded with exact per-target W, p, H0, mean, std, outliers, and SISRE."
STAGE-11,11,2026-09-04 09:18:48,0596e66f5a1cb12f279d5c3d816ef01bb8d51504,New algorithms training,Official Competition Hierarchy Calibration,Official Competition Hierarchy Model Selection,gaussian_process,Registered Forecasting Stack,GEO,GEO,data/DATA_GEO_Train.csv,142,69,Day 8 out-of-sample,"Standardized causal features, lag windows, harmonic basis",None (Post-forecast RIC diagnostics),none,none,evaluated_in_CalibrationPipeline; alpha=0.05,0.869564,0.821160,0.889367,0.555637,0.783932,0.000003,0.000000,0.000017,0.000000,0.000005,1,1,1,1,0.923742,15.020506,12,NA,16.432361,NA,16.432361,NA,5.998571,NA,10.926093,"Priority 1 (Shapiro-Wilk W_avg, 25% equal weight, alpha=0.05)",Rank 7,nhits,Enforce judge-mandated 3-tier hierarchy: Priority 1 Shapiro W -> Priority 2 Mean/Std -> Priority 3 Q-Q Outliers.,"Added evaluate_residuals_official_hierarchy(), compare_models_hierarchical(), N-HiTS, and DecoupledClock models.",gaussian_process achieved W_avg=0.783932 (Rank 7 for GEO). ,"comparable; official competition hierarchy drove selections (N-HiTS won GEO, MoE won MEO-1, RF won MEO-2)",Physics features were computed only post-prediction and not utilized as model inputs.,Incorporate genuine orbital physics and solar geometry into model feature inputs.,"reports/calibration/official_competition_run/model_comparison.csv, detailed_statistical_results.csv",0596e66f5a1cb12f279d5c3d816ef01bb8d51504,high,"All 27 candidate model runs recorded with exact per-target W, p, H0, mean, std, outliers, and SISRE."
STAGE-11,11,2026-09-04 09:18:48,0596e66f5a1cb12f279d5c3d816ef01bb8d51504,New algorithms training,Official Competition Hierarchy Calibration,Official Competition Hierarchy Model Selection,persistence,Registered Forecasting Stack,GEO,GEO,data/DATA_GEO_Train.csv,142,69,Day 8 out-of-sample,"Standardized causal features, lag windows, harmonic basis",None (Post-forecast RIC diagnostics),none,none,evaluated_in_CalibrationPipeline; alpha=0.05,0.869560,0.821159,0.889353,0.555632,0.783926,0.000003,0.000000,0.000017,0.000000,0.000005,1,1,1,1,1.041501,15.020495,12,NA,16.926754,NA,16.926754,NA,5.987715,NA,10.955452,"Priority 1 (Shapiro-Wilk W_avg, 25% equal weight, alpha=0.05)",Rank 8,nhits,Enforce judge-mandated 3-tier hierarchy: Priority 1 Shapiro W -> Priority 2 Mean/Std -> Priority 3 Q-Q Outliers.,"Added evaluate_residuals_official_hierarchy(), compare_models_hierarchical(), N-HiTS, and DecoupledClock models.",persistence achieved W_avg=0.783926 (Rank 8 for GEO). ,"comparable; official competition hierarchy drove selections (N-HiTS won GEO, MoE won MEO-1, RF won MEO-2)",Physics features were computed only post-prediction and not utilized as model inputs.,Incorporate genuine orbital physics and solar geometry into model feature inputs.,"reports/calibration/official_competition_run/model_comparison.csv, detailed_statistical_results.csv",0596e66f5a1cb12f279d5c3d816ef01bb8d51504,high,"All 27 candidate model runs recorded with exact per-target W, p, H0, mean, std, outliers, and SISRE."
STAGE-11,11,2026-09-04 09:18:48,0596e66f5a1cb12f279d5c3d816ef01bb8d51504,New algorithms training,Official Competition Hierarchy Calibration,Official Competition Hierarchy Model Selection,random_forest,Registered Forecasting Stack,GEO,GEO,data/DATA_GEO_Train.csv,142,69,Day 8 out-of-sample,"Standardized causal features, lag windows, harmonic basis",None (Post-forecast RIC diagnostics),none,none,evaluated_in_CalibrationPipeline; alpha=0.05,0.873074,0.824101,0.876701,0.555998,0.782469,0.000004,0.000000,0.000006,0.000000,0.000003,1,1,1,1,1.371284,15.122237,13,NA,17.279472,NA,17.279472,NA,6.167691,NA,11.397027,"Priority 1 (Shapiro-Wilk W_avg, 25% equal weight, alpha=0.05)",Rank 9,nhits,Enforce judge-mandated 3-tier hierarchy: Priority 1 Shapiro W -> Priority 2 Mean/Std -> Priority 3 Q-Q Outliers.,"Added evaluate_residuals_official_hierarchy(), compare_models_hierarchical(), N-HiTS, and DecoupledClock models.",random_forest achieved W_avg=0.782469 (Rank 9 for GEO). ,"comparable; official competition hierarchy drove selections (N-HiTS won GEO, MoE won MEO-1, RF won MEO-2)",Physics features were computed only post-prediction and not utilized as model inputs.,Incorporate genuine orbital physics and solar geometry into model feature inputs.,"reports/calibration/official_competition_run/model_comparison.csv, detailed_statistical_results.csv",0596e66f5a1cb12f279d5c3d816ef01bb8d51504,high,"All 27 candidate model runs recorded with exact per-target W, p, H0, mean, std, outliers, and SISRE."
STAGE-11,11,2026-09-04 09:18:48,0596e66f5a1cb12f279d5c3d816ef01bb8d51504,New algorithms training,Official Competition Hierarchy Calibration,Official Competition Hierarchy Model Selection,geo_moe,Registered Forecasting Stack,MEO-1,MEO,data/DATA_MEO_Train.csv,90,11,Day 8 out-of-sample,"Standardized causal features, lag windows, harmonic basis",None (Post-forecast RIC diagnostics),none,none,evaluated_in_CalibrationPipeline; alpha=0.05,0.932691,0.938669,0.879222,0.920191,0.917693,0.601037,0.648495,0.265504,0.506741,0.505444,0,0,0,0,0.312409,0.296585,0,NA,0.965317,NA,0.965317,NA,0.144209,NA,0.356404,"Priority 1 (Shapiro-Wilk W_avg, 25% equal weight, alpha=0.05)",WINNER (Selected),geo_moe,Enforce judge-mandated 3-tier hierarchy: Priority 1 Shapiro W -> Priority 2 Mean/Std -> Priority 3 Q-Q Outliers.,"Added evaluate_residuals_official_hierarchy(), compare_models_hierarchical(), N-HiTS, and DecoupledClock models.",geo_moe achieved W_avg=0.917693 (Rank 1 for MEO-1). WON for MEO-1.,"comparable; official competition hierarchy drove selections (N-HiTS won GEO, MoE won MEO-1, RF won MEO-2)",Physics features were computed only post-prediction and not utilized as model inputs.,Incorporate genuine orbital physics and solar geometry into model feature inputs.,"reports/calibration/official_competition_run/model_comparison.csv, detailed_statistical_results.csv",0596e66f5a1cb12f279d5c3d816ef01bb8d51504,high,"All 27 candidate model runs recorded with exact per-target W, p, H0, mean, std, outliers, and SISRE."
STAGE-11,11,2026-09-04 09:18:48,0596e66f5a1cb12f279d5c3d816ef01bb8d51504,New algorithms training,Official Competition Hierarchy Calibration,Official Competition Hierarchy Model Selection,harmonic_ridge,Registered Forecasting Stack,MEO-1,MEO,data/DATA_MEO_Train.csv,90,11,Day 8 out-of-sample,"Standardized causal features, lag windows, harmonic basis",None (Post-forecast RIC diagnostics),none,none,evaluated_in_CalibrationPipeline; alpha=0.05,0.939626,0.928858,0.879314,0.915982,0.915945,0.656189,0.571309,0.265920,0.476906,0.492581,0,0,0,0,0.337223,0.279778,0,NA,0.883769,NA,0.883769,NA,0.165801,NA,0.301074,"Priority 1 (Shapiro-Wilk W_avg, 25% equal weight, alpha=0.05)",Rank 2,geo_moe,Enforce judge-mandated 3-tier hierarchy: Priority 1 Shapiro W -> Priority 2 Mean/Std -> Priority 3 Q-Q Outliers.,"Added evaluate_residuals_official_hierarchy(), compare_models_hierarchical(), N-HiTS, and DecoupledClock models.",harmonic_ridge achieved W_avg=0.915945 (Rank 2 for MEO-1). ,"comparable; official competition hierarchy drove selections (N-HiTS won GEO, MoE won MEO-1, RF won MEO-2)",Physics features were computed only post-prediction and not utilized as model inputs.,Incorporate genuine orbital physics and solar geometry into model feature inputs.,"reports/calibration/official_competition_run/model_comparison.csv, detailed_statistical_results.csv",0596e66f5a1cb12f279d5c3d816ef01bb8d51504,high,"All 27 candidate model runs recorded with exact per-target W, p, H0, mean, std, outliers, and SISRE."
STAGE-11,11,2026-09-04 09:18:48,0596e66f5a1cb12f279d5c3d816ef01bb8d51504,New algorithms training,Official Competition Hierarchy Calibration,Official Competition Hierarchy Model Selection,decoupled_clock,Registered Forecasting Stack,MEO-1,MEO,data/DATA_MEO_Train.csv,90,11,Day 8 out-of-sample,"Standardized causal features, lag windows, harmonic basis",None (Post-forecast RIC diagnostics),none,none,evaluated_in_CalibrationPipeline; alpha=0.05,0.939626,0.928858,0.879314,0.859692,0.901872,0.656189,0.571309,0.265920,0.188112,0.420383,0,0,0,0,0.359260,0.418570,0,NA,0.883769,NA,0.883769,NA,0.466967,NA,0.555129,"Priority 1 (Shapiro-Wilk W_avg, 25% equal weight, alpha=0.05)",Rank 3,geo_moe,Enforce judge-mandated 3-tier hierarchy: Priority 1 Shapiro W -> Priority 2 Mean/Std -> Priority 3 Q-Q Outliers.,"Added evaluate_residuals_official_hierarchy(), compare_models_hierarchical(), N-HiTS, and DecoupledClock models.",decoupled_clock achieved W_avg=0.901872 (Rank 3 for MEO-1). ,"comparable; official competition hierarchy drove selections (N-HiTS won GEO, MoE won MEO-1, RF won MEO-2)",Physics features were computed only post-prediction and not utilized as model inputs.,Incorporate genuine orbital physics and solar geometry into model feature inputs.,"reports/calibration/official_competition_run/model_comparison.csv, detailed_statistical_results.csv",0596e66f5a1cb12f279d5c3d816ef01bb8d51504,high,"All 27 candidate model runs recorded with exact per-target W, p, H0, mean, std, outliers, and SISRE."
STAGE-11,11,2026-09-04 09:18:48,0596e66f5a1cb12f279d5c3d816ef01bb8d51504,New algorithms training,Official Competition Hierarchy Calibration,Official Competition Hierarchy Model Selection,nhits,Registered Forecasting Stack,MEO-1,MEO,data/DATA_MEO_Train.csv,90,11,Day 8 out-of-sample,"Standardized causal features, lag windows, harmonic basis",None (Post-forecast RIC diagnostics),none,none,evaluated_in_CalibrationPipeline; alpha=0.05,0.975399,0.905739,0.803282,0.896315,0.895184,0.926535,0.408960,0.062896,0.352608,0.437750,0,0,0,0,0.357481,0.391171,0,NA,1.131667,NA,1.131667,NA,0.193734,NA,0.532447,"Priority 1 (Shapiro-Wilk W_avg, 25% equal weight, alpha=0.05)",Rank 4,geo_moe,Enforce judge-mandated 3-tier hierarchy: Priority 1 Shapiro W -> Priority 2 Mean/Std -> Priority 3 Q-Q Outliers.,"Added evaluate_residuals_official_hierarchy(), compare_models_hierarchical(), N-HiTS, and DecoupledClock models.",nhits achieved W_avg=0.895184 (Rank 4 for MEO-1). ,"comparable; official competition hierarchy drove selections (N-HiTS won GEO, MoE won MEO-1, RF won MEO-2)",Physics features were computed only post-prediction and not utilized as model inputs.,Incorporate genuine orbital physics and solar geometry into model feature inputs.,"reports/calibration/official_competition_run/model_comparison.csv, detailed_statistical_results.csv",0596e66f5a1cb12f279d5c3d816ef01bb8d51504,high,"All 27 candidate model runs recorded with exact per-target W, p, H0, mean, std, outliers, and SISRE."
STAGE-11,11,2026-09-04 09:18:48,0596e66f5a1cb12f279d5c3d816ef01bb8d51504,New algorithms training,Official Competition Hierarchy Calibration,Official Competition Hierarchy Model Selection,random_forest,Registered Forecasting Stack,MEO-1,MEO,data/DATA_MEO_Train.csv,90,11,Day 8 out-of-sample,"Standardized causal features, lag windows, harmonic basis",None (Post-forecast RIC diagnostics),none,none,evaluated_in_CalibrationPipeline; alpha=0.05,0.863782,0.936010,0.852200,0.911188,0.890795,0.202525,0.627246,0.163967,0.444255,0.359498,0,0,0,0,0.157487,0.251265,0,NA,0.566274,NA,0.566274,NA,0.125166,NA,0.267198,"Priority 1 (Shapiro-Wilk W_avg, 25% equal weight, alpha=0.05)",Rank 5,geo_moe,Enforce judge-mandated 3-tier hierarchy: Priority 1 Shapiro W -> Priority 2 Mean/Std -> Priority 3 Q-Q Outliers.,"Added evaluate_residuals_official_hierarchy(), compare_models_hierarchical(), N-HiTS, and DecoupledClock models.",random_forest achieved W_avg=0.890795 (Rank 5 for MEO-1). ,"comparable; official competition hierarchy drove selections (N-HiTS won GEO, MoE won MEO-1, RF won MEO-2)",Physics features were computed only post-prediction and not utilized as model inputs.,Incorporate genuine orbital physics and solar geometry into model feature inputs.,"reports/calibration/official_competition_run/model_comparison.csv, detailed_statistical_results.csv",0596e66f5a1cb12f279d5c3d816ef01bb8d51504,high,"All 27 candidate model runs recorded with exact per-target W, p, H0, mean, std, outliers, and SISRE."
STAGE-11,11,2026-09-04 09:18:48,0596e66f5a1cb12f279d5c3d816ef01bb8d51504,New algorithms training,Official Competition Hierarchy Calibration,Official Competition Hierarchy Model Selection,gaussian_process,Registered Forecasting Stack,MEO-1,MEO,data/DATA_MEO_Train.csv,90,11,Day 8 out-of-sample,"Standardized causal features, lag windows, harmonic basis",None (Post-forecast RIC diagnostics),none,none,evaluated_in_CalibrationPipeline; alpha=0.05,0.912367,0.885196,0.835206,0.925434,0.889551,0.452148,0.293776,0.118912,0.545334,0.352542,0,0,0,0,0.160601,0.207092,0,NA,0.309880,NA,0.309880,NA,0.370811,NA,0.401466,"Priority 1 (Shapiro-Wilk W_avg, 25% equal weight, alpha=0.05)",Rank 6,geo_moe,Enforce judge-mandated 3-tier hierarchy: Priority 1 Shapiro W -> Priority 2 Mean/Std -> Priority 3 Q-Q Outliers.,"Added evaluate_residuals_official_hierarchy(), compare_models_hierarchical(), N-HiTS, and DecoupledClock models.",gaussian_process achieved W_avg=0.889551 (Rank 6 for MEO-1). ,"comparable; official competition hierarchy drove selections (N-HiTS won GEO, MoE won MEO-1, RF won MEO-2)",Physics features were computed only post-prediction and not utilized as model inputs.,Incorporate genuine orbital physics and solar geometry into model feature inputs.,"reports/calibration/official_competition_run/model_comparison.csv, detailed_statistical_results.csv",0596e66f5a1cb12f279d5c3d816ef01bb8d51504,high,"All 27 candidate model runs recorded with exact per-target W, p, H0, mean, std, outliers, and SISRE."
STAGE-11,11,2026-09-04 09:18:48,0596e66f5a1cb12f279d5c3d816ef01bb8d51504,New algorithms training,Official Competition Hierarchy Calibration,Official Competition Hierarchy Model Selection,persistence,Registered Forecasting Stack,MEO-1,MEO,data/DATA_MEO_Train.csv,90,11,Day 8 out-of-sample,"Standardized causal features, lag windows, harmonic basis",None (Post-forecast RIC diagnostics),none,none,evaluated_in_CalibrationPipeline; alpha=0.05,0.837506,0.929802,0.843510,0.938749,0.887392,0.124292,0.578575,0.139354,0.649136,0.372839,0,0,0,0,0.354457,0.230629,0,NA,0.856623,NA,0.856623,NA,0.277175,NA,0.604695,"Priority 1 (Shapiro-Wilk W_avg, 25% equal weight, alpha=0.05)",Rank 7,geo_moe,Enforce judge-mandated 3-tier hierarchy: Priority 1 Shapiro W -> Priority 2 Mean/Std -> Priority 3 Q-Q Outliers.,"Added evaluate_residuals_official_hierarchy(), compare_models_hierarchical(), N-HiTS, and DecoupledClock models.",persistence achieved W_avg=0.887392 (Rank 7 for MEO-1). ,"comparable; official competition hierarchy drove selections (N-HiTS won GEO, MoE won MEO-1, RF won MEO-2)",Physics features were computed only post-prediction and not utilized as model inputs.,Incorporate genuine orbital physics and solar geometry into model feature inputs.,"reports/calibration/official_competition_run/model_comparison.csv, detailed_statistical_results.csv",0596e66f5a1cb12f279d5c3d816ef01bb8d51504,high,"All 27 candidate model runs recorded with exact per-target W, p, H0, mean, std, outliers, and SISRE."
STAGE-11,11,2026-09-04 09:18:48,0596e66f5a1cb12f279d5c3d816ef01bb8d51504,New algorithms training,Official Competition Hierarchy Calibration,Official Competition Hierarchy Model Selection,transformer,Registered Forecasting Stack,MEO-1,MEO,data/DATA_MEO_Train.csv,90,11,Day 8 out-of-sample,"Standardized causal features, lag windows, harmonic basis",None (Post-forecast RIC diagnostics),none,none,evaluated_in_CalibrationPipeline; alpha=0.05,0.789321,0.921522,0.872715,0.795475,0.844758,0.047008,0.516389,0.237245,0.053494,0.213534,1,0,0,0,0.292357,0.284710,0,NA,0.954958,NA,0.954958,NA,0.103075,NA,0.297003,"Priority 1 (Shapiro-Wilk W_avg, 25% equal weight, alpha=0.05)",Rank 8,geo_moe,Enforce judge-mandated 3-tier hierarchy: Priority 1 Shapiro W -> Priority 2 Mean/Std -> Priority 3 Q-Q Outliers.,"Added evaluate_residuals_official_hierarchy(), compare_models_hierarchical(), N-HiTS, and DecoupledClock models.",transformer achieved W_avg=0.844758 (Rank 8 for MEO-1). ,"comparable; official competition hierarchy drove selections (N-HiTS won GEO, MoE won MEO-1, RF won MEO-2)",Physics features were computed only post-prediction and not utilized as model inputs.,Incorporate genuine orbital physics and solar geometry into model feature inputs.,"reports/calibration/official_competition_run/model_comparison.csv, detailed_statistical_results.csv",0596e66f5a1cb12f279d5c3d816ef01bb8d51504,high,"All 27 candidate model runs recorded with exact per-target W, p, H0, mean, std, outliers, and SISRE."
STAGE-11,11,2026-09-04 09:18:48,0596e66f5a1cb12f279d5c3d816ef01bb8d51504,New algorithms training,Official Competition Hierarchy Calibration,Official Competition Hierarchy Model Selection,bilstm_gru,Registered Forecasting Stack,MEO-1,MEO,data/DATA_MEO_Train.csv,90,11,Day 8 out-of-sample,"Standardized causal features, lag windows, harmonic basis",None (Post-forecast RIC diagnostics),none,none,evaluated_in_CalibrationPipeline; alpha=0.05,0.759745,0.901181,0.872006,0.788980,0.830478,0.024771,0.380957,0.234319,0.046670,0.171679,1,0,0,1,0.098584,0.272405,0,NA,0.605589,NA,0.605589,NA,0.085136,NA,0.286197,"Priority 1 (Shapiro-Wilk W_avg, 25% equal weight, alpha=0.05)",Rank 9,geo_moe,Enforce judge-mandated 3-tier hierarchy: Priority 1 Shapiro W -> Priority 2 Mean/Std -> Priority 3 Q-Q Outliers.,"Added evaluate_residuals_official_hierarchy(), compare_models_hierarchical(), N-HiTS, and DecoupledClock models.",bilstm_gru achieved W_avg=0.830478 (Rank 9 for MEO-1). ,"comparable; official competition hierarchy drove selections (N-HiTS won GEO, MoE won MEO-1, RF won MEO-2)",Physics features were computed only post-prediction and not utilized as model inputs.,Incorporate genuine orbital physics and solar geometry into model feature inputs.,"reports/calibration/official_competition_run/model_comparison.csv, detailed_statistical_results.csv",0596e66f5a1cb12f279d5c3d816ef01bb8d51504,high,"All 27 candidate model runs recorded with exact per-target W, p, H0, mean, std, outliers, and SISRE."
STAGE-11,11,2026-09-04 09:18:48,0596e66f5a1cb12f279d5c3d816ef01bb8d51504,New algorithms training,Official Competition Hierarchy Calibration,Official Competition Hierarchy Model Selection,random_forest,Registered Forecasting Stack,MEO-2,MEO,data/DATA_MEO2_Train.csv,244,30,Day 8 out-of-sample,"Standardized causal features, lag windows, harmonic basis",None (Post-forecast RIC diagnostics),none,none,evaluated_in_CalibrationPipeline; alpha=0.05,0.926340,0.974861,0.900624,0.666214,0.867010,0.167378,0.882440,0.058915,0.000033,0.277191,0,0,0,1,0.042005,0.170386,1,NA,0.326596,NA,0.326596,NA,0.026161,NA,0.173288,"Priority 1 (Shapiro-Wilk W_avg, 25% equal weight, alpha=0.05)",WINNER (Selected),random_forest,Enforce judge-mandated 3-tier hierarchy: Priority 1 Shapiro W -> Priority 2 Mean/Std -> Priority 3 Q-Q Outliers.,"Added evaluate_residuals_official_hierarchy(), compare_models_hierarchical(), N-HiTS, and DecoupledClock models.",random_forest achieved W_avg=0.867010 (Rank 1 for MEO-2). WON for MEO-2.,"comparable; official competition hierarchy drove selections (N-HiTS won GEO, MoE won MEO-1, RF won MEO-2)",Physics features were computed only post-prediction and not utilized as model inputs.,Incorporate genuine orbital physics and solar geometry into model feature inputs.,"reports/calibration/official_competition_run/model_comparison.csv, detailed_statistical_results.csv",0596e66f5a1cb12f279d5c3d816ef01bb8d51504,high,"All 27 candidate model runs recorded with exact per-target W, p, H0, mean, std, outliers, and SISRE."
STAGE-11,11,2026-09-04 09:18:48,0596e66f5a1cb12f279d5c3d816ef01bb8d51504,New algorithms training,Official Competition Hierarchy Calibration,Official Competition Hierarchy Model Selection,nhits,Registered Forecasting Stack,MEO-2,MEO,data/DATA_MEO2_Train.csv,244,30,Day 8 out-of-sample,"Standardized causal features, lag windows, harmonic basis",None (Post-forecast RIC diagnostics),none,none,evaluated_in_CalibrationPipeline; alpha=0.05,0.891050,0.908588,0.858023,0.704841,0.840625,0.040227,0.081243,0.011362,0.000091,0.033231,1,0,1,1,0.116248,0.140484,2,NA,0.344169,NA,0.344169,NA,0.030335,NA,0.186395,"Priority 1 (Shapiro-Wilk W_avg, 25% equal weight, alpha=0.05)",Rank 2,random_forest,Enforce judge-mandated 3-tier hierarchy: Priority 1 Shapiro W -> Priority 2 Mean/Std -> Priority 3 Q-Q Outliers.,"Added evaluate_residuals_official_hierarchy(), compare_models_hierarchical(), N-HiTS, and DecoupledClock models.",nhits achieved W_avg=0.840625 (Rank 2 for MEO-2). ,"comparable; official competition hierarchy drove selections (N-HiTS won GEO, MoE won MEO-1, RF won MEO-2)",Physics features were computed only post-prediction and not utilized as model inputs.,Incorporate genuine orbital physics and solar geometry into model feature inputs.,"reports/calibration/official_competition_run/model_comparison.csv, detailed_statistical_results.csv",0596e66f5a1cb12f279d5c3d816ef01bb8d51504,high,"All 27 candidate model runs recorded with exact per-target W, p, H0, mean, std, outliers, and SISRE."
STAGE-11,11,2026-09-04 09:18:48,0596e66f5a1cb12f279d5c3d816ef01bb8d51504,New algorithms training,Official Competition Hierarchy Calibration,Official Competition Hierarchy Model Selection,harmonic_ridge,Registered Forecasting Stack,MEO-2,MEO,data/DATA_MEO2_Train.csv,244,30,Day 8 out-of-sample,"Standardized causal features, lag windows, harmonic basis",None (Post-forecast RIC diagnostics),none,none,evaluated_in_CalibrationPipeline; alpha=0.05,0.826462,0.924116,0.839290,0.722722,0.828148,0.003683,0.152890,0.005767,0.000149,0.040622,1,0,1,1,0.043165,0.153836,2,NA,0.273857,NA,0.273857,NA,0.035722,NA,0.141294,"Priority 1 (Shapiro-Wilk W_avg, 25% equal weight, alpha=0.05)",Rank 3,random_forest,Enforce judge-mandated 3-tier hierarchy: Priority 1 Shapiro W -> Priority 2 Mean/Std -> Priority 3 Q-Q Outliers.,"Added evaluate_residuals_official_hierarchy(), compare_models_hierarchical(), N-HiTS, and DecoupledClock models.",harmonic_ridge achieved W_avg=0.828148 (Rank 3 for MEO-2). ,"comparable; official competition hierarchy drove selections (N-HiTS won GEO, MoE won MEO-1, RF won MEO-2)",Physics features were computed only post-prediction and not utilized as model inputs.,Incorporate genuine orbital physics and solar geometry into model feature inputs.,"reports/calibration/official_competition_run/model_comparison.csv, detailed_statistical_results.csv",0596e66f5a1cb12f279d5c3d816ef01bb8d51504,high,"All 27 candidate model runs recorded with exact per-target W, p, H0, mean, std, outliers, and SISRE."
STAGE-11,11,2026-09-04 09:18:48,0596e66f5a1cb12f279d5c3d816ef01bb8d51504,New algorithms training,Official Competition Hierarchy Calibration,Official Competition Hierarchy Model Selection,geo_moe,Registered Forecasting Stack,MEO-2,MEO,data/DATA_MEO2_Train.csv,244,30,Day 8 out-of-sample,"Standardized causal features, lag windows, harmonic basis",None (Post-forecast RIC diagnostics),none,none,evaluated_in_CalibrationPipeline; alpha=0.05,0.829612,0.920179,0.834204,0.726705,0.827675,0.004107,0.130219,0.004820,0.000166,0.034828,1,0,1,1,0.035750,0.152999,2,NA,0.261101,NA,0.261101,NA,0.031008,NA,0.108867,"Priority 1 (Shapiro-Wilk W_avg, 25% equal weight, alpha=0.05)",Rank 4,random_forest,Enforce judge-mandated 3-tier hierarchy: Priority 1 Shapiro W -> Priority 2 Mean/Std -> Priority 3 Q-Q Outliers.,"Added evaluate_residuals_official_hierarchy(), compare_models_hierarchical(), N-HiTS, and DecoupledClock models.",geo_moe achieved W_avg=0.827675 (Rank 4 for MEO-2). ,"comparable; official competition hierarchy drove selections (N-HiTS won GEO, MoE won MEO-1, RF won MEO-2)",Physics features were computed only post-prediction and not utilized as model inputs.,Incorporate genuine orbital physics and solar geometry into model feature inputs.,"reports/calibration/official_competition_run/model_comparison.csv, detailed_statistical_results.csv",0596e66f5a1cb12f279d5c3d816ef01bb8d51504,high,"All 27 candidate model runs recorded with exact per-target W, p, H0, mean, std, outliers, and SISRE."
STAGE-11,11,2026-09-04 09:18:48,0596e66f5a1cb12f279d5c3d816ef01bb8d51504,New algorithms training,Official Competition Hierarchy Calibration,Official Competition Hierarchy Model Selection,decoupled_clock,Registered Forecasting Stack,MEO-2,MEO,data/DATA_MEO2_Train.csv,244,30,Day 8 out-of-sample,"Standardized causal features, lag windows, harmonic basis",None (Post-forecast RIC diagnostics),none,none,evaluated_in_CalibrationPipeline; alpha=0.05,0.826462,0.924116,0.839290,0.710406,0.825068,0.003683,0.152890,0.005767,0.000106,0.040611,1,0,1,1,0.041435,0.153099,2,NA,0.273857,NA,0.273857,NA,0.030421,NA,0.139318,"Priority 1 (Shapiro-Wilk W_avg, 25% equal weight, alpha=0.05)",Rank 5,random_forest,Enforce judge-mandated 3-tier hierarchy: Priority 1 Shapiro W -> Priority 2 Mean/Std -> Priority 3 Q-Q Outliers.,"Added evaluate_residuals_official_hierarchy(), compare_models_hierarchical(), N-HiTS, and DecoupledClock models.",decoupled_clock achieved W_avg=0.825068 (Rank 5 for MEO-2). ,"comparable; official competition hierarchy drove selections (N-HiTS won GEO, MoE won MEO-1, RF won MEO-2)",Physics features were computed only post-prediction and not utilized as model inputs.,Incorporate genuine orbital physics and solar geometry into model feature inputs.,"reports/calibration/official_competition_run/model_comparison.csv, detailed_statistical_results.csv",0596e66f5a1cb12f279d5c3d816ef01bb8d51504,high,"All 27 candidate model runs recorded with exact per-target W, p, H0, mean, std, outliers, and SISRE."
STAGE-11,11,2026-09-04 09:18:48,0596e66f5a1cb12f279d5c3d816ef01bb8d51504,New algorithms training,Official Competition Hierarchy Calibration,Official Competition Hierarchy Model Selection,bilstm_gru,Registered Forecasting Stack,MEO-2,MEO,data/DATA_MEO2_Train.csv,244,30,Day 8 out-of-sample,"Standardized causal features, lag windows, harmonic basis",None (Post-forecast RIC diagnostics),none,none,evaluated_in_CalibrationPipeline; alpha=0.05,0.843405,0.871996,0.825364,0.712166,0.813233,0.006677,0.019195,0.003546,0.000111,0.007382,1,1,1,1,0.056259,0.142203,3,NA,0.267298,NA,0.267298,NA,0.028437,NA,0.106694,"Priority 1 (Shapiro-Wilk W_avg, 25% equal weight, alpha=0.05)",Rank 6,random_forest,Enforce judge-mandated 3-tier hierarchy: Priority 1 Shapiro W -> Priority 2 Mean/Std -> Priority 3 Q-Q Outliers.,"Added evaluate_residuals_official_hierarchy(), compare_models_hierarchical(), N-HiTS, and DecoupledClock models.",bilstm_gru achieved W_avg=0.813233 (Rank 6 for MEO-2). ,"comparable; official competition hierarchy drove selections (N-HiTS won GEO, MoE won MEO-1, RF won MEO-2)",Physics features were computed only post-prediction and not utilized as model inputs.,Incorporate genuine orbital physics and solar geometry into model feature inputs.,"reports/calibration/official_competition_run/model_comparison.csv, detailed_statistical_results.csv",0596e66f5a1cb12f279d5c3d816ef01bb8d51504,high,"All 27 candidate model runs recorded with exact per-target W, p, H0, mean, std, outliers, and SISRE."
STAGE-11,11,2026-09-04 09:18:48,0596e66f5a1cb12f279d5c3d816ef01bb8d51504,New algorithms training,Official Competition Hierarchy Calibration,Official Competition Hierarchy Model Selection,transformer,Registered Forecasting Stack,MEO-2,MEO,data/DATA_MEO2_Train.csv,244,30,Day 8 out-of-sample,"Standardized causal features, lag windows, harmonic basis",None (Post-forecast RIC diagnostics),none,none,evaluated_in_CalibrationPipeline; alpha=0.05,0.852179,0.859087,0.813374,0.711950,0.809147,0.009168,0.011819,0.002361,0.000110,0.005864,1,1,1,1,0.068924,0.140837,3,NA,0.287433,NA,0.287433,NA,0.030123,NA,0.103012,"Priority 1 (Shapiro-Wilk W_avg, 25% equal weight, alpha=0.05)",Rank 7,random_forest,Enforce judge-mandated 3-tier hierarchy: Priority 1 Shapiro W -> Priority 2 Mean/Std -> Priority 3 Q-Q Outliers.,"Added evaluate_residuals_official_hierarchy(), compare_models_hierarchical(), N-HiTS, and DecoupledClock models.",transformer achieved W_avg=0.809147 (Rank 7 for MEO-2). ,"comparable; official competition hierarchy drove selections (N-HiTS won GEO, MoE won MEO-1, RF won MEO-2)",Physics features were computed only post-prediction and not utilized as model inputs.,Incorporate genuine orbital physics and solar geometry into model feature inputs.,"reports/calibration/official_competition_run/model_comparison.csv, detailed_statistical_results.csv",0596e66f5a1cb12f279d5c3d816ef01bb8d51504,high,"All 27 candidate model runs recorded with exact per-target W, p, H0, mean, std, outliers, and SISRE."
STAGE-11,11,2026-09-04 09:18:48,0596e66f5a1cb12f279d5c3d816ef01bb8d51504,New algorithms training,Official Competition Hierarchy Calibration,Official Competition Hierarchy Model Selection,persistence,Registered Forecasting Stack,MEO-2,MEO,data/DATA_MEO2_Train.csv,244,30,Day 8 out-of-sample,"Standardized causal features, lag windows, harmonic basis",None (Post-forecast RIC diagnostics),none,none,evaluated_in_CalibrationPipeline; alpha=0.05,0.855623,0.865902,0.803955,0.709022,0.808625,0.010400,0.015242,0.001728,0.000102,0.006868,1,1,1,1,0.086861,0.140336,3,NA,0.319330,NA,0.319330,NA,0.035432,NA,0.121605,"Priority 1 (Shapiro-Wilk W_avg, 25% equal weight, alpha=0.05)",Rank 8,random_forest,Enforce judge-mandated 3-tier hierarchy: Priority 1 Shapiro W -> Priority 2 Mean/Std -> Priority 3 Q-Q Outliers.,"Added evaluate_residuals_official_hierarchy(), compare_models_hierarchical(), N-HiTS, and DecoupledClock models.",persistence achieved W_avg=0.808625 (Rank 8 for MEO-2). ,"comparable; official competition hierarchy drove selections (N-HiTS won GEO, MoE won MEO-1, RF won MEO-2)",Physics features were computed only post-prediction and not utilized as model inputs.,Incorporate genuine orbital physics and solar geometry into model feature inputs.,"reports/calibration/official_competition_run/model_comparison.csv, detailed_statistical_results.csv",0596e66f5a1cb12f279d5c3d816ef01bb8d51504,high,"All 27 candidate model runs recorded with exact per-target W, p, H0, mean, std, outliers, and SISRE."
STAGE-11,11,2026-09-04 09:18:48,0596e66f5a1cb12f279d5c3d816ef01bb8d51504,New algorithms training,Official Competition Hierarchy Calibration,Official Competition Hierarchy Model Selection,gaussian_process,Registered Forecasting Stack,MEO-2,MEO,data/DATA_MEO2_Train.csv,244,30,Day 8 out-of-sample,"Standardized causal features, lag windows, harmonic basis",None (Post-forecast RIC diagnostics),none,none,evaluated_in_CalibrationPipeline; alpha=0.05,0.787406,0.915574,0.751399,0.709152,0.790883,0.001014,0.107929,0.000338,0.000102,0.027346,1,0,1,1,0.039735,0.131456,2,NA,0.234461,NA,0.234461,NA,0.028835,NA,0.123018,"Priority 1 (Shapiro-Wilk W_avg, 25% equal weight, alpha=0.05)",Rank 9,random_forest,Enforce judge-mandated 3-tier hierarchy: Priority 1 Shapiro W -> Priority 2 Mean/Std -> Priority 3 Q-Q Outliers.,"Added evaluate_residuals_official_hierarchy(), compare_models_hierarchical(), N-HiTS, and DecoupledClock models.",gaussian_process achieved W_avg=0.790883 (Rank 9 for MEO-2). ,"comparable; official competition hierarchy drove selections (N-HiTS won GEO, MoE won MEO-1, RF won MEO-2)",Physics features were computed only post-prediction and not utilized as model inputs.,Incorporate genuine orbital physics and solar geometry into model feature inputs.,"reports/calibration/official_competition_run/model_comparison.csv, detailed_statistical_results.csv",0596e66f5a1cb12f279d5c3d816ef01bb8d51504,high,"All 27 candidate model runs recorded with exact per-target W, p, H0, mean, std, outliers, and SISRE."
STAGE-12,12,2026-09-04 15:33:26,7307b6120c1ac6f2ff474f4c5fde94c15af2674d,Physics Addition,Physics Layer & Solar Geometry Integration,Physics-Aware Forecasting Architecture,,Physics-Enhanced Forecasting Stack,GEO,GEO,data/DATA_GEO_Train.csv,NA,NA,Day 8 out-of-sample,"Temporal harmonics, causal lag windows, SRP solar geometry features","sun_beta_angle, shadow_factor, solar_cos_angle, RIC frame projections",nominal,nominal_approximation,use_ric=True; enable_srp=True; state_provider=NominalStateProvider,NA,NA,NA,NA,NA,NA,NA,NA,NA,NA,NA,NA,NA,NA,NA,NA,NA,NA,NA,NA,NA,NA,NA,NA,NA,Priority 1 (Shapiro-Wilk W_avg with Physics Features),WINNER (Active Registry),,SRP solar angles and RIC calculations were previously discarded before reaching model input.,"Integrated SRP features directly into model feature pipelines, added ProvidedStateProvider, fixed E5 ablation.",Registered winner  evaluated in production audit; reproducible deterministic inference verified.,comparable; maintained official W_avg while integrating solar radiation physical priors,Required CSV datasets containing only error measurements without position/velocity state vectors.,Refactor pipeline to support independent single-satellite uploads without mandatory state vectors.,"reports/evaluation/registered_models_20260904/evaluation.json, EVALUATION_REPORT.md",7307b6120c1ac6f2ff474f4c5fde94c15af2674d,high,"Comprehensive evaluation report audit with 5,000 bootstrap confidence intervals."
STAGE-12,12,2026-09-04 15:33:26,7307b6120c1ac6f2ff474f4c5fde94c15af2674d,Physics Addition,Physics Layer & Solar Geometry Integration,Physics-Aware Forecasting Architecture,,Physics-Enhanced Forecasting Stack,MEO-1,MEO,data/DATA_MEO_Train.csv,NA,NA,Day 8 out-of-sample,"Temporal harmonics, causal lag windows, SRP solar geometry features","sun_beta_angle, shadow_factor, solar_cos_angle, RIC frame projections",nominal,nominal_approximation,use_ric=True; enable_srp=True; state_provider=NominalStateProvider,NA,NA,NA,NA,NA,NA,NA,NA,NA,NA,NA,NA,NA,NA,NA,NA,NA,NA,NA,NA,NA,NA,NA,NA,NA,Priority 1 (Shapiro-Wilk W_avg with Physics Features),WINNER (Active Registry),,SRP solar angles and RIC calculations were previously discarded before reaching model input.,"Integrated SRP features directly into model feature pipelines, added ProvidedStateProvider, fixed E5 ablation.",Registered winner  evaluated in production audit; reproducible deterministic inference verified.,comparable; maintained official W_avg while integrating solar radiation physical priors,Required CSV datasets containing only error measurements without position/velocity state vectors.,Refactor pipeline to support independent single-satellite uploads without mandatory state vectors.,"reports/evaluation/registered_models_20260904/evaluation.json, EVALUATION_REPORT.md",7307b6120c1ac6f2ff474f4c5fde94c15af2674d,high,"Comprehensive evaluation report audit with 5,000 bootstrap confidence intervals."
STAGE-12,12,2026-09-04 15:33:26,7307b6120c1ac6f2ff474f4c5fde94c15af2674d,Physics Addition,Physics Layer & Solar Geometry Integration,Physics-Aware Forecasting Architecture,,Physics-Enhanced Forecasting Stack,MEO-2,MEO,data/DATA_MEO2_Train.csv,NA,NA,Day 8 out-of-sample,"Temporal harmonics, causal lag windows, SRP solar geometry features","sun_beta_angle, shadow_factor, solar_cos_angle, RIC frame projections",nominal,nominal_approximation,use_ric=True; enable_srp=True; state_provider=NominalStateProvider,NA,NA,NA,NA,NA,NA,NA,NA,NA,NA,NA,NA,NA,NA,NA,NA,NA,NA,NA,NA,NA,NA,NA,NA,NA,Priority 1 (Shapiro-Wilk W_avg with Physics Features),WINNER (Active Registry),,SRP solar angles and RIC calculations were previously discarded before reaching model input.,"Integrated SRP features directly into model feature pipelines, added ProvidedStateProvider, fixed E5 ablation.",Registered winner  evaluated in production audit; reproducible deterministic inference verified.,comparable; maintained official W_avg while integrating solar radiation physical priors,Required CSV datasets containing only error measurements without position/velocity state vectors.,Refactor pipeline to support independent single-satellite uploads without mandatory state vectors.,"reports/evaluation/registered_models_20260904/evaluation.json, EVALUATION_REPORT.md",7307b6120c1ac6f2ff474f4c5fde94c15af2674d,high,"Comprehensive evaluation report audit with 5,000 bootstrap confidence intervals."
STAGE-13,13,2026-09-04 18:30:00,7307b6120c1ac6f2ff474f4c5fde94c15af2674d (working tree),"Complete single-satellite upload, physics modes, and strict fail-closed routing",Current NeuroNav Production Architecture,Current NeuroNav Architecture,Hybrid Satellite-Specific Stack (N-HiTS / MoE / Random Forest / Baselines),Heterogeneous Satellite-Specific Ensembles,"All Satellites (GEO, MEO-1, MEO-2, Custom Uploads)",GEO / MEO / Custom,User-uploaded CSVs (UTC + errors; optional orbital state),"Satellite-specific (e.g. 142 GEO, 90 MEO-1, 244 MEO-2)","Satellite-specific (e.g. 69 GEO, 11 MEO-1, 30 MEO-2)",Configurable (12 to 96+ steps),"UTC timestamps, causal lags, dt_seconds, instantaneous basis projections","Symmetric RIC basis (r_z, i_z, c_z), Sun beta angle, shadow factor",Explicit ('none' | 'nominal' | 'provided'),'none' | 'nominal_approximation' | 'provided',tie_tolerance=1e-4; fail_closed_routing=True; cadence_classification=True,0.9637 (GEO) / 0.9327 (MEO-1) / 0.9263 (MEO-2),0.9496 (GEO) / 0.9387 (MEO-1) / 0.9749 (MEO-2),0.9651 (GEO) / 0.8792 (MEO-1) / 0.9006 (MEO-2),0.6790 (GEO) / 0.9202 (MEO-1) / 0.6662 (MEO-2),0.889359 (GEO) / 0.917693 (MEO-1) / 0.867010 (MEO-2),0.0425 (GEO) / 0.6010 (MEO-1) / 0.1674 (MEO-2),0.0075 (GEO) / 0.6485 (MEO-1) / 0.8824 (MEO-2),0.0509 (GEO) / 0.2655 (MEO-1) / 0.0589 (MEO-2),5.33e-11 (GEO) / 0.5067 (MEO-1) / 3.32e-5 (MEO-2),0.0252 (GEO) / 0.5053 (MEO-1) / 0.2772 (MEO-2),1 (GEO) / 0 (MEO-1) / 0 (MEO-2),1 (GEO) / 0 (MEO-1) / 0 (MEO-2),0 (GEO) / 0 (MEO-1) / 0 (MEO-2),1 (GEO) / 0 (MEO-1) / 1 (MEO-2),1.2513 (GEO) / 0.3124 (MEO-1) / 0.0420 (MEO-2),16.7739 (GEO) / 0.2966 (MEO-1) / 0.1704 (MEO-2),10 (GEO) / 0 (MEO-1) / 1 (MEO-2),1.986 (GEO) / 0.612 (MEO-1) / 0.741 (MEO-2),23.527 (GEO) / 0.965 (MEO-1) / 0.327 (MEO-2),30.011 (GEO) / 0.986 (MEO-1) / 0.392 (MEO-2),23.527 (GEO) / 0.965 (MEO-1) / 0.327 (MEO-2),30.011 (GEO) / 0.986 (MEO-1) / 0.392 (MEO-2),7.760 (GEO) / 0.144 (MEO-1) / 0.026 (MEO-2),16.241 (GEO) / 0.186 (MEO-1) / 0.048 (MEO-2),14.725 (GEO) / 0.356 (MEO-1) / 0.173 (MEO-2),Official Competition Hierarchy (P1 W_avg -> P2 Bias/Std -> P3 Q-Q Outliers),Production Architecture,GEO: nhits; MEO-1: geo_moe; MEO-2: random_forest,"Final production architecture supporting single-satellite uploads without state vectors, explicit physics modes, and strict fail-closed safety.","Integrated train_satellite(), rank_candidates_hierarchically(), instantaneous RIC basis features, fail-closed router, and comprehensive test suite.",131/131 tests passing cleanly across repository; complete separation between backend and Tkinter frontend.,comparable; preserves official winning hierarchy while supporting flexible physics modes ('none'|'nominal'|'provided'),Small sample size on MEO-1 eval (N=6 unique epochs) requires careful ongoing monitoring.,GUI integration by frontend team using clean public API (api.py).,"src/forecasting/, tests/, context.md",7307b6120c1ac6f2ff474f4c5fde94c15af2674d,high,Verified with 100% test pass rate across 131 tests in ~30s.
