Timestamp,Satellite_ID,Constellation,Broadcast_X,Broadcast_Y,Broadcast_Z,Broadcast_Clock,Modelled_X,Modelled_Y,Modelled_Z,Modelled_Clock,Error_X,Error_Y,Error_Z,3D_Orbit_Error,Error_Clock
2026-08-01 00:00:00,G01,G,-1137256.4185121988,23135741.45221724,12802091.739344412,7.61642604743871e-06,-1137257.6774074938,23135742.51977373,12802092.448768225,7.616561173737999e-06,1.258895294891374,-1.0675564903575483,-0.7094238100687534,1.7966013374971732,-1.3512629928858322e-10
2026-08-01 00:15:00,G01,G,-1885332.383541477,24300076.835397605,10400333.051117118,7.625389440838514e-06,-1885333.6201653571,24300077.947200984,10400333.462398391,7.624934635173591e-06,1.2366238807335028,-1.111803380440564,-0.4112812731779659,1.7130375549959034,4.5480566492266676e-10
2026-08-01 00:30:00,G01,G,-2470900.74045274,25235030.4545683,7818315.60279746,7.633676643265372e-06,-2470901.836371584,25235031.74368393,7818315.773683651,7.633308096609184e-06,1.095918844033298,-1.2891156325770254,-0.1708861914206048,1.7006055736942605,3.685466561885066e-10
2026-08-01 00:45:00,G01,G,-2918604.030423659,25910338.70218846,5101316.824716192,7.642826626673116e-06,-2918605.0633164444,25910339.907998297,5101316.676683375,7.641681558044775e-06,1.0328927854924763,-1.2058098385517309,0.1480328172903336,1.594602956245056,1.145068628341571e-09
2026-08-01 01:00:00,G01,G,-3258458.121820758,26302830.774774168,2296598.2596819256,7.65125579343543e-06,-3258459.017058902,26302832.01510743,2296597.781484696,7.650055019480367e-06,0.8952381440410373,-1.2403332634865674,0.4781972302385628,1.6026698131758494,1.2007739550636051e-09
2026-08-01 01:15:00,G01,G,-3524449.3266861103,26397260.87331524,-547442.3393627104,7.659989873827455e-06,-3524450.2094450253,26397262.10538828,-547443.0680657169,7.658428480915959e-06,0.8827589147382618,-1.2320730390639965,0.7287030065238255,1.681747706065071,1.5613929114964252e-09
2026-08-01 01:30:00,G01,G,-3752999.098586241,26186835.30762879,-3382112.9004158643,7.668501747458435e-06,-3752999.932772172,26186836.670385443,-3382113.82374458,7.66680194235155e-06,0.8341859304421201,-1.3627566506355226,0.9233287159000496,1.8454017917528331,1.6998051068833895e-09
2026-08-01 01:45:00,G01,G,-3981356.072962997,25673424.82589246,-6159247.931714569,7.676551815956169e-06,-3981356.8259885367,25673426.17145655,-6159249.09094449,7.675175403787142e-06,0.753025540009315,-1.3455640888198084,1.15922992090724,1.9290941372971944,1.3764121690260076e-09
2026-08-01 02:00:00,G01,G,-4245980.204853917,24867457.80869789,-8831995.531119447,7.685371954778542e-06,-4245980.868699191,24867459.03542863,-8831996.865163738,7.683548865222734e-06,0.6638452745782776,-1.2267307362394624,1.334044290146668,1.930086271617787,1.8230895558071022e-09
2026-08-01 02:15:00,G01,G,-4580979.053307621,23787507.629841503,-11355559.168846726,7.694154483379669e-06,-4580979.664814631,23787508.85071204,-11355560.50544355,7.691922326658326e-06,0.6115070098891017,-1.2208705384732694,1.3365968238424288,1.910747697724948,2.2321567213425155e-09
2026-08-01 02:30:00,G01,G,-5016653.411514183,22459595.02955148,-13687886.344451971,7.702740194337508e-06,-5016653.80024963,22459596.130753104,-13687887.59318949,7.70029578809392e-06,0.3887354472170666,-1.1012016265007607,1.2487375178576607,1.7097092321901657,2.444406243588438e-09
2026-08-01 02:45:00,G01,G,-5578202.029955013,20916234.242854957,-15790298.273457505,7.711151622724715e-06,-5578202.264794169,20916235.23309422,-15790299.452480212,7.708669249529511e-06,0.2348391566112049,-0.9902392669730008,1.1790227078203757,1.5575037017256743,2.4823731952046112e-09
2026-08-01 03:00:00,G01,G,-6284631.702072879,19195263.76521128,-17628055.986138083,7.719316674739386e-06,-6284631.807654856,19195264.654058635,-17628056.954226185,7.717042710965103e-06,0.1055819767351078,-0.8888473544085689,0.968088101187629,1.3184808473813618,2.273963774283742e-09
2026-08-01 03:15:00,G01,G,-7147905.999610049,17338504.25086362,-19170859.014786854,7.7276882557446e-06,-7147906.021396011,17338504.898082573,-19170859.704474907,7.725416172400694e-06,0.021785961943652,-0.6472189535725874,0.6896880486496529,0.9460637433342276,2.2720833439049396e-09
2026-08-01 03:30:00,G01,G,-8172361.428022708,15390291.952037364,-20393276.409861933,7.735975325380255e-06,-8172361.249551474,15390292.465834804,-20393276.776910357,7.733789633836286e-06,-0.1784712332765528,-0.5137974388579164,0.3670484216428056,0.6561740113069725,2.185691543968927e-09
2026-08-01 03:45:00,G01,G,-9354407.760719974,13395940.947716402,-21275107.782514382,7.744219193794879e-06,-9354407.361518892,13395941.289938388,-21275107.780442607,7.742163095271878e-06,-0.3992010802099544,-0.3422219855358089,-0.002071778084599,0.525815254713381,2.056098523001423e-09
2026-08-01 04:00:00,G01,G,-10682522.819198122,11400184.148748944,-21801673.57261406,7.753093619674255e-06,-10682522.246608714,11400184.271038292,-21801673.282408185,7.75053655670747e-06,-0.5725894083238763,-0.1222893458662734,-0.2902058731848564,0.6534774391423722,2.5570629667861432e-09
2026-08-01 04:15:00,G01,G,-12137540.421871567,9445647.56035685,-21964034.064220816,7.761465009336186e-06,-12137539.70563788,9445647.530566124,-21964033.498983245,7.758910018143061e-06,-0.7162336900562776,0.0297907258137243,-0.565237569620456,0.912891941155458,2.554991193124354e-09
2026-08-01 04:30:00,G01,G,-13693222.23028324,7571408.890309797,-21759134.683947477,7.770056695531081e-06,-13693221.382621976,7571408.681375876,-21759133.80895161,7.767283479578653e-06,-0.8476612631207247,0.2089339210473685,-0.8749958639197333,1.2360423788189023,2.773215952427609e-09
2026-08-01 04:45:00,G01,G,-15317095.636151994,5811688.189266339,-21189876.148323342,7.777901078596856e-06,-15317094.581552504,5811687.8747713445,-21189875.158690467,7.775656941014247e-06,-1.054599487964484,0.3144949940934965,-0.9896328739217202,1.4800204074509864,2.244137582610352e-09
2026-08-01 05:00:00,G01,G,-16971530.45132189,4194717.127877872,-20265107.977814365,7.786416528189769e-06,-16971529.358095467,4194716.6314971,-20265106.93161468,7.784030402449838e-06,-1.0932264228789494,0.4963807720501999,-1.0461996821083908,1.592504837476343,2.3861257399296768e-09
2026-08-01 05:15:00,G01,G,-18615021.41632273,2741825.11722338,-18999540.56595517,7.795244106102845e-06,-18615020.2918106,2741824.4996603336,-18999539.48375586,7.79240386388543e-06,-1.124512132121485,0.6175630460785734,-1.0821993075109395,1.6784120448648514,2.840242217415768e-09
2026-08-01 05:30:00,G01,G,-20203632.151320785,1466778.1153392862,-17413574.34801021,7.803166824311502e-06,-20203631.000040676,1466777.3903395385,-17413573.420877196,7.800777325321022e-06,-1.151280114001728,0.7249997478152679,-0.9271330124585344,1.646404008139701,2.389498990479971e-09
2026-08-01 05:45:00,G01,G,-21692554.216097526,375394.7933464291,-15533043.558924252,7.81094141862113e-06,-21692552.96766292,375394.0213680398,-15533042.916843267,7.809150786756614e-06,-1.2484346118071532,0.7719783893661107,-0.6420809850851273,1.6021259641533367,1.7906318645160344e-09
2026-08-01 06:00:00,G01,G,-23037726.0870102,-534540.740102841,-13388871.343739528,7.819263084896068e-06,-23037724.902883183,-534541.710229747,-13388871.027446384,7.817524248192205e-06,-1.184127014326133,0.970126905900464,-0.3162931451430645,1.5631200700117127,1.7388367038621842e-09
2026-08-01 06:15:00,G01,G,-24197456.116174016,-1273063.3380652333,-11016636.131870417,7.826788638610216e-06,-24197454.88998551,-1273064.3045124467,-11016636.085135348,7.825897709627797e-06,-1.2261885086275095,0.9664472134025526,-0.0467350669582218,1.5619675545501273,8.90928982418243e-10
2026-08-01 06:30:00,G01,G,-25133986.56706189,-1857507.7102580764,-8456049.49154942,7.834315616586251e-06,-25133985.41224531,-1857508.660396539,-8456049.876602983,7.834271171063389e-06,-1.1548165806092268,0.950138462341934,0.3850535643881144,1.5442249447277665,4.4445522862475135e-11
2026-08-01 06:45:00,G01,G,-25814942.231805865,-2311703.251864048,-5750349.746149831,7.842414147456979e-06,-25814941.16441088,-2311704.1969786286,-5750350.374869345,7.84264463249898e-06,-1.0673949852544256,0.9451145809855838,0.628719513319119,1.5581597646474128,-2.30485042001317e-10
2026-08-01 07:00:00,G01,G,-26214602.59735203,-2664905.279268204,-2945613.423784114,7.850943007749258e-06,-26214601.717306152,-2664906.239427438,-2945614.248049041,7.851018093934574e-06,-0.8800458808563025,0.9601592343179912,0.8242649268884704,1.5413627663067226,-7.50861853158844e-11
2026-08-01 07:15:00,G01,G,-26314946.36663065,-2950500.0119236857,-89995.98914473293,7.859693722221754e-06,-26314945.704639114,-2950501.023871643,-89997.08937151672,7.859391555370166e-06,-0.6619915389379275,1.0119479575520731,1.1002267837853312,1.6348609855819032,3.0216685158818965e-10
2026-08-01 07:30:00,G01,G,-26106420.82122249,-3204530.178446689,2767089.113552376,7.868087783717227e-06,-26106420.32227827,-3204531.098684592,2767087.8321945188,7.867765016805757e-06,-0.4989442258142014,0.920237902528726,1.2813578574755655,1.6545878932949358,3.2276691146954385e-10
2026-08-01 07:45:00,G01,G,-25588399.852832235,-3464096.1311966167,5575840.04130914,7.876257427258547e-06,-25588399.4657094,-3464096.954606133,5575838.675087417,7.87613847824135e-06,-0.3871228343977945,0.8234095170613691,1.366221723178913,1.6414716319770433,1.1894901719676686e-10
2026-08-01 08:00:00,G01,G,-24769305.78883667,-3765696.975205194,8286967.186938333,7.885100006268256e-06,-24769305.523515087,-3765697.8268166655,8286965.73028331,7.884511939676941e-06,-0.2653215837843272,0.8516114708754937,1.4566550237915648,1.708063669330201,5.880665913150718e-10
2026-08-01 08:15:00,G01,G,-23666383.353792,-4143578.507715016,10852606.778273324,7.89310810571983e-06,-23666383.2718264,-4143579.253829447,10852605.221018706,7.892885401112533e-06,-0.0819656005859125,0.7461144304331773,1.5572546173127648,1.7287125400487957,2.2270460729686447e-10
2026-08-01 08:30:00,G01,G,-22305128.78248928,-4628156.157760897,13227227.399509989,7.900913478989186e-06,-22305128.90516914,-4628156.725518197,13227225.96195556,7.901258862548124e-06,0.1226798616430041,0.5677573001414247,1.437554430085391,1.5504713605142018,-3.453835589373842e-10
2026-08-01 08:45:00,G01,G,-20718392.052243438,-5244582.857166276,15368508.790787917,7.908876643460177e-06,-20718392.299534258,-5244583.322535713,15368507.575728904,7.909632323983716e-06,0.2472908247041275,0.4653694367838527,1.2150590148898974,1.3244205806089604,-7.556805235389228e-10
2026-08-01 09:00:00,G01,G,-18945184.971366785,-6011524.221959671,17238169.611921865,7.917278899552513e-06,-18945185.359740067,-6011524.534819429,17238168.657995746,7.918005785419308e-06,0.3883732817572243,0.3128597577852918,0.953926119495726,1.076424672459955,-7.268858667957639e-10
2026-08-01 09:15:00,G01,G,-17029242.481995467,-6940195.272871824,18802724.440427225,7.925396111621583e-06,-17029242.951365262,-6940195.53836023,18802723.79377131,7.9263792468549e-06,0.4693697957007392,0.2654884061176092,0.6466559133080871,0.8419952310526103,-9.831352333173355e-10
2026-08-01 09:30:00,G01,G,-15017394.079235148,-8033705.27487147,20034150.076983534,7.933800472519065e-06,-15017394.68041644,-8033705.400970591,20034149.671312053,7.934752708290493e-06,0.6011812913872865,0.1260991209037807,0.4056714817462821,0.7361312957000373,-9.522357714289061e-10
2026-08-01 09:45:00,G01,G,-12957814.2453409,-9286739.492747849,20910442.780045487,7.942491580665447e-06,-12957814.9674806,-9286739.466433698,20910442.682058785,7.943126169726085e-06,0.7221397012070748,-0.0263141511938567,0.0979867014222272,0.7292321826881375,-6.345890606375987e-10
2026-08-01 10:00:00,G01,G,-10898224.041809576,-10685596.343386406,21416053.06530048,7.951398561159864e-06,-10898224.90886734,-10685596.185615852,21416053.258568555,7.951499631161677e-06,0.867057763722686,-0.1577705533636538,-0.1932680777720135,0.9022379193018588,-1.010700018130018e-10
2026-08-01 10:15:00,G01,G,-8884120.942741029,-12208578.984628515,21542185.203820337,7.959502947573382e-06,-8884121.944968972,-12208578.702224111,21542185.66916173,7.959873092597268e-06,1.0022279429777916,-0.2824044045084296,-0.4653413926363274,1.1405067773020785,-3.701450238862955e-10
2026-08-01 10:30:00,G01,G,-6957111.04413884,-13826725.844171977,21286955.17560568,7.968351819092738e-06,-6957112.193737985,-13826725.413754078,21286955.90705188,7.96824655403286e-06,1.14959914420986,-0.4304178997253173,-0.7314461984687077,1.428933624079971,1.0526505987710547e-10
2026-08-01 10:45:00,G01,G,-5153414.320318253,-15504848.984704845,20655403.677371427,7.977562572120587e-06,-5153415.505183525,-15504848.385232467,20655404.507175595,7.976620015468452e-06,1.1848652722026132,-0.5994723749893203,-0.8298041685416753,1.565837730984999,9.425566521352636e-10
2026-08-01 11:00:00,G01,G,-3502603.773528073,-17202835.464478858,19659364.582855,7.986792706684685e-06,-3502605.1212719167,-17202834.721874744,19659365.405299302,7.984993476904044e-06,1.347743843516564,-0.7426041152232391,-0.8224443025690018,1.7447890905526382,1.799229780640626e-09
2026-08-01 11:15:00,G01,G,-2026631.4500198725,-18877155.354782928,18317195.38478911,7.99548902967611e-06,-2026632.7552027488,-18877154.53424233,18317196.126957465,7.993366938339635e-06,1.305182876341704,-0.8205405971283954,-0.7421683563716889,1.7110239862231278,2.1220913364732764e-09
2026-08-01 11:30:00,G01,G,-739175.299638422,-20482511.5080947,16653377.904495854,8.003207007953677e-06,-739176.5715144575,-20482510.534847245,16653378.471420458,8.001740399775227e-06,1.2718760355408028,-0.9732474547712836,-0.5669246029465164,1.6989063433361582,1.466608178450723e-09
2026-08-01 11:45:00,G01,G,354666.635113398,-21973560.00546884,14698001.960183963,8.011894221873105e-06,354665.28961275145,-21973558.981913023,14698002.26940387,8.01011386121082e-06,1.3455006464985049,-1.0235558149075543,-0.3092199037234107,1.7186202154105128,1.780360662284672e-09
2026-08-01 12:00:00,G01,G,1258329.94971717,-23306630.88628932,12486147.564900236,8.02068396961015e-06,1258328.5224322742,-23306629.820138074,12486147.60183931,8.018487322646412e-06,1.4272848955663349,-1.0661512477072967,-0.0369390729895063,1.7819049220463343,2.1966469637378732e-09
2026-08-01 12:15:00,G01,G,1983393.4836922216,-24441376.54084574,10057183.187657006,8.0291499689095e-06,1983392.055621828,-24441375.43276805,10057182.966253988,8.026860784082004e-06,1.428070393782882,-1.1080776889737458,0.2214030188812846,1.8210547798378665,2.289184827496426e-09
2026-08-01 12:30:00,G01,G,2548867.190290021,-25342283.338803068,7453998.778128487,8.03732993224411e-06,2548865.750272508,-25342282.18521013,7453998.205052848,8.035234245517596e-06,1.4400175131596624,-1.1535929311319348,0.5730756390260892,1.9320566184791963,2.0956867265141715e-09
2026-08-01 12:45:00,G01,G,2980193.2731688945,-25979987.65577263,4722192.524158888,8.045553652948054e-06,2980191.952237393,-25979986.503741685,4722191.549900202,8.043607706953188e-06,1.3209315011616611,-1.152030945794866,0.974258685619056,2.005296815270593,1.945945994865725e-09
2026-08-01 13:00:00,G01,G,3308008.4314529723,-26332348.17295688,1909231.0887846677,8.053846236883343e-06,3308007.158587269,-26332347.05341804,1909229.918108997,8.05198116838878e-06,1.2728657038698965,-1.1195388426394417,1.1706756705585954,2.0601057851247555,1.8650684945640263e-09
2026-08-01 13:15:00,G01,G,3566719.440199944,-26385237.087940536,-936397.8616202952,8.063191545067455e-06,3566718.240989524,-26385236.028444637,-936399.3067783152,8.060354629824371e-06,1.1992104196718991,-1.059495901781751,1.4451580200555316,2.156181555313189,2.836915243083586e-09
2026-08-01 13:30:00,G01,G,3792954.2581199287,-26133025.91685319,-3766026.671057733,8.07185855088939e-06,3792953.132019809,-26133024.98032266,-3766028.25731342,8.068728091259963e-06,1.1261001200862275,-0.9365305316351662,1.586255686128372,2.159027100088754,3.130459629427548e-09
2026-08-01 13:45:00,G01,G,4023949.561936383,-25578754.181629192,-6531623.734193644,8.079528971447277e-06,4023948.5952822906,-25578753.331221707,-6531625.490892252,8.077101552695554e-06,0.9666540920990264,-0.8504074848659945,1.7566986083381564,2.1779814105324946,2.427418751722631e-09
2026-08-01 14:00:00,G01,G,4295938.722350254,-24733981.014214344,-9186575.29992147,8.088341277545592e-06,4295937.79077764,-24733980.15651572,-9186577.185623242,8.085475014131148e-06,0.9315726137709176,-0.8576986270788326,1.8857017720701803,2.271419301408155,2.866263414444027e-09
2026-08-01 14:15:00,G01,G,4642598.893870663,-23618332.18149164,-11686420.404215058,8.09649808525759e-06,4642598.060129084,-23618331.46674943,-11686422.299169438,8.09384847556674e-06,0.8337415792977574,-0.7147422051734089,1.8949543804577496,2.1901674696063957,2.649609690850608e-09
2026-08-01 14:30:00,G01,G,5093615.757836557,-22258766.233130552,-13989531.850105047,8.104895722176532e-06,5093615.025209869,-22258765.684165925,-13989533.642248446,8.102221937002331e-06,0.7326266877045413,-0.5489646272630978,1.7921433983197623,2.0124318586387333,2.6737851742005707e-09
2026-08-01 14:45:00,G01,G,5673413.610951379,-20688589.408176284,-16057737.333377533,8.11376909525525e-06,5673413.098569977,-20688589.0226664,-16057738.914061576,8.110595398437923e-06,0.5123814017942807,-0.3855098862643538,1.5806840437867546,1.7057885623940248,3.173696817326855e-09
2026-08-01 15:00:00,G01,G,6400095.585389415,-18946260.155955207,-17856876.241340414,8.121850085863556e-06,6400095.23456912,-18946259.89028687,-17856877.547194123,8.118968859873515e-06,0.3508202948843317,-0.2656683354104469,1.3058537107891433,1.3780088743271075,2.881225990041586e-09
2026-08-01 15:15:00,G01,G,7284626.777914823,-17074027.384967003,-19357289.605012152,8.130413412685321e-06,7284626.5738486815,-17074027.18939781,-19357290.63239948,8.127342321309107e-06,0.2040661418785562,-0.1955691957127968,1.0273873272824692,1.0655585487590835,3.071091376214738e-09
2026-08-01 15:30:00,G01,G,8330287.822916991,-15116451.541131198,-20534241.40862275,8.138355961246323e-06,8330287.872991028,-15116451.519739049,-20534242.19458013,8.135715782744698e-06,-0.0500740371763992,-0.0213921515607723,0.7859573857327773,0.7878413834874658,2.6401785016251103e-09
2026-08-01 15:45:00,G01,G,9532415.36150459,-13118860.77530615,-21368270.18214549,8.146995382069012e-06,9532415.530164553,-13118860.871667417,-21368270.66484585,8.14408924418029e-06,-0.1686599618687141,0.0963612652245591,0.4827003564031979,0.5203184700210135,2.9061378887213702e-09
2026-08-01 16:00:00,G01,G,10878435.512371289,-11125793.356911223,-21845469.50393168,8.155000032012085e-06,10878435.82043562,-11125793.532753102,-21845469.57247377,8.152462705615882e-06,-0.3080643343753128,0.1758418790272682,0.0685420887685265,0.3612783116472639,2.537326396202507e-09
2026-08-01 16:15:00,G01,G,12348191.325939937,-9179480.418471163,-21957696.5372555,8.16292130597087e-06,12348191.793282816,-9179480.7188806,-21957696.33199381,8.160836167051475e-06,-0.4673428807549152,0.3004094364720799,-0.2052616896693835,0.5922732131032991,2.0851389193958114e-09
2026-08-01 16:30:00,G01,G,13914551.678964846,-7318419.507735364,-21702708.093546744,8.171169706817731e-06,13914552.275242466,-7318419.959132452,-21702707.619922392,8.169209628487067e-06,-0.5962776210988818,0.4513970886191936,-0.4736243532667324,0.8852267286094316,1.9600783306637962e-09
2026-08-01 16:45:00,G01,G,15544283.015015136,-5576086.962795578,-21084220.06429492,8.17921919953426e-06,15544283.662359022,-5576087.558726022,-21084219.33889216,8.177583089922659e-06,-0.6473438873525156,0.5959304437739812,-0.7254027627746741,1.1403492318366557,1.6361096116021384e-09
2026-08-01 17:00:00,G01,G,17199155.95384421,-3979833.784420981,-20111889.48458612,8.187572356219258e-06,17199156.786530185,-3979834.551279536,-20111888.68154027,8.18595655135825e-06,-0.8326859769744936,0.7668585545996384,-0.8030458466058976,1.3879195260401795,1.6158048610083283e-09
2026-08-01 17:15:00,G01,G,18837252.343796648,-2550004.5465930696,-18801216.293154847,8.195974985745434e-06,18837253.230135344,-2550005.423012696,-18801215.46153847,8.194330012793842e-06,-0.8863386962266095,0.8764196264596068,-0.8316163751588392,1.498430325875918,1.6449729515910346e-09
2026-08-01 17:30:00,G01,G,20414427.21838008,-1299311.4494019176,-17173360.53489595,8.203919504506913e-06,20414428.219758198,-1299312.533559,-17173359.795054417,8.202703474229434e-06,-1.0013781145849086,1.0841570824783178,-0.7398415337065893,1.6509149593043375,1.2160302774791944e-09
2026-08-01 17:45:00,G01,G,21885879.7990958,-232490.40113268257,-15254874.100850131,8.212170050194333e-06,21885880.876878116,-232491.57413200664,-15254873.49500436,8.211076935665026e-06,-1.0777823100163682,1.1729993240427825,-0.6058457690003526,1.704286131435878,1.0931145293072611e-09
2026-08-01 18:00:00,G01,G,23207776.33929137,653746.6023552081,-13077343.692216424,8.220076854200273e-06,23207777.412456136,653745.3606666857,-13077343.25814307,8.219450397100618e-06,-1.0731647598384972,1.2416885223897982,-0.4340733542556213,1.6976138151147646,6.264570996557141e-10
2026-08-01 18:15:00,G01,G,24338867.96780265,1370453.6094654177,-10676945.057349447,8.228410099902626e-06,24338869.12873076,1370452.343845143,-10676944.92297744,8.22782385853621e-06,-1.1609281036909609,1.2656202745537968,-0.134372007002689,1.7226736712352253,5.862413664166097e-10
2026-08-01 18:30:00,G01,G,25242043.959710453,1935893.1237625352,-8093909.66151686,8.236830845293224e-06,25242045.1520766,1935891.788407908,-8093909.757730052,8.236197319971801e-06,-1.1923661441269042,1.3353546273027035,0.0962131920326242,1.7928095215721915,6.335253214231362e-10
2026-08-01 18:45:00,G01,G,25885758.77469565,2374692.759614126,-5371905.486153028,8.244142472017104e-06,25885759.963305347,2374691.453805104,-5371905.864434316,8.244570781407394e-06,-1.1886096982563068,1.3058090218086642,0.3782812880872144,1.805831373396412,-4.2830939029096927e-10
2026-08-01 19:00:00,G01,G,26245277.1459405,2716744.2700945865,-2557339.6109816656,8.252308277533333e-06,26245278.25992889,2716742.9678565077,-2557340.2801262764,8.252944242842986e-06,-1.1139883833674744,1.302238079477667,0.6691446109680854,1.8397142833350488,-6.359653096530563e-10
2026-08-01 19:15:00,G01,G,26303683.58979122,2995880.954508933,301410.8186772729,8.260897534527784e-06,26303684.631848823,2995879.682671414,301409.89462506794,8.261317704278578e-06,-1.0420576026769115,1.271837519103569,0.9240522049140768,1.886087802755439,-4.201697507928885e-10
2026-08-01 19:30:00,G01,G,26052612.01238948,3248383.1683247387,3154827.322047672,8.26902636789056e-06,26052612.98760706,3248381.95653144,3154826.1488697687,8.26969116571417e-06,-0.9752175802613514,1.2117932986390791,1.17317790304407,1.94829123071174,-6.647978236088721e-10
2026-08-01 19:45:00,G01,G,25492659.633782636,3511367.846024924,5953124.270245961,8.277956688913786e-06,25492660.514173567,3511366.780020708,5953122.995980468,8.278064627149761e-06,-0.8803909358016804,1.0660042156959186,1.2742654928632156,1.8802142787526008,-1.0793823597572824e-10
2026-08-01 20:00:00,G01,G,24633462.198654853,3821126.451584245,8647152.981204309,8.28545724329793e-06,24633462.908375792,3821125.471602704,8647151.604362397,8.286438088585353e-06,-0.7097209378902015,0.9799815411709478,1.3768419121780668,1.8329651611107312,-9.808452874234491e-10
2026-08-01 20:15:00,G01,G,23493420.724170063,4211478.307286089,11189315.219736705,8.294041383520465e-06,23493421.23936829,4211477.441448445,11189313.846298313,8.294811550020945e-06,-0.5151982214583047,0.8658376437311148,1.3734383903343443,1.703360515199247,-7.701665004794709e-10
2026-08-01 20:30:00,G01,G,22099085.201991357,4712210.083298202,13534467.64552798,8.30240884390482e-06,22099085.498921007,4712209.354061857,13534466.342415158,8.303185011456537e-06,-0.2969296548972299,0.729236344901344,1.3031128237726768,1.5225163047282153,-7.76167551717021e-10
2026-08-01 20:45:00,G01,G,20484214.803166877,5347667.828641291,15640794.260740058,8.310476086512351e-06,20484214.962726623,5347667.148977311,15640793.111201229,8.31155847289213e-06,-0.1595597508277997,0.6796639796215772,1.1495388306037646,1.3449319545408756,-1.0823863797788595e-09
2026-08-01 21:00:00,G01,G,18688550.1630004,6135563.800363255,17470626.08232894,8.319982992746107e-06,18688550.14007652,6135563.223303221,17470625.23554946,8.319931934327722e-06,0.0229238840216571,0.5770600338448488,0.8467794808301442,1.0249679391447446,5.105841838478719e-11
2026-08-01 21:15:00,G01,G,16756344.694182536,7086053.160601106,18991187.144609444,8.328471391214534e-06,16756344.5274789,7086052.758212379,18991186.58387336,8.328305395763314e-06,0.1667036350921371,0.4023887259714269,0.5607360866051794,0.7100223570868256,1.6599545121997748e-10
2026-08-01 21:30:00,G01,G,14734716.100254305,8201122.286758757,20175246.442245577,8.335994778155523e-06,14734715.83475796,8201122.004753978,20175246.07893465,8.336678857198905e-06,0.2654963410056604,0.282004778969671,0.3633109203586552,0.5310459747526386,-6.840790433824707e-10
2026-08-01 21:45:00,G01,G,12671885.531687813,9474318.001918936,21001659.29755093,8.344114215400069e-06,12671885.141317952,9474317.843985822,21001659.253844514,8.345052318634497e-06,0.3903698592536403,0.1579331133118056,0.0437064174996938,0.4233695149921923,-9.381032344289471e-10
2026-08-01 22:00:00,G01,G,10615378.548578387,10890832.791874684,21455784.621804245,8.352501971368894e-06,10615378.028892014,10890832.77554726,21455784.788332283,8.353425780070089e-06,0.519686373149229,0.0163274233137398,-0.1665280400978132,0.545959796439156,-9.238087011939393e-10
2026-08-01 22:15:00,G01,G,8610264.439910155,12427943.2978915,21529764.88917271,8.36122655232308e-06,8610263.77174429,12427943.460033244,21529765.2565302,8.36179924150568e-06,0.6681658637818851,-0.1621417440027151,-0.367357488372835,0.7795428730578148,-5.72689182600445e-10
2026-08-01 22:30:00,G01,G,6697507.812941919,14055784.565655388,21222664.75537574,8.369642172099384e-06,6697507.003542759,14055784.903472085,21222665.28513937,8.370172702941272e-06,0.8093991598911543,-0.3378166967617299,-0.5297636348924911,1.0246446357142642,-5.305308418883378e-10
2026-08-01 22:45:00,G01,G,4912501.994587478,15738426.627536632,20540463.86953327,8.37829442716603e-06,4912501.002594788,15738427.194924532,20540464.539466742,8.378546164376864e-06,0.991992690225596,-0.5673879003530399,-0.6699334758828788,1.3246846375785302,-2.517372108349381e-10
2026-08-01 23:00:00,G01,G,3283844.045134005,17435207.50822358,19495906.515827887,8.386907339625441e-06,3283843.142579837,17435208.207655534,19495907.23278548,8.386919625812456e-06,0.9025541682323294,-0.6994319562868371,-0.716957593912976,1.3482719605251263,-1.2286187014815339e-11
2026-08-01 23:15:00,G01,G,1832402.6511339815,19102263.723509517,18108213.30393486,8.395321254722131e-06,1832401.6397194583,19102264.560509864,18108213.997826517,8.39529308724805e-06,1.0114145235685634,-0.8370003531828994,-0.6938916513447714,1.4849291409086482,2.816747408228544e-11
2026-08-01 23:30:00,G01,G,570710.1432127382,20694194.07901156,16402665.264213322,8.404212826619217e-06,570709.145411484,20694194.964771364,16402665.782862997,8.403666548683641e-06,0.9978012542149858,-0.8857598045838552,-0.5186496752205775,1.4314940656306747,5.462779355757589e-10
2026-08-01 23:45:00,G01,G,-497295.3406419338,22165784.24015284,14410072.300771128,8.412940525321431e-06,-497296.24562803656,22165785.219274014,14410072.773280395,8.412040010119233e-06,0.9049861027457832,-0.9791211826300884,-0.4725092669114173,1.4145469747431896,9.005152021978978e-10
2026-08-02 00:00:00,G01,G,-1376176.6568969325,23473721.603512038,12166143.769651895,8.42133702653775e-06,-1376177.5516461283,23473722.71997482,12166144.056474091,8.420413471554825e-06,0.8947491957205592,-1.116462786874438,-0.2868221984085832,1.4592231670371594,9.235549829253519e-10
2026-08-02 00:15:00,G01,G,-2078562.4693389344,24578229.19309385,9710775.737000275,8.429719300165964e-06,-2078563.300112536,24578230.364248507,9710775.74439446,8.428786932990416e-06,0.8307736017675648,-1.171154650711294,-0.0073941840463047,1.4359117895031908,9.323671755482968e-10
2026-08-02 00:30:00,G01,G,-2624393.5277019744,25444553.75657916,7087276.706232948,8.438752925215674e-06,-2624394.312098981,25444554.900418296,7087276.4880827125,8.437160394426008e-06,0.7843970065215187,-1.1438391339075933,0.2181502353598736,1.4040071770777958,1.5925307896655774e-09
2026-08-02 00:45:00,G01,G,-3039889.248814066,26044251.494932503,4341550.336441749,8.44697156093265e-06,-3039890.0094215395,26044252.6745272,4341549.752091716,8.4455338558616e-06,0.7606074734063624,-1.1795946920542275,0.5843500329488278,1.5203395433689852,1.4377050710502095e-09
2026-08-02 01:00:00,G01,G,-3356281.05315264,26356224.62741805,1521252.7269251086,8.455566418044061e-06,-3356281.7601563083,26356225.80407926,1521251.8995454847,8.453907317297191e-06,0.7070036684427679,-1.17666120788517,0.8273796238372824,1.602792197159208,1.6591007468696392e-09
2026-08-02 01:15:00,G01,G,-3608367.977657152,26367472.353093646,-1325054.7608416274,8.464198569118067e-06,-3608368.601659397,26367473.425822537,-1325055.8509925937,8.462280778732783e-06,0.6240022446426686,-1.0727288913869093,1.0901509662061493,1.6518338914235526,1.9177903852837922e-09
2026-08-02 01:30:00,G01,G,-3832955.2185065993,26073534.198329587,-4148743.766027041,8.472649234538432e-06,-3832955.7704911577,26073535.15484804,-4148745.083366749,8.470654240168377e-06,0.55198455843116,-0.9565184538461746,1.3173397086385303,1.719010882237389,1.994994370055734e-09
2026-08-02 01:45:00,G01,G,-4067238.396198959,25478615.67903061,-6901931.531713454,8.48059703979387e-06,-4067238.819181264,25478616.607937947,-6901932.907188583,8.479027701603968e-06,0.4229823051937197,-0.928907336017756,1.3754751291341565,1.712809008699225,1.5693381899024252e-09
2026-08-02 02:00:00,G01,G,-4347195.577067657,24595398.377855755,-9538255.957673855,8.488606963043632e-06,-4347195.853130668,24595399.200103357,-9538257.420401849,8.48740116303956e-06,0.2760630105932917,-0.8222475998561396,1.4627279907930184,1.7005514036148377,1.2058000040718035e-09
2026-08-02 02:15:00,G01,G,-4706047.722602674,23444547.1695768,-12013604.49421102,8.497369394198339e-06,-4706047.837902024,23444547.929489087,-12013605.903552927,8.495774624475152e-06,0.1152993503068138,-0.7599122901429906,1.4093419076934972,1.6053053421927816,1.594769723187504e-09
2026-08-02 02:30:00,G01,G,-5172842.4592649015,22053940.457188237,-14286786.780485164,8.506585327804893e-06,-5172842.349466784,22053941.14727321,-14286787.997292634,8.504148085910744e-06,-0.1097981171733613,-0.6900849754631948,1.216807471796418,1.4031725921334284,2.43724189414997e-09
2026-08-02 02:45:00,G01,G,-5771210.254190781,20457654.462664925,-16320147.07597562,8.51493875060425e-06,-5771209.951144832,20457655.1126058,-16320148.175986102,8.512521547346335e-06,-0.3030459490692491,-0.6499408725884228,1.1000104806095528,1.3131195842569483,2.417203257913322e-09
2026-08-02 03:00:00,G01,G,-6518335.435356021,18694742.82937666,-18080112.72694249,8.522926247892842e-06,-6518334.969347134,18694743.32051157,-18080113.583046906,8.520895008781927e-06,-0.4660088871467828,-0.4911349064693161,0.8561044090974145,1.0914634847435072,2.031239110915358e-09
2026-08-02 03:15:00,G01,G,-7424174.715908771,16807855.763222482,-19537674.049523395,8.531157478273635e-06,-7424174.168324566,16807856.1245538,-19537674.66058679,8.529268470217519e-06,-0.5475842046730244,-0.3613313157145723,0.6110633955072786,0.8965529846318606,1.889008056115585e-09
2026-08-02 03:30:00,G01,G,-8490948.708603324,14841749.940188408,-20668796.66101236,8.539414633669696e-06,-8490948.006795473,14841750.092306204,-20668796.947922647,8.53764193165311e-06,-0.7018078513101065,-0.1521177967259534,0.2869102876561297,0.7732991642334744,1.772702016585869e-09
2026-08-02 03:45:00,G01,G,-9712920.903009113,12841738.903924702,-21454762.96900631,8.547768236167176e-06,-9712920.052531011,12841738.913484905,-21454762.94038401,8.546015393088702e-06,-0.8504780997609445,-0.0095602022992376,-0.0286222991153459,0.8510132969863854,1.7528430784728184e-09
2026-08-02 04:00:00,G01,G,-11076471.8194389,10852138.77028505,-21882443.33806012,8.556450797677386e-06,-11076470.931163345,10852138.630051374,-21882443.02939302,8.554388854524296e-06,-0.8882755553655972,0.1402336749778089,-0.3086670975236335,0.950775642805129,2.061943153090633e-09
2026-08-02 04:15:00,G01,G,-12560465.04321944,8914759.8483066,-21944494.96858321,8.564646636157808e-06,-12560464.038662592,8914759.571495574,-21944494.35829501,8.562762315959888e-06,-1.0045568476108444,0.2768110258771938,-0.6102882014648412,1.207563867038184,1.8843201979212844e-09
2026-08-02 04:30:00,G01,G,-14136892.337231183,7067496.186294031,-21639486.87996309,8.572785331407342e-06,-14136891.265262116,7067495.730778181,-21639486.024660032,8.57113577739548e-06,-1.0719690669337965,0.4555158502782029,-0.8553030578674199,1.4450452211314868,1.6495540118628844e-09
2026-08-02 04:45:00,G01,G,-15771779.370796062,5343060.0382287735,-20971949.597195603,8.581147489689949e-06,-15771778.261499217,5343059.449290507,-20971948.55689785,8.579509238831071e-06,-1.1092968447352682,0.5889382672074305,-1.0402977524915449,1.630830213774528,1.6382508588770222e-09
2026-08-02 05:00:00,G01,G,-17426321.671693236,3767906.012496897,-19952346.147527684,8.589390086814393e-06,-17426320.43336439,3767905.2039401503,-19952345.11930492,8.587882700266663e-06,-1.238328846163422,0.8085567464562079,-1.0282227654947849,1.801239683929383,1.507386547729312e-09
2026-08-02 05:15:00,G01,G,-19058214.21420817,2361381.950778934,-18596962.62195128,8.597750662139288e-06,-19058213.021526992,2361380.9963862905,-18596961.5835323,8.596256161702255e-06,-1.192681179999581,0.9543926437598664,-1.03841898241123,1.8470700307839207,1.4945004370325022e-09
2026-08-02 05:30:00,G01,G,-20623132.747573134,1135140.3649992335,-16927713.525538877,8.606588727469216e-06,-20623131.48097058,1135139.3207503352,-16927712.564473547,8.604629623137846e-06,-1.2666025516959687,1.044248898270539,-0.9610653285734824,1.902205128604176,1.959104331369577e-09
2026-08-02 05:45:00,G01,G,-22076313.45335533,92833.07608537911,-14971861.605760211,8.614231244091852e-06,-22076312.163422804,92831.93923449704,-14971860.85381495,8.613003084573438e-06,-1.28993252806333,1.1368508820851746,-0.7519452605603933,1.8766399574593235,1.2281595184136123e-09
2026-08-02 06:00:00,G01,G,-23374179.520603437,-769894.9576099803,-12761648.990067516,8.623107020416428e-06,-23374178.29269985,-769896.22188289,-12761648.466163397,8.621376546009031e-06,-1.227903580379014,1.264272909738158,-0.5239041211324811,1.838643173958718,1.730474407397109e-09
2026-08-02 06:15:00,G01,G,-24475953.91245216,-1465107.385079531,-10333839.026992792,8.630654018158951e-06,-24475952.72099735,-1465108.707504104,-10333838.777364172,8.629750007444623e-06,-1.1914548090732069,1.3224245728209,-0.2496286196098803,1.7974108491362082,9.040107143281595e-10
2026-08-02 06:30:00,G01,G,-25345198.44618492,-2011978.800440048,-7729170.926371439,8.638914377228377e-06,-25345197.278479077,-2011980.1513341495,-7729170.979886581,8.638123468880215e-06,-1.1677058481498896,1.35089410157848,0.0535151414614396,1.7864253949853657,7.909083481625294e-10
2026-08-02 06:45:00,G01,G,-25951220.1117394,-2435915.3132408536,-4991729.976919428,8.647231708569444e-06,-25951218.971939016,-2435916.650692529,-4991730.262730092,8.646496930315807e-06,-1.1398003815890827,1.3374516756435324,0.2858106638727822,1.7803397513215593,7.347782536382418e-10
2026-08-02 07:00:00,G01,G,-26270287.125121526,-2767420.780676314,-2168239.063709424,8.654809320870897e-06,-26270286.084359568,-2767422.1109690387,-2168239.6603868734,8.654870391751398e-06,-1.0407619602849838,1.330292724476844,0.5966774495197912,1.791336978219818,-6.1070880501706e-11
2026-08-02 07:15:00,G01,G,-26286603.445301108,-3040748.5166885247,692718.5011480467,8.663073463619082e-06,-26286602.51420225,-3040749.826879494,692717.7111122225,8.66324385318699e-06,-0.9310988597955162,1.3101909691616236,0.7900358241381006,1.7910058810084215,-1.7038956790747522e-10
2026-08-02 07:30:00,G01,G,-25992997.181069337,-3292387.446518924,3541535.4051551404,8.671086162552245e-06,-25992996.482351683,-3292388.6808857345,3541534.4494097843,8.671617314622582e-06,-0.6987176531856896,1.2343668106823766,0.9557453560672128,1.710355801531232,-5.311520703357647e-10
2026-08-02 07:45:00,G01,G,-25391290.49849249,-3559440.7220107825,6328459.413426437,8.679703379772032e-06,-25391289.88579693,-3559441.926205512,6328458.321837024,8.679990776058174e-06,-0.6126955599076243,1.2041947298173663,1.0915894135122808,1.7369652397623052,-2.8739628614204025e-10
2026-08-02 08:00:00,G01,G,-24492327.23909564,-3877961.9537461647,9004499.635028223,8.687405722638591e-06,-24492326.787190627,-3877963.0155207594,9004498.470290521,8.688364237493765e-06,-0.4519050079957599,1.0617745937741996,1.1647377005865878,1.6395723025849596,-9.585148551737187e-10
2026-08-02 08:15:00,G01,G,-23315653.61926779,-4281315.851336122,11522340.480929071,8.695486765276956e-06,-23315653.33412071,-4281316.8343933765,11522339.326882947,8.696737698929357e-06,-0.2851470838347351,0.9830572551310628,1.154046123848073,1.5425734608938515,-1.2509336524005007e-09
2026-08-02 08:30:00,G01,G,-21888856.24806888,-4798634.67031315,13837242.679795325,8.703836667940253e-06,-21888856.193257228,-4798635.60958206,13837241.643177131,8.70511116036495e-06,-0.0548116481514071,0.9392689099000924,1.0366181902049854,1.3999313105084266,-1.2744924246980275e-09
2026-08-02 08:45:00,G01,G,-20246581.53434723,-5453435.699735303,15907910.071314877,8.71231417841063e-06,-20246581.642632622,-5453436.448422985,15907909.168371772,8.713484621800542e-06,0.1082853971450192,0.748687681752503,0.9029431031752146,1.1779495827982105,-1.1704433899114896e-09
2026-08-02 09:00:00,G01,G,-18429271.7203555,-6262461.281678128,17697300.000271566,8.720972878690883e-06,-18429272.002608467,-6262461.871110996,17697299.424705274,8.721858083236134e-06,0.2822529667467914,0.5894328679033976,0.5755662916297014,0.8708469435340266,-8.852045452502812e-10
2026-08-02 09:15:00,G01,G,-16481668.887799012,-7234795.511720602,19173358.020216327,8.729565853448816e-06,-16481669.300166553,-7234795.968750909,19173357.767954595,8.730231544671726e-06,0.4123675382099143,0.4570303061820172,0.2522617305123917,0.6652515825003651,-6.656912229086378e-10
2026-08-02 09:30:00,G01,G,-14451146.604682816,-8371297.00695235,20309655.33642487,8.73747572089676e-06,-14451147.191726988,-8371297.304387956,20309655.48787502,8.738605006107318e-06,0.5870441711095209,0.2974356059357015,-0.1514501482329477,0.6752969316617574,-1.1292852105573246e-09
2026-08-02 09:45:00,G01,G,-12385939.82569918,-9664375.80336899,21085914.60006194,8.74604354197844e-06,-12385940.554510929,-9664375.907174429,21085915.052259423,8.74697846754291e-06,0.7288117470933464,0.103805437868867,-0.4521974838932928,0.8639587351672694,-9.349255644709954e-10
2026-08-02 10:00:00,G01,G,-10333346.46550564,-11098126.49506548,21488407.887018133,8.75482614577048e-06,-10333347.281472456,-11098126.383406028,21488408.63983713,8.755351928978501e-06,0.8159668156295563,-0.1116594495755196,-0.7528190003033908,1.1157984244951875,-5.257832080220154e-10
2026-08-02 10:15:00,G01,G,-8337977.358672168,-12648813.398981282,21510218.6511118,8.763338802244132e-06,-8337978.3537634,-12648813.087319292,21510219.71383736,8.763725390414093e-06,0.9950912310990334,-0.3116619895190342,-1.0627255629997137,1.4888671452396989,-3.865881699612688e-10
2026-08-02 10:30:00,G01,G,-6440129.069086427,-14285687.757784571,21151360.115524437,8.772081701875229e-06,-6440130.104990361,-14285687.32349272,21151361.400886185,8.772098851849686e-06,1.035903934180592,-0.4342918528615706,-1.2853617501151051,1.7070035743875085,-1.7149974457419852e-11
2026-08-02 10:45:00,G01,G,-4674345.688058464,-15972102.097187033,20418748.32043884,8.780793029041226e-06,-4674346.843956684,-15972101.556053182,20418749.67811114,8.780472313285278e-06,1.1558982199584609,-0.5411338513698012,-1.357672298392832,1.863384182026006,3.2071575594708263e-10
2026-08-02 11:00:00,G01,G,-3068231.7645508647,-17666873.038934078,19326032.205643456,8.789458455651761e-06,-3068232.994078261,-17666872.383264676,19326033.64225412,8.78884577472087e-06,1.2295273962767617,-0.6556694009748705,-1.4366106623413886,2.0013720735342595,6.126809308912874e-10
2026-08-02 11:15:00,G01,G,-1641560.8007507315,-19325834.026198447,17893287.865787018,8.7976503285007e-06,-1641562.1577459928,-19325833.291145638,17893289.24485584,8.797219236156462e-06,1.3569952612748064,-0.7350528130103164,-1.379068820861918,2.069678619909415,4.310923442389583e-10
2026-08-02 11:30:00,G01,G,-405715.333494777,-20903511.397986997,16146585.390154766,8.806517999760956e-06,-405716.6967103835,-20903510.45839388,16146586.64413181,8.805592697592053e-06,1.363215606463302,-0.9395931174812622,-1.2539770436894713,2.076932941195611,9.253021689024819e-10
2026-08-02 11:45:00,G01,G,636525.0741098939,-22354851.498663288,14117443.523096029,8.815115950042542e-06,636523.6851350255,-22354850.4859464,14117444.584954798,8.813966159027645e-06,1.3889748683397596,-1.0127168850290256,-1.0618587687993633,2.020492692136857,1.1497910148967251e-09
2026-08-02 12:00:00,G01,G,1490842.7899591029,-23636929.144557487,11842187.088801991,8.823598746382152e-06,1490841.4330574106,-23636927.99618409,11842187.84179006,8.822339620463237e-06,1.356901692149044,-1.1483733968156522,-0.7529880659274802,1.9305270493054647,1.2591259189163086e-09
2026-08-02 12:15:00,G01,G,2170902.352076863,-24710564.61780959,9361225.191536454,8.832621310852536e-06,2170900.9835507385,-24710563.50569969,9361225.652108274,8.830713081898829e-06,1.3685261242789588,-1.1121099004604371,-0.4605718200330818,1.822574713131041,1.9082289537079606e-09
2026-08-02 12:30:00,G01,G,2697556.694647595,-25541788.617970087,6718270.056608085,8.841041238403777e-06,2697555.31431858,-25541787.542269595,6718270.179917693,8.83908654333442e-06,1.3803290153836565,-1.075700492752736,-0.1233096080850981,1.7543218063583983,1.954695069357013e-09
2026-08-02 12:45:00,G01,G,3097779.147530291,-26103096.333475944,3959514.615883027,8.849793938030666e-06,3097777.8745735944,-26103095.206092536,3959514.376923816,8.847460004770012e-06,1.272956696684673,-1.127383407030145,0.2389592108791439,1.7171236421834146,2.3339332606547024e-09
2026-08-02 13:00:00,G01,G,3403369.884174528,-26374446.867101684,1132788.7874164083,8.858384658899458e-06,3403368.620195033,-26374445.69852889,1132788.194307921,8.855833466205604e-06,1.2639794953119154,-1.16857279883955,0.5931084873948843,1.820709814488984,2.551192693854405e-09
2026-08-02 13:15:00,G01,G,3649491.542499691,-26343974.11332308,-1713288.1525969768,8.867413835108537e-06,3649490.339112236,-26343973.11484116,-1713288.9751811177,8.864206927641197e-06,1.2033874544039571,-0.9984819219851636,0.8225841407801319,1.766848092681148,3.2069074673410053e-09
2026-08-02 13:30:00,G01,G,3873097.301934805,-26008388.321267266,-4530142.339790371,8.876111243795365e-06,3873096.1695874864,-26008387.353919014,-4530143.35857598,8.872580389076789e-06,1.1323473181145878,-0.967348246371523,1.0187856088346925,1.80441048416596,3.5308547185770583e-09
2026-08-02 13:45:00,G01,G,4111312.1956744255,-25373057.510652803,-7270053.878090108,8.884538145619743e-06,4111311.202983471,-25373056.69643905,-7270055.110391705,8.88095385051238e-06,0.9926909552504468,-0.8142137522349342,1.2323015977588272,1.7795916932834603,3.584295107362535e-09
2026-08-02 14:00:00,G01,G,4399831.313564783,-24451776.673948582,-9886926.663372004,8.893383538824138e-06,4399830.483614315,-24451775.869506948,-9886927.855146628,8.889327311947972e-06,0.8299504676944217,-0.8044416340871698,1.1917746225666683,1.6602020577245864,4.0562268761662684e-09
2026-08-02 14:15:00,G01,G,4771393.602727277,-23266235.48108262,-12337008.748213489,8.902179287858679e-06,4771392.845361313,-23266234.77517765,-12337009.772710191,8.897700773383564e-06,0.7573659642435513,-0.7059049658515065,1.0244967027687777,1.4565364803507248,4.478514475115263e-09
2026-08-02 14:30:00,G01,G,5254385.765923259,-21845213.762792043,-14579557.851941152,8.910532977837324e-06,5254385.207510292,-21845213.15374722,-14579558.774109095,8.906074234819156e-06,0.5584129671284183,-0.6090448232350167,0.9221679425763296,1.2382061027478413,4.4587430181689555e-09
2026-08-02 14:45:00,G01,G,5871625.958932512,-20223535.562317908,-16577445.568324154,8.919313629893146e-06,5871625.576891311,-20223535.04340368,-16577446.340461647,8.914447696254748e-06,0.3820412016331613,-0.5189142301737013,0.7721374943245394,1.0056956637889285,4.865933638397958e-09
2026-08-02 15:00:00,G01,G,6639365.724225021,-18440824.20857077,-18297695.691132467,8.927525178840518e-06,6639365.456282545,-18440823.862789568,-18297696.301471826,8.92282115769034e-06,0.2679424762273624,-0.3457812039409582,0.6103393576640807,0.750914071701624,4.704021150177865e-09
2026-08-02 15:15:00,G01,G,7566544.099180305,-16540104.392420998,-19711955.74042416,8.936085989957441e-06,7566543.99722376,-16540104.255451258,-19711956.14025381,8.931194619125933e-06,0.1019565454109019,-0.1369697401600943,0.3998296530096217,0.4347638419848683,4.8913708315085185e-09
2026-08-02 15:30:00,G01,G,8654317.31306453,-14566300.537780087,-20796899.188789967,8.94498491763355e-06,8654317.366139948,-14566300.539370432,-20796899.294267666,8.939568080561525e-06,-0.0530754173817516,0.0015903452824949,0.105477699572431,0.1180892638450114,5.416837072024066e-09
2026-08-02 15:45:00,G01,G,9895877.4829261,-12564683.68275052,-21534557.55292541,8.952771245853855e-06,9895877.663636776,-12564683.788087163,-21534557.38308648,8.947941541997116e-06,-0.1807106763502453,0.105336644077054,-0.1698389363406819,0.2694390866777003,4.829703856738082e-09
2026-08-02 16:00:00,G01,G,11276566.221436266,-10579320.16460014,-21912581.87893774,8.960985637328205e-06,11276566.536884973,-10579320.334916469,-21912581.37517194,8.956315003432708e-06,-0.3154487078035438,0.1703163275929265,-0.503765797684609,0.6183005075337373,4.6706338954974285e-09
2026-08-02 16:15:00,G01,G,12774279.10761432,-8651573.646996755,-21924431.26674458,8.969049118420968e-06,12774279.494452132,-8651573.932916567,-21924430.4833063,8.9646884648683e-06,-0.386837811920143,0.2859198118120599,-0.7834382807956525,0.9193308280123405,4.360653552669258e-09
2026-08-02 16:30:00,G01,G,14360147.478554305,-6818711.476835262,-21569488.143287685,8.977377012168726e-06,14360147.98090981,-6818711.990455473,-21569487.15373115,8.973061926303892e-06,-0.502355504605385,0.5136202108567269,-0.9895565351660592,1.2228609529695909,4.315085864834595e-09
2026-08-02 16:45:00,G01,G,15999476.997453038,-5112662.545042302,-20853097.127446417,8.985479760821268e-06,15999477.59445892,-5112663.27314889,-20853096.007474974,8.981435387739483e-06,-0.5970058816856639,0.728106587179963,-1.1199714429126577,1.4631784778358348,4.044373081785063e-09
2026-08-02 17:00:00,G01,G,17652911.819998793,-3558969.3061696254,-19786525.28266499,8.993809183752097e-06,17652912.546488773,-3558970.225185803,-19786524.132701267,8.989808849175075e-06,-0.7264899793993174,0.9190161779388892,-1.149963721231339,1.641583073021056,4.000334577021035e-09
2026-08-02 17:15:00,G01,G,19277787.926296283,-2175972.6209282745,-18386840.998285428,9.001927266653085e-06,19277788.710898016,-2175973.605226217,-18386839.84185697,8.998182310610667e-06,-0.7846017349421697,0.9842979422550572,-1.1564284541258218,1.709318311817211,3.744956042417973e-09
2026-08-02 17:30:00,G01,G,20829629.703967266,-974259.3903225944,-16676708.134517336,9.010172277852708e-06,20829630.581516463,-974260.4426066336,-16676707.013378672,9.006555772046259e-06,-0.8775492021864708,1.0522840390341996,-1.121138664184667,1.7704084854614823,3.616505806449011e-09
2026-08-02 17:45:00,G01,G,22263740.491912767,43602.78989204885,-14684093.410941726,9.018047767920937e-06,22263741.386078693,43601.58941205777,-14684092.530468408,9.014929233481852e-06,-0.8941659254500389,1.2004799910805732,-0.8804733177383707,1.7366399092701836,3.1185344390845103e-09
2026-08-02 18:00:00,G01,G,23536829.83303128,883030.6563833845,-12441885.82281938,9.025622368098947e-06,23536830.777305145,883029.3539636005,-12441885.175801504,9.023302694917444e-06,-0.9442738668306512,1.3024197839944982,-0.6470178780462721,1.7339499888494727,2.319673181503243e-09
2026-08-02 18:15:00,G01,G,24608620.33003492,1557086.3847684746,-9987426.00817757,9.033985197221368e-06,24608621.246934813,1557085.0467553046,-9987425.672441494,9.031676156353035e-06,-0.9168998951127248,1.3380131699954594,-0.3357360760816268,1.6564128028730376,2.309040868332953e-09
2026-08-02 18:30:00,G01,G,25443372.10312274,2085840.8832716928,-7361949.435056047,9.042250129234642e-06,25443373.00210986,2085839.5616294155,-7361949.369713916,9.040049617788627e-06,-0.8989871199942723,1.3216422770185934,-0.0653421314605067,1.5997455249077244,2.2005114460152753e-09
2026-08-02 18:45:00,G01,G,26011266.935796328,2495457.948754215,-4609945.030924019,9.050661181322537e-06,26011267.7922116,2495456.7448966065,-4609945.309537523,9.04842307922422e-06,-0.8564152672794776,1.203857608748045,0.2786135040276035,1.5034446237878134,2.2381020983173333e-09
2026-08-02 19:00:00,G01,G,26289594.454821005,2817029.4212475475,-1778437.501583987,9.059390796030936e-06,26289595.30084848,2817028.275285438,-1778437.9857766067,9.05679654065981e-06,-0.8460274763956676,1.1459621089024046,0.4841926200299352,1.504471381963752,2.5942553711262006e-09
2026-08-02 19:15:00,G01,G,26263690.54594172,3085200.935906991,1083799.7987072852,9.067278918275017e-06,26263691.34508813,3085199.86841434,1083799.0958617374,9.065170002095402e-06,-0.7991464146566406,1.06749265135578,0.7028455477170465,1.5073710282152937,2.108916179614362e-09
2026-08-02 19:30:00,G01,G,25927584.44001612,3336640.370056695,3927086.9274505214,9.075665473287031e-06,25927585.244051658,3336639.446921976,3927086.086434221,9.073543463530994e-06,-0.804035535280273,0.9231347194344984,0.841016300832702,1.4852472085431323,2.122009756039221e-09
2026-08-02 19:45:00,G01,G,25284323.505760957,3608407.133454199,6701721.895106825,9.084584220740846e-06,25284324.16999021,3608406.254761773,6701720.954714602,9.081916924966588e-06,-0.6642292599378066,0.8786924255624429,0.9403922232464874,1.4483226236031828,2.6672957742581075e-09
2026-08-02 20:00:00,G01,G,24345954.160006568,3936286.8616276863,9358888.87822418,9.092810483098854e-06,24345954.751489952,3936286.065343561,9358887.909936074,9.09029038640218e-06,-0.5914833848509407,0.7962841253868785,0.9682881050172572,1.3861828368638038,2.520096696675239e-09
2026-08-02 20:15:00,G01,G,23133155.71485712,4353161.752359676,11851571.688560408,9.10118108488054e-06,23133156.17542368,4353161.148177923,11851570.798647365,9.098663847837773e-06,-0.4605665659146733,0.6041817539327865,0.88991304483157,1.170086484318629,2.517237042769596e-09
2026-08-02 20:30:00,G01,G,21674533.52547841,4887484.600782737,14135451.524301544,9.10999174859595e-06,21674533.90634914,4887484.144861332,14135450.71678212,9.107037309273365e-06,-0.3808707241831863,0.4559214045334832,0.8075194223209382,1.002504091301951,2.954439322587534e-09
2026-08-02 20:45:00,G01,G,20005597.92506736,5561922.624856573,16169767.016122453,9.117919574401478e-06,20005598.177362964,5561922.247390146,16169766.312884092,9.115410770708956e-06,-0.2522956062916404,0.3774664265917138,0.7032383598092145,0.8370652106408069,2.50880369252395e-09
2026-08-02 21:00:00,G01,G,18167465.664009925,6392232.236142296,17918115.732727416,9.126073549662495e-06,18167465.81211531,6392232.0412607575,17918115.28254915,9.123784232144546e-06,-0.1481053854221444,0.1948815390344532,0.4501782651929483,0.5124202278400137,2.289317517950145e-09
2026-08-02 21:15:00,G01,G,16205336.938457588,7386416.212715995,19349176.577118285,9.134663448432235e-06,16205336.913652863,7386416.245900726,19349176.40780815,9.132157693580138e-06,0.0248047239664591,-0.0331847311748558,0.1693101339566657,0.1743055425814789,2.505754852099167e-09
2026-08-02 21:30:00,G01,G,14166808.893245447,8544201.54948254,20437333.07531436,9.142934445359866e-06,14166808.751731366,8544201.730184093,20437333.172669876,9.14053115501573e-06,0.1415140823192547,-0.1807015544935218,-0.0973555141750772,0.2493138251909221,2.4032903441364483e-09
2026-08-02 21:45:00,G01,G,12100097.369138148,9856863.76462405,21163182.06359052,9.15172839183902e-06,12100097.151262132,9856864.159735288,21163182.435708527,9.148904616451322e-06,0.2178760161142183,-0.3951112358817035,-0.3721180084386693,0.584854391555823,2.8237753876976154e-09
2026-08-02 22:00:00,G01,G,10052240.715180716,11307408.579084791,21513914.102349937,9.160121862976552e-06,10052240.339916252,11307409.155530004,21513914.76764089,9.157278077886912e-06,0.3752644627050451,-0.5764452128864835,-0.665290956525747,0.9569349806878172,2.843785089638659e-09
2026-08-02 22:15:00,G01,G,8067361.811335244,12871103.021729108,21483555.878606614,9.168353965888277e-06,8067361.254057949,12871103.72623248,21483556.733911905,9.165651539322503e-06,0.5572772949870662,-0.7045033715427216,-0.8553052927550692,1.240334683800303,2.7024265657702727e-09
2026-08-02 22:30:00,G01,G,6185062.259746208,14516335.057597077,21073068.47327145,9.177783207756424e-06,6185061.646546228,14516335.84753799,21073069.456987582,9.1740250007581e-06,0.6131999802495885,-0.7899409137090313,-0.9837161339793368,1.4027538255805283,3.758206998326061e-09
2026-08-02 22:45:00,G01,G,4439015.836846064,16205764.393924264,20290300.912671965,9.185829251491652e-06,4439015.1283332575,16205765.260574697,20290302.0472249,9.18239846219369e-06,0.7085128066351096,-0.8666504299065815,-1.1345529353193038,1.5938267559132238,3.430789297962578e-09
2026-08-02 23:00:00,G01,G,2855817.670478368,17897714.65581538,19149801.624353383,9.194706364237754e-06,2855816.862890277,17897715.641413815,19149802.75145332,9.190771923629282e-06,0.8075880906957627,-0.9855984350300476,-1.1270999399273518,1.7011634471594863,3.934440608472334e-09
2026-08-02 23:15:00,G01,G,1454136.4151894792,19547746.938613467,17672493.634616926,9.203381379646708e-06,1454135.5612279978,19547747.927443232,17672494.7421359,9.199145385064874e-06,0.853961481457063,-0.9888297661225874,-1.1075189738271911,1.7127850990622342,4.2359945818346015e-09
2026-08-02 23:30:00,G01,G,244200.2161217226,21110346.177076247,15885226.22271004,9.211968283546409e-06,244199.38713700883,21110347.28115187,15885227.176401412,9.207518846500466e-06,0.8289847137675073,-1.1040756230356676,-0.9536913710145748,1.6780124755762256,4.449437045940934e-09
2026-08-02 23:45:00,G01,G,-772366.9676480123,22540650.9851426,13820214.570056891,9.219747132347823e-06,-772367.8329243921,22540652.23879846,13820215.334924232,9.215892307936056e-06,0.8652763797614367,-1.2536558673471965,-0.7648673404046156,1.7045170270562682,3.8548244117675375e-09
2026-08-01 00:00:00,G02,G,-21608859.695439152,-9102048.840452086,-12564778.72611286,4.152118700934471e-05,-21608860.377301253,-9102049.638813404,-12564777.63506329,4.152129551646552e-05,0.6818621015291486,0.7983613184643406,-1.091049568637069,1.5141683795222385,-1.0850712081570564e-10
2026-08-01 00:15:00,G02,G,-20083484.22438384,-9337329.984390298,-14796609.372696446,4.1528605128972456e-05,-20083484.835953835,-9337330.820525238,-14796608.188204426,4.15291317117686e-05,0.6115699946556339,0.8361349397843749,-1.1844920190293882,1.573582167869104,-5.265827961474239e-10
2026-08-01 00:30:00,G02,G,-18338622.743660346,-9668170.200386047,-16775977.505198054,4.153618513524333e-05,-18338623.17103232,-9668171.136826374,-16775976.289175818,4.153696790707168e-05,0.4273719746736723,0.9364403267701508,-1.2160222354309478,1.5931972154759562,-7.82771828346896e-10
2026-08-01 00:45:00,G02,G,-16411813.044968553,-10117319.921561182,-18470155.46035977,4.154422956276383e-05,-16411813.307277208,-10117320.911739629,-18470154.42682364,4.154480410237476e-05,0.2623086543765655,0.9901784477659366,-1.0335361373872556,1.4551481491127878,-5.74539610937939e-10
2026-08-01 01:00:00,G02,G,-14345160.824050443,-10700803.997313324,-19851433.3074973,4.155175501552824e-05,-14345160.93151358,-10700805.056433534,-19851432.367252663,4.155264029767784e-05,0.1074631354242976,1.0591202099386954,-0.9402446375138148,1.4203323283475922,-8.852821495947344e-10
2026-08-01 01:15:00,G02,G,-12183851.084515288,-11427223.46053503,-20897495.7697102,4.155953704055439e-05,-12183851.070968036,-11427224.493096504,-20897495.05292025,4.156047649298092e-05,-0.0135472530629987,1.0325614741031417,-0.7167899518408005,1.257041988530034,-9.39452426529409e-10
2026-08-01 01:30:00,G02,G,-9974571.681622636,-12297349.799803218,-21591707.503115296,4.156738640909191e-05,-9974571.528252102,-12297350.85927036,-21591706.94333064,4.1568312688284e-05,-0.1533705330566069,1.0594671417184058,-0.5597846544136059,1.2080364249922253,-9.262791920885199e-10
2026-08-01 01:45:00,G02,G,-7763906.501519473,-13304022.859217688,-21923304.984760556,4.1575048490606185e-05,-7763906.200914806,-13304023.930321429,-21923304.737028603,4.157614888358708e-05,-0.3006046677461386,1.071103740354071,-0.2477319511340975,1.1397357187014692,-1.100392980893768e-09
2026-08-01 02:00:00,G02,G,-5596755.861667538,-14432349.485767908,-21887501.51354411,4.158301381635668e-05,-5596755.364415387,-14432350.544486366,-21887501.565587085,4.158398507889016e-05,-0.4972521517518007,1.058718458799194,0.0520429751417085,1.170834295998173,-9.712625334751246e-10
2026-08-01 02:15:00,G02,G,-3514837.9743819903,-15660192.868297236,-21485506.07898356,4.159032788028935e-05,-3514837.3104651654,-15660193.816143636,-21485506.410060573,4.159182127419323e-05,-0.6639168247471282,0.9478463995436068,0.331077012595816,1.2036653752515512,-1.4933939038903563e-09
2026-08-01 02:30:00,G02,G,-1555322.3427633485,-16958931.328409005,-20724462.075987823,4.159819435098453e-05,-1555321.5828431044,-16958932.283272564,-20724462.708205275,4.159965746949631e-05,-0.7599202441153732,0.9548635578437268,0.6322174507996274,1.374387898888057,-1.4631185117822406e-09
2026-08-01 02:45:00,G02,G,250360.44426036623,-18294459.59846654,-19617309.163145103,4.16066269845928e-05,250361.29680756663,-18294460.480866365,-19617309.978720583,4.160749366479939e-05,-0.8525472004372082,0.8823998218836735,0.8155754754579203,1.4733056474479669,-8.666802065939895e-10
2026-08-01 03:00:00,G02,G,1877494.180762709,-19628394.535154752,-18182570.825270288,4.161446092182319e-05,1877495.0392508784,-19628395.330848284,-18182571.894220576,4.161532986010247e-05,-0.8584881700537954,0.7956935320005352,1.0689502883117905,1.5851766002157808,-8.68938279282627e-10
2026-08-01 03:15:00,G02,G,3308805.2660281686,-20919446.01719577,-16444072.527844151,4.16220276779825e-05,3308806.2602436114,-20919446.72300849,-16444073.711280264,4.162316605540555e-05,-0.9942154427957408,0.7058127207052051,1.1834361123039483,1.6991636105178036,-1.1383774230464386e-09
2026-08-01 03:30:00,G02,G,4534921.84765383,-22124905.13224001,-14430590.261368793,4.162974496209101e-05,4534922.88059276,-22124905.751834407,-14430591.443812484,4.163100225070863e-05,-1.0329389291317823,0.619594394378874,1.182443691404596,1.6879079146103215,-1.257288617617006e-09
2026-08-01 03:45:00,G02,G,5554545.613024903,-23202199.71238489,-12175433.643206565,4.163694148895167e-05,5554546.789428686,-23202200.302420896,-12175434.77158906,4.1638838446011706e-05,-1.1764037831488725,0.5900360007808986,1.1283824970515073,1.7335845531374263,-1.8969570600381952e-09
2026-08-01 04:00:00,G02,G,6374332.833166846,-24110464.663388018,-9715964.465974532,4.164475397470553e-05,6374334.021404667,-24110465.10227223,-9715965.521798752,4.164667464131479e-05,-1.188237820494277,0.4388842119311188,1.0558242195672516,1.6490279719156329,-1.9206666092597194e-09
2026-08-01 04:15:00,G02,G,7008483.653969812,-24812071.730844177,-7093052.940293274,4.165216996691827e-05,7008484.769286152,-24812072.0650512,-7093053.738683592,4.165451083661786e-05,-1.1153163398081447,0.3342070201181654,0.7983903177841405,1.4117549254990265,-2.340869699588588e-09
2026-08-01 04:30:00,G02,G,7478053.6246099165,-25274066.73284552,-4350473.28044201,4.166005878614138e-05,7478054.867378481,-25274066.868138965,-4350473.925356528,4.166234703192094e-05,-1.2427685647165736,0.1352934481154363,0.6449145177388086,1.4066601429417616,-2.2882457795659796e-09
2026-08-01 04:45:00,G02,G,7810008.601906636,-25469459.338196687,-1534244.6286919955,4.166789653179047e-05,7810009.781170015,-25469459.367937468,-1534245.028591558,4.167018322722402e-05,-1.179263379515079,0.0297407797260274,0.3998995625372451,1.2455786977792762,-2.286695433551269e-09
2026-08-01 05:00:00,G02,G,8036050.406688553,-25378318.953664705,1308080.8987898077,4.167546831414722e-05,8036051.406972723,-25378318.80328889,1308080.8708440475,4.167801942252709e-05,-1.000284170004122,-0.1503758125880555,0.0279457598641519,1.011910209093049,-2.5511083798770104e-09
2026-08-01 05:15:00,G02,G,8191255.873755253,-24988630.17223419,4128174.128718322,4.1682472894499857e-05,8191256.837272206,-24988629.878191456,4128174.454137167,4.168585561783017e-05,-0.9635169533295902,-0.2940427310647112,-0.3254188449549799,1.0586422774938489,-3.382723330318229e-09
2026-08-01 05:30:00,G02,G,8312575.466013594,-24296873.23108499,6877720.312643479,4.168983643400454e-05,8312576.333402457,-24296872.80243249,6877720.926723696,4.169369181313325e-05,-0.8673888633787644,-0.4286524996524702,-0.6140802173127556,1.1459497890687431,-3.8553791287121675e-09
2026-08-01 05:45:00,G02,G,8437243.943456372,-23308299.78212453,9509235.853399798,4.169702063421174e-05,8437244.66681769,-23308299.16855688,9509236.768163506,4.170152800843633e-05,-0.7233613166292319,-0.6135676532247398,-0.9147637076684904,1.317766861150596,-4.507374224593027e-09
2026-08-01 06:00:00,G02,G,8601164.711115051,-22036886.667616334,11976897.335176086,4.170392372205144e-05,8601165.317252139,-22036886.010785684,11976898.427729892,4.170936420373941e-05,-0.6061370876768175,-0.6568306516458818,-1.0925538072641412,1.411560305394799,-5.440481687965173e-09
2026-08-01 06:15:00,G02,G,8837329.913482197,-20504963.01879955,14237366.710375331,4.171149231480307e-05,8837330.331194142,-20504962.254818138,14237367.913391352,4.171720039904249e-05,-0.4177119459155721,-0.7639814114895718,-1.2030160212465328,1.4850583874844825,-5.708084239423046e-09
2026-08-01 06:30:00,G02,G,9174339.208046312,-18742515.47356681,16250597.345269777,4.1719244296251216e-05,9174339.574300388,-18742514.62512617,16250598.523888148,4.1725036594345566e-05,-0.3662540756281557,-0.8484406430346025,-1.178618370781788,1.4977098639628177,-5.792298094350468e-09
2026-08-01 06:45:00,G02,G,9635081.152202558,-16786194.383390337,17980601.641773224,4.172712579153317e-05,9635081.37062812,-16786193.405324094,17980602.739157442,4.1732872789648645e-05,-0.2184255616091302,-0.9780662424170568,-1.0973842172993264,1.4861276596906945,-5.746998115473668e-09
2026-08-01 07:00:00,G02,G,10235631.831612604,-14678052.75046266,19396162.72610299,4.17340682637393e-05,10235631.949022455,-14678051.62608566,19396163.644250564,4.174070898495173e-05,-0.1174098531217189,-1.1243770002389295,-0.9181475749391348,1.4563666027628386,-6.6407212124294584e-09
2026-08-01 07:15:00,G02,G,10984423.707849143,-12464064.805244677,20471470.53386288,4.1741665729774414e-05,10984423.707907949,-12464063.59977398,20471471.31651644,4.17485451802548e-05,-5.8803476570314095e-05,-1.205470697018131,-0.7826535611744319,1.4372564842943822,-6.879450480387401e-09
2026-08-01 07:30:00,G02,G,11881722.439818067,-10192480.683684938,21186665.83096862,4.174901743570891e-05,11881722.235188903,-10192479.530154698,21186666.417074166,4.175638137555788e-05,0.2046291619922036,-1.1535302409864814,-0.5861055478910703,1.3099713065852447,-7.363939848968261e-09
2026-08-01 07:45:00,G02,G,12919439.994375816,-7912082.683192557,21528274.53431621,4.17568762714311e-05,12919439.632568851,-7912081.532352783,21528274.81345358,4.176421757086096e-05,0.3618069659134866,-1.1508397740713092,-0.2791373744072449,1.2382463971112516,-7.3412994298631744e-09
2026-08-01 08:00:00,G02,G,14081298.024318583,-5670413.374470321,21489519.462951485,4.176465372317683e-05,14081297.517535008,-5670412.222831454,21489519.39258659,4.177205376616404e-05,0.5067835761906213,-1.1516388671929518,0.0703648960653968,1.260179706281733,-7.400042987206837e-09
2026-08-01 08:15:00,G02,G,15343338.440302376,-3512050.754583275,21070498.661709007,4.1772213219245976e-05,15343337.781793434,-3512049.638016853,21070498.228762504,4.177988996146712e-05,0.6585089412595418,-1.1165664223560086,0.4329465028030094,1.3666737999760643,-7.676742221144916e-09
2026-08-01 08:30:00,G02,G,16674764.29760212,-1477002.3471327971,20278222.472363085,4.177970357834176e-05,16674763.549131444,-1477001.346185389,20278221.83528089,4.17877261567702e-05,0.7484706777855082,-1.0009474081286704,0.6370821898184633,1.4028463158621796,-8.022578428433283e-09
2026-08-01 08:45:00,G02,G,18039078.52890397,400712.9664089647,19126507.057711035,4.178761592839506e-05,18039077.632241797,400713.83240599744,19126506.202494115,4.179556235207328e-05,0.8966621778463815,-0.8659970327139184,0.8552169188171267,1.5117373780126584,-7.946423678217269e-09
2026-08-01 09:00:00,G02,G,19395473.00589767,2094235.2217970428,17635723.56805697,4.1795460479525626e-05,19395471.970674343,2094235.9335875213,17635722.534273613,4.180339854737636e-05,1.035223327968816,-0.7117904784969395,1.0337833578093432,1.6269729730186957,-7.938067850726752e-09
2026-08-01 09:15:00,G02,G,20700410.961121734,3584735.442883403,15832410.00427884,4.180300452551509e-05,20700409.81600077,3584736.10917134,15832408.849848296,4.181123474267944e-05,1.145120965941929,-0.6662879361315791,1.154430544489348,1.7572568174641483,-8.230217164340526e-09
2026-08-01 09:30:00,G02,G,21909334.765136328,4861954.197876053,13748753.86956963,4.181082020615572e-05,21909333.476935204,4861954.728162387,13748752.724313203,4.181907093798251e-05,1.2882011249286625,-0.5302863341483648,1.1452564234674485,1.8034073333402616,-8.250731826791878e-09
2026-08-01 09:45:00,G02,G,22978426.12995244,5924383.680078484,11421959.31867459,4.181912092164234e-05,22978424.746845424,5924384.141205004,11421958.211592233,4.182690713328559e-05,1.3831070172326867,-0.4611265195676665,1.1070823581354503,1.8306430662096964,-7.786211643250029e-09
2026-08-01 10:00:00,G02,G,23866344.375967853,6779090.764422909,8893514.155047515,4.182717656783063e-05,23866343.01247534,6779091.010197952,8893513.25849115,4.183474332858867e-05,1.3634925110645235,-0.2457750426839549,0.8965563662843034,1.6502516527064148,-7.566760758038263e-09
2026-08-01 10:15:00,G02,G,24535868.90168279,7441189.220263248,6208377.218144679,4.183448160651482e-05,24535867.572208744,7441189.262931713,6208376.535139033,4.184257952389175e-05,1.3294740463204144,-0.0426684647104043,0.6830056469134808,1.495265378264347,-8.097917376931244e-09
2026-08-01 10:30:00,G02,G,24955377.02659197,7932990.226674293,3414104.8796715494,4.184262295079504e-05,24955375.74003393,7932990.107712351,3414104.468400517,4.185041571919483e-05,1.286558044072296,0.1189619424436391,0.4112710324741233,1.3559230828735924,-7.792768399792321e-09
2026-08-01 10:45:00,G02,G,25100097.77444825,8282869.661637564,559940.4349323625,4.1850767078563206e-05,25100096.534392208,8282869.34164367,559940.3050835942,4.185825191449791e-05,1.2400560371522638,0.3199938946729685,0.1298487683785942,1.2872434775733723,-7.484835934703528e-09
2026-08-01 11:00:00,G02,G,24953091.756001446,8523904.162456503,-2304112.897588842,4.1859722578651454e-05,24953090.62646548,8523903.73394516,-2304112.7694199253,4.1866088109800985e-05,1.1295359710585255,0.4285113435779055,-0.1281689169157387,1.2148665575911708,-6.365531149530476e-09
2026-08-01 11:15:00,G02,G,24505921.123257674,8692337.555263195,-5128213.534281372,4.186798638738696e-05,24505920.089370266,8692337.048135439,-5128213.048163938,4.1873924305104064e-05,1.033887409069865,0.5071277563209926,-0.4861174336569269,1.2499647575710124,-5.937917717102795e-09
2026-08-01 11:30:00,G02,G,23758986.53647853,8825942.574548338,-7863577.016957915,4.187555119060692e-05,23758985.60049316,8825941.95769929,-7863576.20853644,4.188176050040714e-05,0.9359853733768668,0.6168490474763111,-0.8084214754888654,1.3820696974391196,-6.209309800227968e-09
2026-08-01 11:45:00,G02,G,22721524.12749876,8962347.349197706,-10463328.728816526,4.188381291442611e-05,22721523.32506253,8962346.582070582,-10463327.657990403,4.188959669571022e-05,0.8024362282817753,0.7671271238289541,-1.0708261231357812,1.5424190450597957,-5.783781284113709e-09
2026-08-01 12:00:00,G02,G,21411268.72936949,9137394.625843177,-12883296.991761671,4.189195514742715e-05,21411267.99556944,9137393.69129626,-12883295.762645716,4.18974328910133e-05,0.7338000544412998,0.9345469163846328,-1.229115958078128,1.709551548571845,-5.477743586151039e-09
2026-08-01 12:15:00,G02,G,19853802.64592532,9383598.12983262,-15082734.519850953,4.189974993712652e-05,19853802.018798877,9383597.041344255,-15082733.224650182,4.190526908631638e-05,0.6271264466923037,1.088488363698267,-1.2952007715113347,1.8043390858070447,-5.5191491898602414e-09
2026-08-01 12:30:00,G02,G,18081622.753731556,9728754.359234916,-17024958.172725473,4.1907414836368446e-05,18081622.2247766,9728753.192682495,-17024956.853856873,4.191310528161946e-05,0.5289549525695081,1.1665524180966955,-1.3188685980006307,1.8384918451837655,-5.690445251010748e-09
2026-08-01 12:45:00,G02,G,16132966.057983816,10194760.18239837,-18677900.212928183,4.191492122930223e-05,16132965.69695058,10194759.018250449,-18677898.943313874,4.192094147692254e-05,0.3610332369231409,1.1641479227923064,-1.2696143076340496,1.7599732595849091,-6.0202476203097365e-09
2026-08-01 13:00:00,G02,G,14050443.888640543,10796676.73943851,-20014567.421915468,4.1922687115825313e-05,14050443.722665844,10796675.46401294,-20014566.246970493,4.1928777672225616e-05,0.1659747009783078,1.2754255705360011,-1.17494497270691,1.7420544412363133,-6.090556400300757e-09
2026-08-01 13:15:00,G02,G,11879538.167376846,11542068.891806694,-21013405.906349715,4.193140210537609e-05,11879538.163034588,11542067.536327371,-21013405.0363452,4.1936613867528695e-05,0.0043422581545177,1.355479321812381,-0.8700045117621032,1.6106678420932257,-5.2117621526024e-09
2026-08-01 13:30:00,G02,G,9667017.305270296,12430640.792569283,-21658573.37060154,4.193963295939495e-05,9667017.485387962,12430639.475066258,-21658572.777408574,4.1944450062831774e-05,-0.1801176656758928,1.3175030281671407,-0.5931929629731836,1.4560681625662388,-4.8171034368193006e-09
2026-08-01 13:45:00,G02,G,7459330.059021309,13454174.425355002,-21940118.844091363,4.1948135654460754e-05,7459330.465949379,13454173.087021746,-21940118.554447483,4.195228625813485e-05,-0.4069280700745655,1.3383332563375772,-0.2896438790037425,1.4285026901893074,-4.1506036740993865e-09
2026-08-01 14:00:00,G02,G,5301033.824478897,14596768.035379646,-21854075.43851169,4.195617389774786e-05,5301034.371805774,14596766.634558834,-21854075.450006086,4.196012245343793e-05,-0.5473268770349994,1.400820812687631,0.01149439435859,1.5039939430348086,-3.9485556900677216e-09
2026-08-01 14:15:00,G02,G,3233310.967905152,15835363.083995886,-21402468.444668315,4.196370261557264e-05,3233311.531861861,15835361.781859942,-21402468.68568392,4.196795864874101e-05,-0.5639567089300528,1.3021359441803575,0.2410156031264579,1.439337940729729,-4.256033168377519e-09
2026-08-01 14:30:00,G02,G,1292623.2562910698,17140538.344672665,-20593242.91177671,4.197164229112908e-05,1292623.8810151871,17140537.08857219,-20593243.49173675,4.197579484404409e-05,-0.6247241174183952,1.256100477582366,0.5799600419817247,1.5180323721720443,-4.152552915011571e-09
2026-08-01 14:45:00,G02,G,-490451.1603652107,18477539.746636737,-19440115.76229001,4.19799639034406e-05,-490450.429980265,18477538.525401726,-19440116.490081687,4.198363103934717e-05,-0.7303849456932061,1.221235011694976,0.7277916795805998,1.5982984238094105,-3.667135906567062e-09
2026-08-01 15:00:00,G02,G,-2092161.4241357667,19807511.591179635,-17962353.00023979,4.198770885927024e-05,-2092160.69932447,19807510.52949436,-17962353.955617353,4.1991467234650247e-05,-0.7248112967706228,1.0616852744232568,0.9553775654229958,1.6016470679794186,-3.758375380013401e-09
2026-08-01 15:15:00,G02,G,-3496277.9538264084,21088886.219629783,-16184478.785348212,4.199463854449026e-05,-3496277.146839017,21088885.248667654,-16184479.789885107,4.199930342995332e-05,-0.8069873915152361,0.9709621282450084,1.004536895023285,1.6134095816046412,-4.664885463058968e-09
2026-08-01 15:30:00,G02,G,-4694512.476521316,22278883.757122032,-14135914.600811938,4.2002404361275605e-05,-4694511.543167334,22278882.86422831,-14135915.52919792,4.20071396252564e-05,-0.9333539821644204,0.8928937233090386,0.9283859825681342,1.5906946249283234,-4.735263980791878e-09
2026-08-01 15:45:00,G02,G,-5686651.674940159,23335072.86647389,-11850553.495048428,4.200972088795482e-05,-5686650.679107036,23335072.266606662,-11850554.341540592,4.201497582055948e-05,-0.995833122730061,0.5998672263313803,0.8464921630506483,1.4380797195075707,-5.254932604650507e-09
2026-08-01 16:00:00,G02,G,-6480398.141929565,24216939.390675027,-9366270.09374358,4.201755397580966e-05,-6480397.126898237,24216938.948037628,-9366270.85311373,4.202281201586256e-05,-1.0150313287743429,0.4426373995375349,0.7593701485226757,1.342706031985449,-5.258040052895622e-09
2026-08-01 16:15:00,G02,G,-7090921.785545718,24887406.132403173,-6724368.400398393,4.202538478136858e-05,-7090920.856313011,24887405.86689412,-6724368.873241005,4.2030648211165634e-05,-0.9292327073487044,0.2655090547430878,0.4728426126345743,1.075894334440079,-5.26342979705418e-09
2026-08-01 16:30:00,G02,G,-7540135.555140826,25314253.42083978,-3968969.466868146,4.203296205442108e-05,-7540134.604726302,25314253.35349356,-3968969.711801327,4.203848440646871e-05,-0.950414523810077,0.0673462238604592,0.2449331810184339,0.9837761656500972,-5.5223520476318864e-09
2026-08-01 16:45:00,G02,G,-7855716.205166104,25471385.854503173,-1146344.75412189,4.204041312858113e-05,-7855715.297297485,25471386.008156117,-1146344.8269971448,4.204632060177179e-05,-0.9078686194521848,-0.1536529391223351,0.0728752548127233,0.92365873495083,-5.907473190661666e-09
2026-08-01 17:00:00,G02,G,-8069903.846486731,25339897.894788183,1695801.8052246028,4.204820912954805e-05,-8069903.044533344,25339898.12501984,1695802.014731872,4.205415679707487e-05,-0.8019533876829393,-0.2302316579953147,-0.2095072693874284,0.8602494686342973,-5.9476675268253726e-09
2026-08-01 17:15:00,G02,G,-8218118.775085622,24908894.13981824,4509095.733901725,4.205625572638689e-05,-8218118.015683895,24908894.56359092,4509096.096927821,4.206199299237795e-05,-0.7594017277981782,-0.4237726771560645,-0.3630260953046532,0.9423705279554424,-5.7372659910594654e-09
2026-08-01 17:30:00,G02,G,-8337444.095880028,24176030.70899502,7245287.097693847,4.2064020482846914e-05,-8337443.440117024,24176031.226444475,7245287.620252679,4.206982918768103e-05,-0.6557630041841251,-0.5174494584476892,-0.5225588315572542,0.9853155799757144,-5.808704834116772e-09
2026-08-01 17:45:00,G02,G,-8465030.2995179,23147747.73466489,9857070.086330025,4.207146638167915e-05,-8465029.719540836,23147748.337907072,9857070.901063804,4.207766538298411e-05,-0.5799770639672872,-0.6032421795951142,-0.8147337835411456,1.1679322155048422,-6.199001304956626e-09
2026-08-01 18:00:00,G02,G,-8636480.197145615,21839179.753548183,12298912.63829008,4.2079711881549655e-05,-8636479.714096807,21839180.39357945,12298913.572265148,4.208550157828719e-05,-0.4830488076558442,-0.640031265842514,-0.9339750667830105,1.2309693729764493,-5.789696737533094e-09
2026-08-01 18:15:00,G02,G,-8884278.636577021,20273737.91809722,14527879.400514456,4.208744193582342e-05,-8884278.279498208,20273738.67520426,14527880.480156314,4.2093337773590265e-05,-0.3570788127587125,-0.7571070367135739,-1.0796418573233542,1.366141604537027,-5.895837766848713e-09
2026-08-01 18:30:00,G02,G,-9236329.983584955,18482374.383018576,16504434.20564624,4.209460124625859e-05,-9236329.716831546,18482375.180591315,16504435.327788554,4.2101173968893343e-05,-0.2667534087399872,-0.7975727381777158,-1.1221423145262537,1.4023134556186216,-6.572722634749892e-09
2026-08-01 18:45:00,G02,G,-9714664.845763551,16502549.29429452,18193200.813329425,4.210230779840714e-05,-9714664.680133078,16502550.166029366,18193201.954962306,4.210901016419642e-05,-0.1656304721238763,-0.871734846218038,-1.1416328756823666,1.4459186416412075,-6.702365789280638e-09
2026-08-01 19:00:00,G02,G,-10334373.125989974,14376937.654329397,19563665.55156205,4.21095950386367e-05,-10334373.128034528,14376938.60658536,19563666.59468144,4.21168463594995e-05,0.0020445544626187,-0.952255964957395,-1.0431193852919516,1.412407042948933,-7.251320862802002e-09
2026-08-01 19:15:00,G02,G,-11102811.907593869,12151922.03607908,20590801.847677022,4.211697636495457e-05,-11102812.12279134,12151923.058580767,20590802.6011812,4.212468255480258e-05,0.2151974719360382,-1.022501685970164,-0.7535041716805335,1.2882500481193302,-7.706189848008066e-09
2026-08-01 19:30:00,G02,G,-12019126.52011259,9875929.92079902,21255599.570251483,4.2124513431475726e-05,-12019126.868497629,9875930.958559357,21255600.0616945,4.213251875010566e-05,0.3483850382121365,-1.0377603375865498,-0.4914430152513875,1.1999312023433666,-8.005318629931655e-09
2026-08-01 19:45:00,G02,G,-13074110.17090484,7597681.543541762,21545484.224760704,4.213087335617469e-05,-13074110.717014188,7597682.655974803,21545484.39466539,4.214035494540874e-05,0.5461093483443109,-1.112433040376064,-0.1699046851663959,1.250843831863464,-9.481589234052796e-09
2026-08-01 20:00:00,G02,G,-14250414.825649502,5364420.775938234,21454610.591526333,4.21382186416469e-05,-14250415.500850204,5364421.888545888,21454610.466692246,4.2148191140711816e-05,0.6752007007846884,-1.1126076528588127,0.1248340854407565,1.3074308105700894,-9.972499064917662e-09
2026-08-01 20:15:00,G02,G,-15523107.346540242,3220201.5160007416,20984022.159858305,4.2146109472678135e-05,-15523108.164263014,3220202.547867996,20984021.849852007,4.2156027336014895e-05,0.817722771679986,-1.031867254241304,0.3100062994711186,1.3525991525249683,-9.917863336762293e-09
2026-08-01 20:30:00,G02,G,-16860553.119988754,1204303.1721985615,20141668.985061407,4.2153543950493177e-05,-16860554.04501701,1204304.207673269,20141668.47062607,4.216386353131797e-05,0.9250282556411408,-1.0354747078598858,0.5144353351820565,1.480719034265408,-1.0319580824796303e-08
2026-08-01 20:45:00,G02,G,-18225591.18536847,-650157.0151678936,18942280.73482129,4.216182911397976e-05,-18225592.146713257,-650156.0357511174,18942279.91851421,4.217169972662105e-05,0.9613447860628506,-0.9794167762452336,0.8163070792424336,1.5968087759347225,-9.870612641294529e-09
2026-08-01 21:00:00,G02,G,-19576953.128398854,-2317357.0242288928,17407096.810827833,4.217022397678919e-05,-19576954.16457729,-2317356.1488738246,17407095.90940049,4.217953592192413e-05,1.0361784307842912,-0.8753550683232642,0.9014273417396788,1.6286446784052335,-9.311945134942031e-09
2026-08-01 21:15:00,G02,G,-20870866.51975623,-3779598.971267791,15563460.644393338,4.217855664645717e-05,-20870867.649016306,-3779598.168302789,15563459.644763514,4.218737211722721e-05,1.1292600708014349,-0.8029650019715473,0.9996298237895436,1.7085786158404133,-8.815470770041336e-09
2026-08-01 21:30:00,G02,G,-22062773.9073931,-5027800.033395285,13444284.888001457,4.2186966696987086e-05,-22062775.153340597,-5027799.27563392,13444283.879045893,4.219520831253029e-05,1.2459474919086428,-0.7577613650451158,1.0089555638765109,1.7732960183866209,-8.241615543201695e-09
2026-08-01 21:45:00,G02,G,-23109094.649726987,-6061626.59591355,11087404.17567161,4.2195018844520174e-05,-23109095.99026853,-6061625.895200521,11087403.21839618,4.220304450783337e-05,1.3405415452811598,-0.7007130290558283,0.957275427231572,1.7900912343494624,-8.025663313194883e-09
2026-08-01 22:00:00,G02,G,-23968954.118294995,-6889268.490213552,8534830.21906446,4.220358020977827e-05,-23968955.59133813,-6889267.911942465,8534829.35797775,4.221088070313645e-05,1.4730431408408204,-0.5782710863413606,0.8610867087593356,1.8015892606469963,-7.300493358180276e-09
2026-08-01 22:15:00,G02,G,-24605807.978808664,-7526866.570729199,5831929.138527283,4.22119461459774e-05,-24605809.48050474,-7526866.208169816,5831928.483937786,4.2218716898439526e-05,1.5016960756703417,-0.3625593830505543,0.6545894972966627,1.677804464141397,-6.770752462129647e-09
2026-08-01 22:30:00,G02,G,-24988892.875350192,-7997622.095002672,3026542.128001059,4.2219451194269565e-05,-24988894.37393038,-7997621.924379441,3026541.818118633,4.2226553093742605e-05,1.498580187309826,-0.1706232309559365,0.3098824263258491,1.5397668599125618,-7.101899473037981e-09
2026-08-01 22:45:00,G02,G,-25094446.07249824,-8330629.456400434,168071.10284077004,4.222746464783584e-05,-25094447.532852456,-8330629.380159596,168071.20903227635,4.223438928904568e-05,1.4603542180165283,-0.0762408377876645,-0.1061915063186822,1.466193624129999,-6.924641209842833e-09
2026-08-01 23:00:00,G02,G,-24906645.279075816,-8559485.666943816,-2693448.6307893144,4.2236197192294666e-05,-24906646.681288965,-8559485.791539446,-2693448.242552172,4.224222548434876e-05,1.402213147950672,0.1245956286019041,-0.3882371422556476,1.4602923890711983,-6.028292054100011e-09
2026-08-01 23:15:00,G02,G,-24418234.601044472,-8720739.03438709,-5508267.960154005,4.224442858351247e-05,-24418235.87952227,-8720739.300794076,-5508267.258727027,4.225006167965184e-05,1.2784777993442258,0.2664069870781382,-0.7014269786690215,1.482389278356012,-5.63309613937056e-09
2026-08-01 23:30:00,G02,G,-23630815.773118105,-8852241.657564035,-8227814.273685906,4.225291637526512e-05,-23630816.96264856,-8852242.093947498,-8227813.351801855,4.225789787495492e-05,1.1895304494500567,0.4363834638950086,-0.9218840515273818,1.5669344026443484,-4.981499689798452e-09
2026-08-01 23:45:00,G02,G,-22554799.64457433,-8991476.839322481,-10805537.075548092,4.226082085003736e-05,-22554800.73238207,-8991477.42009236,-10805535.949704489,4.2265734070258e-05,1.0878077403813564,0.5807698776586129,-1.1258436053833405,1.6697733842086928,-4.913220220641326e-09
2026-08-02 00:00:00,G02,G,-21209025.34605214,-9173927.450652905,-13197691.69474782,4.226919670732265e-05,-21209026.28268416,-9173928.238159187,-13197690.492477572,4.227357026556108e-05,0.9366320170792636,0.7875062850505453,-1.2022702477755858,1.715488103455821,-4.3735582384303544e-09
2026-08-02 00:15:00,G02,G,-19620069.256067198,-9431550.37137065,-15364050.47175961,4.227758263027525e-05,-19620069.9790838,-9431551.2650332,-15364049.167565314,4.228140646086416e-05,0.7230166059555401,0.8936625491082383,-1.3041942964004325,1.7384787968018252,-3.823830588906779e-09
2026-08-02 00:30:00,G02,G,-17821276.58017565,-9791412.761460029,-17268530.345613126,4.22854545618568e-05,-17821277.15052466,-9791413.785090225,-17268528.93910485,4.228924265616724e-05,0.570349011921343,1.0236301984357372,-1.4065082760962362,1.8306781009441409,-3.788094310431011e-09
2026-08-02 00:45:00,G02,G,-15851558.731788622,-10274541.09434598,-18879731.827938948,4.229384703918321e-05,-15851559.088888943,-10274542.201172683,-18879730.47542552,4.229707885147032e-05,0.3571003227476241,1.1068267040559003,-1.3525134282930424,1.7837820962860635,-3.231812287103367e-09
2026-08-02 01:00:00,G02,G,-13754004.906290192,-10895020.265966551,-20171385.49227573,4.2301421027566496e-05,-13754005.238440048,-10895021.505336192,-20171384.3327855,4.2304915046773386e-05,0.3321498549702337,1.23936964023852,-1.1594902258725743,1.7293866586728774,-3.494019206892544e-09
2026-08-02 01:15:00,G02,G,-11574365.239560604,-11659372.859403145,-21122704.098103717,4.230967616217226e-05,-11574365.400714314,-11659374.172752593,-21122703.180458672,4.231275124207647e-05,0.1611537091454766,1.31334945071986,-0.9176450410524752,1.61025765610529,-3.075079904204796e-09
2026-08-02 01:30:00,G02,G,-9359459.361155268,-12566234.662356596,-21718641.496014345,4.231704971857836e-05,-9359459.420511484,-12566235.946780112,-21718640.854288,4.232058743737954e-05,0.0593562165992,1.284423514943699,-0.6417263436494022,1.4370384915940593,-3.537718801188465e-09
2026-08-02 01:45:00,G02,G,-7155572.410128411,-13606333.77228614,-21950060.854548533,4.232525149813317e-05,-7155572.304718292,-13606335.03425056,-21950060.543083053,4.232842363268262e-05,-0.1054101185839342,1.2619644175835354,-0.311465480829223,1.3040997776608236,-3.172134549455274e-09
2026-08-02 02:00:00,G02,G,-5006891.531950154,-14762769.51752713,-21813815.476953417,4.233324676863113e-05,-5006891.282517217,-14762770.729222769,-21813815.426214,4.23362598279857e-05,-0.2494329374055538,1.2116956373088386,-0.050739415208693,1.2381428011306916,-3.013059354567883e-09
2026-08-02 02:15:00,G02,G,-2954038.6128848223,-16011576.50948321,-21312745.37019305,4.234104611168778e-05,-2954038.208743996,-16011577.700420383,-21312745.613367632,4.234409602328878e-05,-0.4041408262407667,1.1909371719366106,0.2431745882308575,1.2809352190084355,-3.0499116010016222e-09
2026-08-02 02:30:00,G02,G,-1032746.7826315766,-17322552.145445164,-20455594.860932663,4.234826204879019e-05,-1032746.2158903024,-17322553.29422779,-20455595.347549032,4.235193221859186e-05,-0.5667412742748057,1.1487826250007218,0.486616370895025,1.370289270151826,-3.670169801668933e-09
2026-08-02 02:45:00,G02,G,727275.4445595838,-18660316.419122744,-19256853.459679224,4.235598218051004e-05,727276.1095747538,-18660317.3297812,-19256854.20984194,4.235976841389494e-05,-0.665015169954889,0.910658454469386,0.750162717840368,1.354358925914526,-3.786233384899821e-09
2026-08-02 03:00:00,G02,G,2303255.491416101,-19985566.193412594,-17736524.65288059,4.236380200900223e-05,2303256.2947228216,-19985567.050927017,-17736525.62195734,4.236760460919802e-05,-0.8033067205581343,0.8575144239021524,0.9690767493935308,1.523070064281101,-3.8026001957908684e-09
2026-08-02 03:15:00,G02,G,3680015.007710195,-21256483.46922058,-15919824.375585385,4.237179616653641e-05,3680015.8426894825,-21256484.17860546,-15919825.406638907,4.2375440804501096e-05,-0.8349792871700767,0.7093848813621901,1.0310535220465928,1.5044895098447786,-3.644637964685086e-09
2026-08-02 03:30:00,G02,G,4850351.968697336,-22430245.76136821,-13836811.583927665,4.237964544145741e-05,4850352.831646396,-22430246.398760967,-13836812.666636858,4.2383276999804174e-05,-0.8629490601428111,0.6373927508714364,1.0827091934576465,1.5242079244192783,-3.6315583467688565e-09
2026-08-02 03:45:00,G02,G,5815135.093607022,-23464591.752616085,-11521953.946361603,4.2387943186721846e-05,5815136.089475261,-23464592.162660908,-11521954.90382778,4.239111319510725e-05,-0.995868238794552,0.4100448228355782,0.9574661750914356,1.441052317654792,-3.170008385409402e-09
2026-08-02 04:00:00,G02,G,6583105.5144165205,-24319385.1072493,-9013628.4512578,4.239582010802089e-05,6583106.60334402,-24319385.43460972,-9013629.228751764,4.239894939041033e-05,-1.0889274994159424,0.3273604188688439,0.7774939622954653,1.377470436790621,-3.129282389440522e-09
2026-08-02 04:15:00,G02,G,7170389.908190528,-24958125.894265745,-6353561.248920324,4.240387677564566e-05,7170390.972648614,-24958126.09587128,-6353561.790442961,4.240678558571341e-05,-1.0644580858041588,0.2016055310825078,0.5415226368199735,1.211182303695596,-2.908810067751614e-09
2026-08-02 04:30:00,G02,G,7599740.031894207,-25349352.15826049,-3586207.8701994284,4.24115734880281e-05,7599741.069567165,-25349352.23088158,-3586208.238639587,4.241462178101649e-05,-1.037672958786091,0.0726210831586213,0.3684401588006901,1.1035339332037275,-3.0482929883871904e-09
2026-08-02 04:45:00,G02,G,7899522.379446517,-25467882.70712551,-758079.0869102072,4.241935855937595e-05,7899523.461385127,-25467882.624267403,-758079.1307394642,4.242245797631957e-05,-1.0819386101814217,-0.082858108692833,0.0438292569697974,1.085991540548997,-3.0994169436159837e-09
2026-08-02 05:00:00,G02,G,8102490.316214316,-25295851.88419758,2082984.0338622371,4.242641848363639e-05,8102491.337306941,-25295851.61821369,2082984.3089746465,4.243029417162265e-05,-1.021092625281714,-0.2659838897402375,-0.2751124092425168,1.0904423032537174,-3.875687986264671e-09
2026-08-02 05:15:00,G02,G,8244379.503433722,-24823494.476618223,4888576.227079057,4.243346361342799e-05,8244380.366384755,-24823494.11675866,4888576.841830871,4.2438130366925726e-05,-0.8629510330974934,-0.359859563044646,-0.6147518143957023,1.1189741658954968,-4.6667534977415005e-09
2026-08-02 05:30:00,G02,G,8362376.994899987,-24049646.548509706,7610528.033073006,4.244156056014633e-05,8362377.727252079,-24049646.00826953,7610528.978048909,4.2445966562228805e-05,-0.7323520921712966,-0.5402401718907617,-0.9449759029964112,1.3119369220645167,-4.4060020824755605e-09
2026-08-02 05:45:00,G02,G,8493519.481994137,-22981935.245970987,10201727.21161821,4.244978252817847e-05,8493520.084280556,-22981934.547536947,10201728.374903305,4.245380275753189e-05,-0.6022864179784668,-0.6984340404764342,-1.16328509458686,1.4845171772214458,-4.020229353421006e-09
2026-08-02 06:00:00,G02,G,8673080.613974737,-21636644.933009863,12616947.963179763,4.24574214393756e-05,8673081.110396165,-21636644.11658008,12616949.25656495,4.246163895283496e-05,-0.4964214278567151,-0.8164297829592925,-1.2933851857163228,1.608053812273925,-4.217513459370463e-09
2026-08-02 06:15:00,G02,G,8933011.526335783,-20038255.881729268,14813673.013268303,4.246440573319658e-05,8933011.863225544,-20038254.96161061,14813674.3016391,4.246947514813804e-05,-0.3368897600357872,-0.9201186539561076,-1.2883707967357692,1.618645222912214,-5.069414941463976e-09
2026-08-02 06:30:00,G02,G,9300497.43423026,-18218666.509930093,16752890.479039053,4.247196281648388e-05,9300497.554874,-18218665.546517607,16752891.85876297,4.247731134344112e-05,-0.1206437380588704,-0.9634124876547652,-1.3797239180858878,1.6871148813996737,-5.348526957240621e-09
2026-08-02 06:45:00,G02,G,9796691.788379127,-16216123.56796805,18399848.94034684,4.24790981177361e-05,9796691.760696556,-16216122.51811343,18399850.266715072,4.24851475387442e-05,0.0276825714079122,-1.0498546197797662,-1.326368234919416,1.6918078324785943,-6.0494210081010565e-09
2026-08-02 07:00:00,G02,G,10435683.925028428,-14073896.349767972,19724749.39818337,4.248676687414557e-05,10435683.767585415,-14073895.302773517,19724750.596760117,4.249298373404728e-05,0.1574430115804036,-1.04699445521948,-1.19857674419848,1.5992410396463916,-6.216859901707402e-09
2026-08-02 07:15:00,G02,G,11223746.987959543,-11838745.360908728,20703358.378943834,4.249498032438317e-05,11223746.608937318,-11838744.354323365,20703359.39197592,4.250081992935036e-05,0.3790222249296017,-1.0065853629829262,-1.0130320828028814,1.477533735909268,-5.839604967191313e-09
2026-08-02 07:30:00,G02,G,12158903.172548585,-9559243.403903233,21317523.17744745,4.250268560248208e-05,12158902.591854358,-9559242.351737048,21317524.0013838,4.250865612465344e-05,0.5806942248889693,-1.05216618171027,-0.8239363540970672,1.4570966242349674,-5.9705221713539074e-09
2026-08-02 07:45:00,G02,G,13230830.92146835,-7284016.623535582,21555574.37761318,4.251039697737257e-05,13230830.192936732,-7284015.553853232,21555574.901284568,4.251649231995652e-05,0.7285316148884453,-1.069682349553188,-0.5236713901450999,1.3961412420289343,-6.0953425839434385e-09
2026-08-02 08:00:00,G02,G,14421122.45188459,-5059978.566299547,21412601.7500654,4.251874689665018e-05,14421121.649113938,-5059977.509327632,21412601.92156477,4.252432851525959e-05,0.802770651988915,-1.0569719150323544,-0.1714993710019837,1.3382983161896105,-5.5816186094114765e-09
2026-08-02 08:15:00,G02,G,15703886.012135088,-2930629.9759914144,20890594.679732583,4.2526453399361525e-05,15703885.102909932,-2930628.994013384,20890594.46579777,4.253216471056267e-05,0.9092251546592752,-0.9819780303643147,0.2139348098004533,1.3552635672915134,-5.71131120114415e-09
2026-08-02 08:30:00,G02,G,17046670.605333272,-934497.1636661811,19998440.00846371,4.2533906644881615e-05,17046669.57506659,-934496.1909037316,19998439.506115917,4.254000090586575e-05,1.030266682343887,-0.972762449651554,0.5023477960812055,1.5033527624704777,-6.094260984133149e-09
2026-08-02 08:45:00,G02,G,18411677.34712695,896225.415872816,18751775.910393327,4.254192618748749e-05,18411676.171054076,896226.2650258932,18751775.190278195,4.254783710116883e-05,1.176072876883512,-0.8491530771761164,0.7201151327720652,1.6194981212295545,-5.910913681340967e-09
2026-08-02 09:00:00,G02,G,19757206.902663343,2536768.642467947,17172702.93235677,4.254977489175903e-05,19757205.60532825,2536769.4709152617,17172702.139387015,4.255567329647191e-05,1.297335091305016,-0.8284473145636984,0.7929697543159637,1.731532362792887,-5.898404712875058e-09
2026-08-02 09:15:00,G02,G,21039282.493250787,3970574.675213123,15289359.622639157,4.2557396150051727e-05,21039281.097912703,3970575.381975033,15289358.748214258,4.256350949177499e-05,1.3953380850662245,-0.7067619101944189,0.8744248980281013,1.79195414886358,-6.1133417232627115e-09
2026-08-02 09:30:00,G02,G,22213378.99684785,5189739.929477988,13135371.654967604,4.2565355476174914e-05,22213377.58411897,5189740.511069389,13135370.83271258,4.257134568707807e-05,1.4127288744792414,-0.5815914010252133,0.8222550232110254,1.734979755999942,-5.990210903149949e-09
2026-08-02 09:45:00,G02,G,23236184.900045287,6195100.833081023,10749190.32728718,4.25742273679796e-05,23236183.430015974,6195101.306131044,10749189.617471918,4.2579181882381145e-05,1.4700293139020737,-0.4730500215252362,0.7098152612126198,1.6995882476784685,-4.954514401541561e-09
2026-08-02 10:00:00,G02,G,24067321.1142678,6995960.0729495855,8173335.743460043,4.2582514171942815e-05,24067319.70989469,6995960.497152105,8173335.156404192,4.2587018077684224e-05,1.4043731030867497,-0.4242025194346777,0.5870558512558044,1.5801411844078717,-4.503905741409917e-09
2026-08-02 10:15:00,G02,G,24670946.02273905,7609469.489045356,5453565.0355007965,4.2589964708879257e-05,24670944.60374103,7609469.734002804,5453564.69915885,4.25948542729873e-05,1.4189980161599025,-0.2449574477065204,0.3363419466978742,1.4787445439159352,-4.889564108049254e-09
2026-08-02 10:30:00,G02,G,25017177.88159414,8059698.748444997,2637987.259114892,4.259827558860516e-05,25017176.41953552,8059698.859662894,2637987.157351553,4.260269046829038e-05,1.4620586173748031,-0.1112178973223307,0.1017633392810695,1.469809715080954,-4.414879685221485e-09
2026-08-02 10:45:00,G02,G,25083279.182125386,8376435.429510998,-223854.6421731321,4.260651097564984e-05,25083277.74191623,8376435.414495744,-223854.3649411008,4.261052666359346e-05,1.440209155335473,0.0150152540383868,-0.2772320313351699,1.4667261053667036,-4.015687943621638e-09
2026-08-02 11:00:00,G02,G,24854556.064363256,8593768.991621295,-3081910.670442173,4.261405460174015e-05,24854554.69067201,8593768.811167268,-3081910.040523362,4.261836285889654e-05,1.3736912426561756,0.1804540260606144,-0.6299188110100211,1.5219687888179678,-4.308257156386921e-09
2026-08-02 11:15:00,G02,G,24324939.841837417,8748521.982570313,-5886540.530179005,4.262270558611192e-05,24324938.550104924,8748521.591204122,-5886539.681524079,4.262619905419961e-05,1.2917324939782753,0.391366191423682,-0.8486549261362104,1.5943511267735442,-3.493468087697917e-09
2026-08-02 11:30:00,G02,G,23497232.536657777,8878595.530611027,-8589399.600805892,4.263069044859544e-05,23497231.34192042,8878595.000085844,-8589398.436408253,4.263403524950269e-05,1.1947373558868444,0.530525182840118,-1.1643976381217445,1.7506216549678937,-3.344800907251232e-09
2026-08-02 11:45:00,G02,G,22383012.52550598,9021298.408794357,-11144275.85147191,4.263910059666505e-05,22383011.482543733,9021297.725066423,-11144274.411045283,4.264187144480577e-05,1.0429622471558513,0.6837279289566767,-1.440426627802744,1.9052776700289524,-2.770848140720345e-09
2026-08-02 12:00:00,G02,G,21002210.72327991,9211726.034518838,-13507865.01289858,4.264660120966611e-05,21002209.751801517,9211725.146328434,-13507863.40266097,4.264970764010885e-05,0.971478396308201,0.8881904044099266,-1.6102376087181614,2.079787879931462,-3.106430442740034e-09
2026-08-02 12:15:00,G02,G,19382379.608325876,9481253.212950198,-15640470.397871666,4.265476030132783e-05,19382378.75136121,9481252.142427534,-15640468.818650948,4.265754383541193e-05,0.8569646612656454,1.0705226635609213,-1.5792207176090898,2.091493552173059,-2.783534084092303e-09
2026-08-02 12:30:00,G02,G,17557691.112512857,9856196.910819951,-17506619.35923527,4.266283579384279e-05,17557690.319410644,9856195.781810122,-17506617.84438278,4.2665380030715005e-05,0.7931022126222931,1.129009831800429,-1.5148524897075164,2.049012539137199,-2.544236872216677e-09
2026-08-02 12:45:00,G02,G,15567705.209499791,10356696.87293034,-19075589.335610468,4.2670420252675565e-05,15567704.611243851,10356695.628619935,-19075587.855217315,4.267321622601808e-05,0.5982559422398532,1.2443104051712273,-1.4803931512348294,2.024298011426595,-2.7959733425187362e-09
2026-08-02 13:00:00,G02,G,13455962.050163057,10995850.73087634,-20321841.07634151,4.267902481568223e-05,13455961.528240131,10995849.44062281,-20321839.784251668,4.268105242132116e-05,0.5219229233275269,1.2902535290339163,-1.2920898438862165,1.8991192357914588,-2.02760563892925e-09
2026-08-02 13:15:00,G02,G,11268450.092147024,11779132.654569129,-21225358.60063393,4.268681458479689e-05,11268449.805116758,11779131.285539098,-21225357.53126817,4.268888861662424e-05,0.2870302669359716,1.3690300303574168,-1.069365765314256,1.760730739830457,-2.0740318273495444e-09
2026-08-02 13:30:00,G02,G,9052011.538728844,12704109.493376557,-21771895.25516704,4.269540290278236e-05,9052011.404335417,12704108.054759618,-21771894.436756432,4.269672481192732e-05,0.1343934276318584,1.4386169392607528,-0.8184106043076264,1.660565026899516,-1.3219091449624407e-09
2026-08-02 13:45:00,G02,G,6852739.046512979,13760460.900297014,-21953129.73178904,4.270346588379284e-05,6852739.078483097,13760459.446475392,-21953129.293538254,4.27045610072304e-05,-0.0319701181337681,1.4538216225555922,-0.4382507866577118,1.518776860065285,-1.095123437565442e-09
2026-08-02 14:00:00,G02,G,4714423.003479204,14930297.472805034,-21766735.49636406,4.271103428458947e-05,4714423.278595978,14930296.073056882,-21766735.314561177,4.271239720253348e-05,-0.275116774575051,1.3997481520385229,-0.1818028829031043,1.4380669028316169,-1.362917944007787e-09
2026-08-02 14:15:00,G02,G,2677100.895369205,16188762.062630728,-21216365.80635253,4.271861950585969e-05,2677101.277283566,16188760.6773053,-21216365.946076192,4.272023339783656e-05,-0.3819143607558201,1.3853254274435762,0.1397236677140531,1.4437824705241165,-1.6138919768650951e-09
2026-08-02 14:30:00,G02,G,775756.1840679176,17504889.94030385,-20311561.11466916,4.272647695032132e-05,775756.7131406479,17504888.689902313,-20311561.474174485,4.272806959313964e-05,-0.5290727302415074,1.250401537400771,0.3595053242529155,1.4045162999358922,-1.592642818316548e-09
2026-08-02 14:45:00,G02,G,-960788.6781693036,18842697.8078546,-19067579.60529597,4.273425364540686e-05,-960788.0009403228,18842696.62588121,-19067580.11298154,4.273590578844272e-05,-0.6772289806862526,1.181973386094081,0.5076855650028418,1.4537691737783904,-1.6521430358569192e-09
2026-08-02 15:00:00,G02,G,-2510751.3585898364,20162461.22342931,-17505156.176707122,4.274210950504281e-05,-2510750.6146214902,20162460.151501484,-17505156.79990546,4.2743741983745794e-05,-0.7439683460284704,1.071927826794551,0.6231983395992526,1.445992509049785,-1.632478702988401e-09
2026-08-02 15:15:00,G02,G,-3860011.76049037,21422139.0085306,-15650191.627448397,4.274993921109101e-05,-3860010.9020537846,21422138.079570703,-15650192.38474549,4.275157817904887e-05,-0.8584365856293403,0.9289598948101552,0.7572970946673884,1.474238361766618,-1.6389679578681643e-09
2026-08-02 15:30:00,G02,G,-5002455.847575612,22578894.95898496,-13533374.574955804,4.275709984736607e-05,-5002454.992162147,22578894.09430408,-13533375.414970854,4.275941437435195e-05,-0.855413465721728,0.8646808811215204,0.8400150498978551,1.478184869212929,-2.31452698588394e-09
2026-08-02 15:45:00,G02,G,-5940030.992956202,23590665.39290327,-11189737.711907929,4.276449608537289e-05,-5940030.169789667,23590664.707049605,-11189738.411061792,4.276725056965503e-05,-0.8231665338402128,0.6858536636529415,0.6991538632113963,1.2793805199486556,-2.7544842821432194e-09
2026-08-02 16:00:00,G02,G,-6682507.790681359,24417720.34476392,-8658149.955100503,4.277247315294776e-05,-6682507.020315753,24417719.872249864,-8658150.49818165,4.277508676495811e-05,-0.7703656061862482,0.472514054817477,0.5430811475484347,1.0543575446769866,-2.613612010349674e-09
2026-08-02 16:15:00,G02,G,-7246955.691198633,25024162.282943893,-5980748.232524835,4.278022453943765e-05,-7246954.975738797,25024161.95266452,-5980748.592783797,4.278292296026119e-05,-0.7154598358893298,0.3302793731596157,0.3602589624422715,0.866460478686407,-2.698420823536177e-09
2026-08-02 16:30:00,G02,G,-7656947.337962742,25379309.634107742,-3202310.0243910854,4.278728766088674e-05,-7656946.692397371,25379309.44486766,-3202310.082031096,4.279075915556427e-05,-0.6455653710355412,0.1892400871911274,0.0576400105684783,0.6751954011237753,-3.4714946775287327e-09
2026-08-02 16:45:00,G02,G,-7941516.749583888,25458914.33108595,-369571.3655466707,4.27946931865204e-05,-7941516.0691575315,25458914.20248613,-369571.0903766851,4.279859535086735e-05,-0.6804263565172667,0.1285998188745448,-0.275169985585962,0.7451419066361163,-3.902164346949477e-09
2026-08-02 17:00:00,G02,G,-8133904.404473146,25246164.92413197,2469503.408889292,4.280262118205078e-05,-8133903.855367846,25246164.95586966,2469504.0271734083,4.280643154617042e-05,-0.5491053001354369,-0.0317376888617888,-0.618284116465102,0.8275259272096238,-3.8103641196484414e-09
2026-08-02 17:15:00,G02,G,-8270133.906404031,24732435.57307348,5266493.534949321,4.281004566682791e-05,-8270133.387874781,24732435.8131858,5266494.458362043,4.28142677414735e-05,-0.5185292500006888,-0.2401123179841211,-0.9234127212914524,1.0859178432077037,-4.2220746455964365e-09
2026-08-02 17:30:00,G02,G,-8387467.110112352,23917745.74145399,7973325.185457364,4.281726407632044e-05,-8387466.663293872,23917746.15982184,7973326.37880205,4.282210393677658e-05,-0.4468184806954148,-0.4183678481568119,-1.1933446866003443,1.3411748402425367,-4.839860456138946e-09
2026-08-02 17:45:00,G02,G,-8522797.575294001,22810907.31253549,10543094.83312861,4.282567576718246e-05,-8522797.280985266,22810907.87377828,10543096.295275318,4.282994013207966e-05,-0.2943087348815889,-0.5612427859997187,-1.4621467062825582,1.593575880514405,-4.264364897205711e-09
2026-08-02 18:00:00,G02,G,-8711041.60955743,21429346.208625898,12930898.80768555,4.283296674208827e-05,-8711041.355689533,21429346.84947881,12930900.393637754,4.283777632738274e-05,-0.2538678956343894,-0.6408529126195972,-1.585952203293291,1.7292731869712483,-4.809585294466538e-09
2026-08-02 18:15:00,G02,G,-8983590.060019774,19798597.396162603,15094652.517776364,4.284047928985813e-05,-8983589.890931226,19798598.14656092,15094654.096288044,4.284561252268582e-05,-0.169088547173604,-0.7503983164240468,-1.5785116817237048,1.7559577726743667,-5.133232827693339e-09
2026-08-02 18:30:00,G02,G,-9366886.038243454,17951486.39441513,16995882.976741213,4.284792287369113e-05,-9366885.98235312,17951487.2007291,16995884.50882273,4.28534487179889e-05,-0.0558903330532195,-0.8063139679592408,-1.5320815194727428,1.7322066062005663,-5.525844297769e-09
2026-08-02 18:45:00,G02,G,-9881187.259834358,15927021.971810784,18600475.915871844,4.285543653258323e-05,-9881187.344457176,15927022.884019898,18600477.43037033,4.2861284913291976e-05,0.0846228199016154,-0.9122091147066872,-1.5144984895527889,1.7700260352491253,-5.848380708748261e-09
2026-08-02 19:00:00,G02,G,-10539568.696323,13769040.193486985,19879358.95974062,4.286329695062469e-05,-10539568.924049852,13769041.12990531,19879360.236658536,4.2869121108595055e-05,0.227726852103053,-0.9364183238119996,-1.2769179173103,1.5997681594180186,-5.8241579703616485e-09
2026-08-02 19:15:00,G02,G,-11347211.40435124,11524648.6381948,20809101.168582752,4.287090618379526e-05,-11347211.843928624,11524649.64737612,20809102.30456546,4.287695730389813e-05,0.4395773848510225,-1.0091813181000415,-1.1359827055462035,1.581812857886379,-6.051120102872633e-09
2026-08-02 19:30:00,G02,G,-12301013.291293887,9242533.232251426,21372414.97799399,4.2878863536917535e-05,-12301013.855925728,9242534.24360654,21372415.77610424,4.288479349920121e-05,0.5646318394080682,-1.011355114960516,-0.7981102494196093,1.4066372143729058,-5.929962283676164e-09
2026-08-02 19:45:00,G02,G,-13389542.598101946,6971193.7966544265,21558540.93581301,4.288617440629349e-05,-13389543.297684494,6971194.819057236,21558541.357650436,4.289262969450429e-05,0.6995825487343538,-1.0224028088781951,-0.4218374272665999,1.3086902082382146,-6.455288210799706e-09
2026-08-02 20:00:00,G02,G,-14593342.978655556,4757182.609550785,21363506.309425607,4.2893891887856095e-05,-14593343.829886992,4757183.661801215,21363506.469773397,4.290046588980737e-05,0.8512314353786186,-1.052250430453247,-0.1603477841196126,1.3629150145324016,-6.574001951279042e-09
2026-08-02 20:15:00,G02,G,-15885580.785224903,2643418.9219442704,20790246.54713185,4.290185448105719e-05,-15885581.699160833,2643419.8731771056,20790246.31344784,4.290830208511045e-05,0.9139359303022608,-0.9512328351106666,0.2336840105512492,1.3396757100423415,-6.447604053264506e-09
2026-08-02 20:30:00,G02,G,-17233010.71866939,667650.5260217044,19848582.729979254,4.290958918034467e-05,-17233011.733176656,667651.4178323923,19848582.1702141,4.291613828041353e-05,1.0145072683255183,-0.8918106877850345,0.5597651557988537,1.462151951740802,-6.5491000688627985e-09
2026-08-02 20:45:00,G02,G,-18597222.384081136,-1138870.332353477,18555056.101721004,4.291795925855086e-05,-18597223.569312505,-1138869.5676355977,18555055.34651397,4.292397447571661e-05,1.1852313688562344,-0.76471787927998,0.7552070290888756,1.5999701526580234,-6.015217165750182e-09
2026-08-02 21:00:00,G02,G,-19936115.33718661,-2752442.423473396,16932620.32027042,4.292606040348382e-05,-19936116.56370848,-2752441.7104809657,16932619.423907824,4.293181067101968e-05,1.226521863365848,-0.7129924300434516,0.8963625936810034,1.6781477843039432,-5.750267535859793e-09
2026-08-02 21:15:00,G02,G,-21205539.860116407,-4157655.626679009,15010198.654029723,4.293363341256332e-05,-21205541.15897341,-4157655.0537466686,15010197.694234664,4.293964686632276e-05,1.2988570038281335,-0.5729323400435655,0.959795056974594,1.713618257971727,-6.013453759437248e-09
2026-08-02 21:30:00,G02,G,-22361035.475820564,-5347787.503668715,12822117.68182572,4.294164546092091e-05,-22361036.80744781,-5347787.070984044,12822116.649343204,4.294748306162584e-05,1.3316272408751726,-0.4326846713960823,1.0324825156588806,1.7396744749070878,-5.837600704922263e-09
2026-08-02 21:45:00,G02,G,-23359590.89406547,-6324839.603913748,10407430.943565102,4.2950341000752856e-05,-23359592.27680664,-6324839.309835179,10407429.977433404,4.295531925692892e-05,1.3827411715882492,-0.2940785687380409,0.966131699207351,1.7122691997491346,-4.978256176061249e-09
2026-08-02 22:00:00,G02,G,-24161352.1622672,-7099216.249903393,7809151.312516254,4.295802390083967e-05,-24161353.523016777,-7099216.147834284,7809150.53259822,4.2963155452232e-05,1.3607495748608482,-0.1020691087149492,0.7799180341499007,1.5717282361878242,-5.131551392330312e-09
2026-08-02 22:15:00,G02,G,-24731205.9660887,-7689063.016742517,5073410.560715687,4.296652336325799e-05,-24731207.298464444,-7689063.085663479,5073410.061899097,4.297099164753507e-05,1.3323757413117514,0.0689209615341447,0.4988165900534634,1.4243571200676448,-4.468284277080157e-09
2026-08-02 22:30:00,G02,G,-25040173.674521998,-8119296.582745193,2248568.3026278485,4.29751048937712e-05,-25040175.048669603,-8119296.82934084,2248568.004465509,4.297882784283815e-05,1.3741476082017303,0.2465956467779514,0.2981623392698644,1.4275825169478824,-3.7229490669478533e-09
2026-08-02 22:45:00,G02,G,-25066559.67077089,-8420371.94771324,-615708.7106051653,4.298347860641049e-05,-25066561.01915477,-8420372.37239319,-615708.6277298421,4.298666403814123e-05,1.3483838826760552,0.4246799511444861,-0.082875323199682,1.416107508334056,-3.185431730742093e-09
2026-08-02 23:00:00,G02,G,-24796808.925389472,-8626842.259943737,-3469372.8334128507,4.299141270997786e-05,-24796810.26033811,-8626842.7681765,-3469372.418984875,4.299450023344431e-05,1.3349486353325677,0.5082327629977231,-0.4144279755676628,1.4873261065730328,-3.087523466448752e-09
2026-08-02 23:15:00,G02,G,-24226044.456304397,-8775774.12971593,-6262909.443411127,4.2999880194918e-05,-24226045.680276405,-8775774.840677418,-6262908.833571015,4.300233642874739e-05,1.223972009506257,0.7109614872843746,-0.6098401122692244,1.5412587968893916,-2.456233829389673e-09
2026-08-02 23:30:00,G02,G,-23358266.55981712,-8905087.57961464,-8948217.224877104,4.300795999805306e-05,-23358267.68569989,-8905088.473404402,-8948216.316662649,4.301017262405047e-05,1.1258827772822977,0.8937897625709486,-0.9082144545805828,1.7003898562878563,-2.212625997405737e-09
2026-08-02 23:45:00,G02,G,-22206213.467117872,-9051887.313466923,-11479437.197058054,4.3015858116822175e-05,-22206214.495808564,-9051888.293928938,-11479436.13412196,4.3018008819353546e-05,1.028690692314238,0.9804620121424036,-1.0629360938403978,1.774638959703342,-2.1507025313739846e-09
