model,series,utc_time,actual_x_error_m,predicted_x_error_m,residual_x_error_m,actual_y_error_m,predicted_y_error_m,residual_y_error_m,actual_z_error_m,predicted_z_error_m,residual_z_error_m,actual_clock_error_m,predicted_clock_error_m,residual_clock_error_m,baseline_x_error_m,baseline_y_error_m,baseline_z_error_m,baseline_clock_error_m,delta_x_error_m,delta_y_error_m,delta_z_error_m,delta_clock_error_m,p_gate,regime_probability,lead_time_hours,history_span_hours,last_3d_norm_m
Persistence,GEO,2025-09-08 00:11:00,13.11178288,2.508722112,-10.603060767999999,52.78996231,2.415410932,-50.374551378,-42.91500574,0.520668252,43.435673992,29.74719472,0.043083144,-29.704111576,,,,,,,,,,,,,
Persistence,GEO,2025-09-08 00:24:00,-24.83713549,2.508722112,27.345857602000002,-75.2527814,2.415410932,77.668192332,18.7007945,0.520668252,-18.180126248,-35.46320138,0.043083144,35.506284524,,,,,,,,,,,,,
Persistence,GEO,2025-09-08 00:39:00,2.640146777,2.508722112,-0.13142466499999994,3.879810199,2.415410932,-1.4643992670000001,4.213404928,0.520668252,-3.692736676,-0.065431803,0.043083144,0.108514947,,,,,,,,,,,,,
Persistence,GEO,2025-09-08 00:54:00,20.88661929,2.508722112,-18.377897177999998,33.50227412,2.415410932,-31.086863188000002,31.05613169,0.520668252,-30.535463438,4.77264071,0.043083144,-4.729557566,,,,,,,,,,,,,
Persistence,GEO,2025-09-08 01:09:00,-2.484121658,2.508722112,4.99284377,-2.839942042,2.415410932,5.255352974,-3.907376413,0.520668252,4.428044665,-0.313548465,0.043083144,0.356631609,,,,,,,,,,,,,
Persistence,GEO,2025-09-08 01:24:00,3.870459795,2.508722112,-1.3617376829999999,3.483555913,2.415410932,-1.068144981,-3.901639407,0.520668252,4.4223076589999994,-0.14285995,0.043083144,0.185943094,,,,,,,,,,,,,
Persistence,GEO,2025-09-08 01:39:00,4.446584508,2.508722112,-1.9378623959999999,5.520261291,2.415410932,-3.104850359,-0.250816639,0.520668252,0.7714848910000001,0.307032086,0.043083144,-0.26394894199999996,,,,,,,,,,,,,
Persistence,GEO,2025-09-08 01:54:00,-7.03531722,2.508722112,9.544039332,-16.38756617,2.415410932,18.802977102,-14.16058641,0.520668252,14.681254662,-5.418286458,0.043083144,5.4613696019999995,,,,,,,,,,,,,
Persistence,GEO,2025-09-08 02:09:00,1.521143753,2.508722112,0.987578359,2.441407826,2.415410932,-0.025996893999999937,3.219657793,0.520668252,-2.698989541,-0.14285995,0.043083144,0.185943094,,,,,,,,,,,,,
Persistence,GEO,2025-09-08 02:24:00,-1.754055567,2.508722112,4.262777679,-1.366148803,2.415410932,3.781559735,2.167641083,0.520668252,-1.6469728309999998,-0.313548465,0.043083144,0.356631609,,,,,,,,,,,,,
Persistence,GEO,2025-09-08 02:40:00,15.92827525,2.508722112,-13.419553138000001,25.44078524,2.415410932,-23.025374308,13.30615765,0.520668252,-12.785489398,4.851715947,0.043083144,-4.808632803,,,,,,,,,,,,,
Persistence,GEO,2025-09-08 02:54:00,0.620170079,2.508722112,1.888552033,1.482095059,2.415410932,0.933315873,1.700526586,0.520668252,-1.179858334,0.143984112,0.043083144,-0.10090096800000001,,,,,,,,,,,,,
Persistence,GEO,2025-09-08 03:09:00,3.176246542,2.508722112,-0.6675244299999998,2.631436545,2.415410932,-0.21602561300000023,-9.231028221,0.520668252,9.751696473,0.16743034,0.043083144,-0.12434719600000002,,,,,,,,,,,,,
Persistence,GEO,2025-09-08 03:24:00,4.141316079,2.508722112,-1.632593967,4.747581668,2.415410932,-2.3321707359999997,-0.192329503,0.520668252,0.712997755,0.275945287,0.043083144,-0.232862143,,,,,,,,,,,,,
Persistence,GEO,2025-09-08 03:39:00,-9.216858581,2.508722112,11.725580693000001,-15.87790369,2.415410932,18.293314622,-12.38920725,0.520668252,12.909875502,-3.524388557,0.043083144,3.567471701,,,,,,,,,,,,,
Persistence,GEO,2025-09-08 03:54:00,0.20270155,2.508722112,2.306020562,1.696127512,2.415410932,0.71928342,3.890172646,0.520668252,-3.369504394,-0.069796061,0.043083144,0.11287920500000001,,,,,,,,,,,,,
Persistence,GEO,2025-09-08 04:09:00,3.166083612,2.508722112,-0.6573614999999999,4.033427253,2.415410932,-1.6180163210000003,3.207260056,0.520668252,-2.686591804,-0.236643395,0.043083144,0.279726539,,,,,,,,,,,,,
Persistence,GEO,2025-09-08 04:24:00,0.440723937,2.508722112,2.067998175,1.635624114,2.415410932,0.7797868179999998,-0.868616651,0.520668252,1.389284903,0.119988274,0.043083144,-0.07690513000000002,,,,,,,,,,,,,
Persistence,GEO,2025-09-08 04:40:00,2.076129898,2.508722112,0.43259221400000003,2.416580204,2.415410932,-0.0011692720000002765,0.145633547,0.520668252,0.375034705,-0.329903762,0.043083144,0.372986906,,,,,,,,,,,,,
Persistence,GEO,2025-09-08 04:54:00,-0.58745927,2.508722112,3.096181382,-0.098023806,2.415410932,2.513434738,1.424576663,0.520668252,-0.9039084110000001,-0.2464741,0.043083144,0.289557244,,,,,,,,,,,,,
Persistence,GEO,2025-09-08 05:09:00,35.72054858,2.508722112,-33.211826468,42.28232419,2.415410932,-39.866913258,4.288607874,0.520668252,-3.767939622,2.415789744,0.043083144,-2.3727066,,,,,,,,,,,,,
Persistence,GEO,2025-09-08 05:24:00,-2.56484355,2.508722112,5.073565662,-2.970954809,2.415410932,5.3863657410000005,-4.450318204,0.520668252,4.970986456,-0.019063113,0.043083144,0.062146256999999996,,,,,,,,,,,,,
Persistence,GEO,2025-09-08 05:40:00,1.354207333,2.508722112,1.154514779,2.966350861,2.415410932,-0.5509399290000001,8.597062898,0.520668252,-8.076394646,0.368655295,0.043083144,-0.325572151,,,,,,,,,,,,,
Persistence,GEO,2025-09-08 05:54:00,2.220279891,2.508722112,0.28844222099999994,2.566548221,2.415410932,-0.15113728900000023,0.438858352,0.520668252,0.08180989999999999,-0.150496503,0.043083144,0.193579647,,,,,,,,,,,,,
Persistence,GEO,2025-09-08 06:09:00,-0.714754321,2.508722112,3.223476433,0.539621592,2.415410932,1.8757893399999999,-3.08439627,0.520668252,3.605064522,0.135793182,0.043083144,-0.09271003800000002,,,,,,,,,,,,,
Persistence,GEO,2025-09-08 06:24:00,1.174848914,2.508722112,1.333873198,1.807139341,2.415410932,0.6082715909999998,2.329414778,0.520668252,-1.8087465259999997,-0.174497108,0.043083144,0.217580252,,,,,,,,,,,,,
Persistence,GEO,2025-09-08 06:40:00,-23.64092775,2.508722112,26.149649862,-27.67680685,2.415410932,30.092217782,-12.32315848,0.520668252,12.843826732,-1.679029482,0.043083144,1.722112626,,,,,,,,,,,,,
Persistence,GEO,2025-09-08 06:55:00,2.795236584,2.508722112,-0.2865144719999999,3.120386671,2.415410932,-0.704975739,1.696335498,0.520668252,-1.1756672460000002,-0.136323006,0.043083144,0.17940615,,,,,,,,,,,,,
Persistence,GEO,2025-09-08 07:09:00,2.898205072,2.508722112,-0.38948296000000004,2.64583762,2.415410932,-0.2304266880000001,-9.674528752,0.520668252,10.195197004,-0.221388816,0.043083144,0.26447196,,,,,,,,,,,,,
Persistence,GEO,2025-09-08 07:24:00,-2.217445955,2.508722112,4.726168067,-2.385242142,2.415410932,4.8006530739999995,-5.203788086,0.520668252,5.724456338,-0.252475615,0.043083144,0.295558759,,,,,,,,,,,,,
Persistence,GEO,2025-09-08 07:40:00,18.00612449,2.508722112,-15.497402378,22.80155525,2.415410932,-20.386144318,14.7349589,0.520668252,-14.214290648,1.422745274,0.043083144,-1.37966213,,,,,,,,,,,,,
Persistence,GEO,2025-09-08 07:54:00,0.088465575,2.508722112,2.420256537,0.689170584,2.415410932,1.726240348,0.209816068,0.520668252,0.31085218400000003,0.040355033,0.043083144,0.0027281109999999983,,,,,,,,,,,,,
Persistence,GEO,2025-09-08 08:09:00,1.798520643,2.508722112,0.710201469,2.436178502,2.415410932,-0.02076757000000029,1.439228287,0.520668252,-0.9185600349999999,0.042560096,0.043083144,0.0005230479999999982,,,,,,,,,,,,,
Persistence,GEO,2025-09-08 08:24:00,-15.7292637,2.508722112,18.237985812,-17.63745653,2.415410932,20.052867462000002,-4.43596295,0.520668252,4.9566312020000005,-0.795050318,0.043083144,0.838133462,,,,,,,,,,,,,
Persistence,GEO,2025-09-08 08:40:00,11.2306255,2.508722112,-8.721903388000001,14.38979733,2.415410932,-11.974386398,5.795854329,0.520668252,-5.275186077,0.693649746,0.043083144,-0.6505666019999999,,,,,,,,,,,,,
Persistence,GEO,2025-09-08 08:55:00,-11.64564588,2.508722112,14.154367992000001,-13.63593391,2.415410932,16.051344842,-8.872044343,0.520668252,9.392712595,-0.826680161,0.043083144,0.869763305,,,,,,,,,,,,,
Persistence,GEO,2025-09-08 09:09:00,11.66643739,2.508722112,-9.157715278000001,13.04275768,2.415410932,-10.627346747999999,-11.0875971,0.520668252,11.608265352,0.414446285,0.043083144,-0.371363141,,,,,,,,,,,,,
Persistence,GEO,2025-09-08 09:24:00,-0.36742745,2.508722112,2.876149562,-0.195659272,2.415410932,2.611070204,0.49451063,0.520668252,0.02615762199999999,0.182161842,0.043083144,-0.139078698,,,,,,,,,,,,,
Persistence,GEO,2025-09-08 09:40:00,-2.57022915,2.508722112,5.078951262,-1.916816372,2.415410932,4.332227304,5.498668224,0.520668252,-4.977999972,-0.065982161,0.043083144,0.109065305,,,,,,,,,,,,,
Persistence,GEO,2025-09-08 10:00:00,-23.09012852,2.508722112,25.598850632,37.54724247,2.415410932,-35.131831538,-4.612090838,0.520668252,5.13275909,41.75403693,0.043083144,-41.710953786,,,,,,,,,,,,,
Persistence,GEO,2025-09-08 12:00:00,-0.075953111,2.508722112,2.584675223,0.112685762,2.415410932,2.30272517,-0.095472671,0.520668252,0.616140923,1.080834464,0.043083144,-1.0377513200000001,,,,,,,,,,,,,
Persistence,GEO,2025-09-08 14:00:00,5.656008624,2.508722112,-3.147286512,4.419923007,2.415410932,-2.0045120750000005,7.683882459,0.520668252,-7.163214207,0.027322905,0.043083144,0.015760238999999995,,,,,,,,,,,,,
Persistence,GEO,2025-09-08 16:00:00,-0.55224308,2.508722112,3.0609651920000003,-1.278846525,2.415410932,3.694257457,-2.288825294,0.520668252,2.809493546,3.593665797,0.043083144,-3.5505826529999998,,,,,,,,,,,,,
Persistence,GEO,2025-09-08 16:04:00,32.76809424,2.508722112,-30.259372128000003,-47.77162129,2.415410932,50.187032222,-23.22418169,0.520668252,23.744849942000002,-56.23605286,0.043083144,56.279136004,,,,,,,,,,,,,
Persistence,GEO,2025-09-08 16:25:00,-32.19045679,2.508722112,34.699178902,-18.75551389,2.415410932,21.170924822,-7.470545611,0.520668252,7.9912138630000005,9.566011168,0.043083144,-9.522928023999999,,,,,,,,,,,,,
Persistence,GEO,2025-09-08 16:40:00,2.460983526,2.508722112,0.047738585999999916,1.586390238,2.415410932,0.829020694,-0.87543031,0.520668252,1.3960985620000002,-0.267179805,0.043083144,0.310262949,,,,,,,,,,,,,
Persistence,GEO,2025-09-08 16:56:00,38.17062875,2.508722112,-35.661906638,24.6922969,2.415410932,-22.276885968,7.145243007,0.520668252,-6.624574755,-10.61300152,0.043083144,10.656084664,,,,,,,,,,,,,
Persistence,GEO,2025-09-08 17:10:00,-33.69736016,2.508722112,36.206082272,45.44299703,2.415410932,-43.027586098,-13.08360294,0.520668252,13.604271192,55.86907571,0.043083144,-55.825992566,,,,,,,,,,,,,
Persistence,GEO,2025-09-08 17:25:00,36.59101698,2.508722112,-34.082294868,-44.17494053,2.415410932,46.590351462,13.52818752,0.520668252,-13.007519268,-56.72900751,0.043083144,56.772090654,,,,,,,,,,,,,
Persistence,GEO,2025-09-08 17:41:00,1.344587222,2.508722112,1.1641348900000001,0.562752731,2.415410932,1.852658201,3.761166895,0.520668252,-3.240498643,-0.17339636,0.043083144,0.216479504,,,,,,,,,,,,,
Persistence,GEO,2025-09-08 17:55:00,-32.95110114,2.508722112,35.459823252,49.51804937,2.415410932,-47.102638438,-19.15237799,0.520668252,19.673046242,58.28483566,0.043083144,-58.241752516,,,,,,,,,,,,,
Persistence,GEO,2025-09-08 18:10:00,-0.305997152,2.508722112,2.814719264,2.009282321,2.415410932,0.40612861099999975,0.314848751,0.520668252,0.20581950100000002,0.726387682,0.043083144,-0.683304538,,,,,,,,,,,,,
Persistence,GEO,2025-09-08 18:26:00,1.132001624,2.508722112,1.3767204880000001,0.451621234,2.415410932,1.9637896979999998,0.493815427,0.520668252,0.026852825000000025,-0.019613502,0.043083144,0.062696646,,,,,,,,,,,,,
Persistence,GEO,2025-09-08 18:40:00,1.235439487,2.508722112,1.273282625,0.183348179,2.415410932,2.232062753,0.311073953,0.520668252,0.20959429899999998,0.011473327,0.043083144,0.031609817,,,,,,,,,,,,,
Persistence,GEO,2025-09-08 18:56:00,-0.351560704,2.508722112,2.8602828160000002,-0.854873613,2.415410932,3.270284545,0.017549807,0.520668252,0.503118445,0.091630695,0.043083144,-0.048547551,,,,,,,,,,,,,
Persistence,GEO,2025-09-08 19:10:00,0.113651317,2.508722112,2.395070795,-0.155487459,2.415410932,2.570898391,-1.267191719,0.520668252,1.787859971,0.119988274,0.043083144,-0.07690513000000002,,,,,,,,,,,,,
Persistence,GEO,2025-09-08 19:26:00,-0.467603747,2.508722112,2.976325859,-0.701513827,2.415410932,3.1169247589999998,1.16759699,0.520668252,-0.6469287380000001,-0.004358952,0.043083144,0.047442095999999996,,,,,,,,,,,,,
Persistence,GEO,2025-09-08 19:40:00,0.137678191,2.508722112,2.371043921,-0.405414917,2.415410932,2.8208258489999998,-0.10533489,0.520668252,0.626003142,0.010922968,0.043083144,0.032160176,,,,,,,,,,,,,
Persistence,GEO,2025-09-08 19:56:00,0.470745035,2.508722112,2.037977077,0.213780936,2.415410932,2.201629996,-0.13039598,0.520668252,0.651064232,0.00327874,0.043083144,0.039804403999999995,,,,,,,,,,,,,
Persistence,GEO,2025-09-08 20:10:00,-0.069602624,2.508722112,2.578324736,-0.057075571,2.415410932,2.472486503,0.252693483,0.520668252,0.267974769,0.135242793,0.043083144,-0.09215964900000001,,,,,,,,,,,,,
Persistence,GEO,2025-09-08 20:26:00,-0.433093637,2.508722112,2.941815749,-0.792054567,2.415410932,3.207465499,-0.847556297,0.520668252,1.368224549,-0.004358922,0.043083144,0.047442066,,,,,,,,,,,,,
Persistence,GEO,2025-09-08 20:40:00,0.223632611,2.508722112,2.285089501,0.233282365,2.415410932,2.182128567,0.336291461,0.520668252,0.18437679099999998,0.135242793,0.043083144,-0.09215964900000001,,,,,,,,,,,,,
Persistence,GEO,2025-09-08 20:56:00,0.22905368,2.508722112,2.2796684320000002,-0.106023751,2.415410932,2.521434683,0.114328878,0.520668252,0.406339374,-0.085047283,0.043083144,0.128130427,,,,,,,,,,,,,
Persistence,GEO,2025-09-08 21:13:00,12.00274335,2.508722112,-9.494021237999998,23.53857819,2.415410932,-21.123167258,4.222093838,0.520668252,-3.701425586,7.254931645,0.043083144,-7.211848501,,,,,,,,,,,,,
Persistence,GEO,2025-09-08 22:58:00,-20.86702867,2.508722112,23.375750782,-1.634100072,2.415410932,4.049511004,-5.421909171,0.520668252,5.942577423,7.800273973,0.043083144,-7.757190829000001,,,,,,,,,,,,,
Persistence,GEO,2025-09-08 23:00:00,16.65338836,2.508722112,-14.144666248,5.89436695,2.415410932,-3.4789560180000003,30.49590906,0.520668252,-29.975240808,-0.339650105,0.043083144,0.382733249,,,,,,,,,,,,,
Persistence,GEO,2025-09-08 23:10:00,-10.51616261,2.508722112,13.024884722,-14.89356624,2.415410932,17.308977172,-13.26656623,0.520668252,13.787234482,-2.517735278,0.043083144,2.560818422,,,,,,,,,,,,,
Persistence,GEO,2025-09-08 23:26:00,0.08282391,2.508722112,2.425898202,2.086558733,2.415410932,0.32885219899999996,-11.35415101,0.520668252,11.874819262,2.074412654,0.043083144,-2.03132951,,,,,,,,,,,,,
Persistence,GEO,2025-09-08 23:41:00,-1.738360018,2.508722112,4.24708213,-0.490893051,2.415410932,2.906303983,-0.06068912,0.520668252,0.581357372,0.817446584,0.043083144,-0.77436344,,,,,,,,,,,,,
Persistence,MEO-1,2025-09-08 14:01:00,-0.678427685,-0.362948108,0.31547957699999996,0.554813929,-0.790320568,-1.345134497,0.660263769,0.422599971,-0.23766379799999993,0.108705585,0.265575346,0.156869761,,,,,,,,,,,,,
Persistence,MEO-1,2025-09-08 15:00:00,-0.595481593,-0.362948108,0.23253348500000004,0.3193556,-0.790320568,-1.109676168,0.794949966,0.422599971,-0.372349995,-0.07212362,0.265575346,0.337698966,,,,,,,,,,,,,
Persistence,MEO-1,2025-09-08 16:00:00,-0.563411338,-0.362948108,0.20046323,-0.044653192,-0.790320568,-0.745667376,0.774602206,0.422599971,-0.35200223499999994,-0.185823327,0.265575346,0.45139867300000003,,,,,,,,,,,,,
Persistence,MEO-1,2025-09-08 17:00:00,-0.60375211,-0.362948108,0.24080400199999996,-0.271074884,-0.790320568,-0.5192456839999999,0.676786087,0.422599971,-0.25418611599999996,0.047174382,0.265575346,0.21840096399999998,,,,,,,,,,,,,
Persistence,MEO-1,2025-09-08 18:00:00,-0.640059356,-0.362948108,0.277111248,-0.46321632,-0.790320568,-0.32710424799999993,0.329910442,0.422599971,0.09268952899999999,0.007417315,0.265575346,0.258158031,,,,,,,,,,,,,
Persistence,MEO-1,2025-09-08 19:00:00,-0.845060995,-0.362948108,0.482112887,-0.542391572,-0.790320568,-0.24792899599999996,0.099745899,0.422599971,0.32285407200000005,0.025049698,0.265575346,0.24052564799999998,,,,,,,,,,,,,
Persistence,MEO-2,2025-09-10 11:41:00,0.01732089,-0.004810769,-0.022131658999999998,0.034334149,-0.092135196,-0.126469345,0.003546762,0.05240944,0.048862678,-0.011464963,-0.02123448,-0.009769517,,,,,,,,,,,,,
Persistence,MEO-2,2025-09-10 11:51:00,0.017133847,-0.004810769,-0.021944616,0.022090614,-0.092135196,-0.11422581000000001,-0.015149363,0.05240944,0.067558803,-0.011464963,-0.02123448,-0.009769517,,,,,,,,,,,,,
Persistence,MEO-2,2025-09-10 12:01:00,-0.016649667,-0.004810769,0.011838898,0.071730789,-0.092135196,-0.163865985,0.071352192,0.05240944,-0.018942751999999993,-0.028915192,-0.02123448,0.007680711999999999,,,,,,,,,,,,,
Persistence,MEO-2,2025-09-10 12:11:00,-0.014073573,-0.004810769,0.009262804,0.058960408,-0.092135196,-0.151095604,0.026658776,0.05240944,0.025750664000000003,-0.008910701,-0.02123448,-0.012323779,,,,,,,,,,,,,
Persistence,MEO-2,2025-09-10 12:21:00,-0.043862961,-0.004810769,0.039052192,0.013334915,-0.092135196,-0.105470111,0.090425968,0.05240944,-0.038016527999999994,-0.04381116,-0.02123448,0.022576680000000002,,,,,,,,,,,,,
Persistence,MEO-2,2025-09-10 12:31:00,-0.102973944,-0.004810769,0.09816317499999999,0.03641,-0.092135196,-0.128545196,0.137710626,0.05240944,-0.085301186,-0.006356499,-0.02123448,-0.014877981,,,,,,,,,,,,,
Persistence,MEO-2,2025-09-10 13:42:00,-0.604872985,-0.004810769,0.600062216,0.045217603,-0.092135196,-0.137352799,0.78919402,0.05240944,-0.73678458,0.042755621,-0.02123448,-0.063990101,,,,,,,,,,,,,
Persistence,MEO-2,2025-09-10 13:51:00,-0.297227101,-0.004810769,0.292416332,-0.039529767,-0.092135196,-0.052605429,0.184171516,0.05240944,-0.131762076,-0.00378428,-0.02123448,-0.0174502,,,,,,,,,,,,,
Persistence,MEO-2,2025-09-10 14:01:00,-0.256092004,-0.004810769,0.251281235,-0.041247133,-0.092135196,-0.050888063000000004,0.214914382,0.05240944,-0.16250494199999999,-0.00378428,-0.02123448,-0.0174502,,,,,,,,,,,,,
Persistence,MEO-2,2025-09-10 14:11:00,-0.241582772,-0.004810769,0.236772003,-0.053077806,-0.092135196,-0.039057390000000004,0.100638509,0.05240944,-0.048229069,0.03367041,-0.02123448,-0.05490489,,,,,,,,,,,,,
Persistence,MEO-2,2025-09-10 14:21:00,-0.246787785,-0.004810769,0.24197701600000002,-0.004013434,-0.092135196,-0.088121762,0.102492996,0.05240944,-0.050083556,-0.00378428,-0.02123448,-0.0174502,,,,,,,,,,,,,
Persistence,MEO-2,2025-09-10 15:27:00,-0.77616653,-0.004810769,0.771355761,0.031439345,-0.092135196,-0.12357454100000001,0.096714936,0.05240944,-0.044305496,0.047095207,-0.02123448,-0.068329687,,,,,,,,,,,,,
Persistence,MEO-2,2025-09-10 15:31:00,-0.19744923,-0.004810769,0.192638461,0.046858054,-0.092135196,-0.13899325,0.020822335,0.05240944,0.031587105000000004,0.031116179,-0.02123448,-0.052350659,,,,,,,,,,,,,
Persistence,MEO-2,2025-09-10 15:41:00,-0.197551704,-0.004810769,0.192740935,-0.004527792,-0.092135196,-0.087607404,0.016995404,0.05240944,0.035414036,0.01109373,-0.02123448,-0.032328209999999996,,,,,,,,,,,,,
Persistence,MEO-2,2025-09-10 16:48:00,-0.658341106,-0.004810769,0.653530337,-0.168878008,-0.092135196,0.076742812,-0.333790079,0.05240944,0.38619951900000005,-0.195190942,-0.02123448,0.173956462,,,,,,,,,,,,,
Persistence,MEO-2,2025-09-10 16:51:00,-0.119109925,-0.004810769,0.114299156,0.005065087,-0.092135196,-0.097200283,-0.045552712,0.05240944,0.097962152,-0.033576246,-0.02123448,0.012341765999999997,,,,,,,,,,,,,
Persistence,MEO-2,2025-09-10 17:01:00,-0.179179491,-0.004810769,0.174368722,-0.04787511,-0.092135196,-0.044260086000000004,-0.094082613,0.05240944,0.146492053,0.003878415,-0.02123448,-0.025112895,,,,,,,,,,,,,
Persistence,MEO-2,2025-09-10 17:11:00,-0.271167127,-0.004810769,0.266356358,0.008144267,-0.092135196,-0.100279463,-0.149303928,0.05240944,0.201713368,0.003878415,-0.02123448,-0.025112895,,,,,,,,,,,,,
Harmonic Ridge,GEO,2025-09-08 00:11:00,13.11178288,0.14263138059206543,-12.969151499407934,52.78996231,0.1819930405927675,-52.607969269407235,-42.91500574,3.528732773196948,46.44373851319695,29.74719472,-0.9530400413677588,-30.70023476136776,,,,,,,,,,,,,
Harmonic Ridge,GEO,2025-09-08 00:24:00,-24.83713549,0.0008122829517626107,24.837947772951765,-75.2527814,0.010658980324943612,75.26344038032495,18.7007945,3.687423093177819,-15.01337140682218,-35.46320138,-1.0456581015640012,34.417543278436,,,,,,,,,,,,,
Harmonic Ridge,GEO,2025-09-08 00:39:00,2.640146777,-0.10520056665617727,-2.745347343656177,3.879810199,-0.10794052603360915,-3.9877507250336093,4.213404928,3.8820445347029318,-0.33136039329706835,-0.065431803,-1.1585076900130429,-1.0930758870130428,,,,,,,,,,,,,
Harmonic Ridge,GEO,2025-09-08 00:54:00,20.88661929,-0.1454746920954979,-21.032093982095496,33.50227412,-0.13841884494457513,-33.64069296494458,31.05613169,4.066475542866281,-26.98965614713372,4.77264071,-1.2739185199408605,-6.04655922994086,,,,,,,,,,,,,
Harmonic Ridge,GEO,2025-09-08 01:09:00,-2.484121658,-0.1221908866925725,2.3619307713074273,-2.839942042,-0.08651910007551211,2.753422941924488,-3.907376413,4.214096063217693,8.121472476217694,-0.313548465,-1.3850419421242848,-1.0714934771242848,,,,,,,,,,,,,
Harmonic Ridge,GEO,2025-09-08 01:24:00,3.870459795,-0.04346647177054852,-3.9139262667705483,3.483555913,0.03377562300334447,-3.4497802899966556,-3.901639407,4.298459398946435,8.200098805946435,-0.14285995,-1.4817586115295893,-1.3388986615295893,,,,,,,,,,,,,
Harmonic Ridge,GEO,2025-09-08 01:39:00,4.446584508,0.07812013947128926,-4.368464368528711,5.520261291,0.20269687177573503,-5.317564419224265,-0.250816639,4.296681252717474,4.547497891717474,0.307032086,-1.5509525219193607,-1.8579846079193607,,,,,,,,,,,,,
Harmonic Ridge,GEO,2025-09-08 01:54:00,-7.03531722,0.22760891491778168,7.262926134917781,-16.38756617,0.3978413053808372,16.785407475380836,-14.16058641,4.192378803162421,18.35296521316242,-5.418286458,-1.5775181211428677,3.840768336857132,,,,,,,,,,,,,
Harmonic Ridge,GEO,2025-09-08 02:09:00,1.521143753,0.3900182232037077,-1.1311255297962923,2.441407826,0.5975247508601649,-1.843883075139835,3.219657793,3.977794514948159,0.758136721948159,-0.14285995,-1.546059577286436,-1.403199627286436,,,,,,,,,,,,,
Harmonic Ridge,GEO,2025-09-08 02:24:00,-1.754055567,0.5526139085878764,2.3066694755878765,-1.366148803,0.7838236077235419,2.149972410723542,2.167641083,3.654857107413819,1.487216024413819,-0.313548465,-1.4431100930881373,-1.1295616280881373,,,,,,,,,,,,,
Harmonic Ridge,GEO,2025-09-08 02:40:00,15.92827525,0.7165803435419589,-15.211694906458042,25.44078524,0.9545215496207415,-24.48626369037926,13.30615765,3.2040965268562416,-10.102061123143757,4.851715947,-1.244381815448584,-6.096097762448584,,,,,,,,,,,,,
Harmonic Ridge,GEO,2025-09-08 02:54:00,0.620170079,0.8488144468873913,0.2286443678873913,1.482095059,1.0758790449630258,-0.40621601403697416,1.700526586,2.7383458075795555,1.0378192215795554,0.143984112,-0.9931092966491436,-1.1370934086491435,,,,,,,,,,,,,
Harmonic Ridge,GEO,2025-09-08 03:09:00,3.176246542,0.9806142370171798,-2.19563230498282,2.631436545,1.1793166498616539,-1.4521198951383463,-9.231028221,2.1907911959235586,11.42181941692356,0.16743034,-0.6498249092210451,-0.8172552492210451,,,,,,,,,,,,,
Harmonic Ridge,GEO,2025-09-08 03:24:00,4.141316079,1.1083080084699763,-3.0330080705300237,4.747581668,1.2633143604700043,-3.4842673075299953,-0.192329503,1.6220671636980353,1.8143966666980353,0.275945287,-0.24534153522610763,-0.5212868222261076,,,,,,,,,,,,,
Harmonic Ridge,GEO,2025-09-08 03:39:00,-9.216858581,1.2408644042715815,10.457722985271582,-15.87790369,1.339511721107713,17.217415411107712,-12.38920725,1.062372829694234,13.451580079694235,-3.524388557,0.19543997650323663,3.719828533503237,,,,,,,,,,,,,
Harmonic Ridge,GEO,2025-09-08 03:54:00,0.20270155,1.387792038251266,1.185090488251266,1.696127512,1.4201590933594486,-0.2759684186405513,3.890172646,0.5396222011374587,-3.350550444862541,-0.069796061,0.6397392033080389,0.7095352643080389,,,,,,,,,,,,,
Harmonic Ridge,GEO,2025-09-08 04:09:00,3.166083612,1.5566755519390014,-1.6094080600609986,4.033427253,1.5151595112640268,-2.5182677417359733,3.207260056,0.0770853175791526,-3.1301747384208474,-0.236643395,1.0494925558395012,1.2861359508395012,,,,,,,,,,,,,
Harmonic Ridge,GEO,2025-09-08 04:24:00,0.440723937,1.750904470175681,1.310180533175681,1.635624114,1.629529588323728,-0.006094525676272111,-0.868616651,-0.3082473061366848,0.5603693448633151,0.119988274,1.3849076096854394,1.2649193356854393,,,,,,,,,,,,,
Harmonic Ridge,GEO,2025-09-08 04:40:00,2.076129898,1.9830905694743068,-0.09303932852569319,2.416580204,1.7709966122511118,-0.6455835917488884,0.145633547,-0.623112801854514,-0.768746348854514,-0.329903762,1.6187312531737643,1.9486350151737644,,,,,,,,,,,,,
Harmonic Ridge,GEO,2025-09-08 04:54:00,-0.58745927,2.1987959256016154,2.7862551956016155,-0.098023806,1.9031174418161512,2.001141247816151,1.424576663,-0.8145293185474192,-2.2391059815474192,-0.2464741,1.6898020583389275,1.9362761583389274,,,,,,,,,,,,,
Harmonic Ridge,GEO,2025-09-08 05:09:00,35.72054858,2.4278491722163555,-33.292699407783644,42.28232419,2.0388056137328565,-40.24351857626714,4.288607874,-0.9356560089543087,-5.224263882954309,2.415789744,1.6081847591032823,-0.8076049848967177,,,,,,,,,,,,,
Harmonic Ridge,GEO,2025-09-08 05:24:00,-2.56484355,2.6347921498362132,5.199635699836213,-2.970954809,2.14957189530356,5.12052670430356,-4.450318204,-0.9776731915928483,3.4726450124071517,-0.019063113,1.356666566400618,1.375729679400618,,,,,,,,,,,,,
Harmonic Ridge,GEO,2025-09-08 05:40:00,1.354207333,2.80543071501056,1.45122338201056,2.966350861,2.2170525124924607,-0.7492983485075393,8.597062898,-0.947548833612361,-9.544611731612362,0.368655295,0.9100409715249487,0.5413856765249487,,,,,,,,,,,,,
Harmonic Ridge,GEO,2025-09-08 05:54:00,2.220279891,2.8915993155285213,0.6713194245285212,2.566548221,2.215869994780687,-0.3506782262193133,0.438858352,-0.8690415152052355,-1.3078998672052355,-0.150496503,0.3892840064676723,0.5397805094676723,,,,,,,,,,,,,
Harmonic Ridge,GEO,2025-09-08 06:09:00,-0.714754321,2.900890225420562,3.615644546420562,0.539621592,2.139466510269896,1.5998449182698962,-3.08439627,-0.7423748212738419,2.3420214487261584,0.135793182,-0.26903473857244425,-0.40482792057244427,,,,,,,,,,,,,
Harmonic Ridge,GEO,2025-09-08 06:24:00,1.174848914,2.8132988258823475,1.6384499118823475,1.807139341,1.9803473093231354,0.17320796832313534,2.329414778,-0.5819437346366116,-2.9113585126366113,-0.174497108,-0.9871653865218467,-0.8126682785218466,,,,,,,,,,,,,
Harmonic Ridge,GEO,2025-09-08 06:40:00,-23.64092775,2.6109755843706206,26.25190333437062,-27.67680685,1.7247165468777832,29.40152339687778,-12.32315848,-0.3832010354688615,11.939957444531139,-1.679029482,-1.7625903345101073,-0.08356085251010725,,,,,,,,,,,,,
Harmonic Ridge,GEO,2025-09-08 06:55:00,2.795236584,2.3285836814935497,-0.4666529025064503,3.120386671,1.4202513887400774,-1.7001352822599225,1.696335498,-0.1777890329221033,-1.8741245309221033,-0.136323006,-2.4452784922091535,-2.3089554862091535,,,,,,,,,,,,,
Harmonic Ridge,GEO,2025-09-08 07:09:00,2.898205072,2.001481057578648,-0.896724014421352,2.64583762,1.1008998434111263,-1.5449377765888737,-9.674528752,0.026333351896525303,9.700862103896526,-0.221388816,-3.002876054963641,-2.7814872389636407,,,,,,,,,,,,,
Harmonic Ridge,GEO,2025-09-08 07:24:00,-2.217445955,1.6095707025850408,3.827016657585041,-2.385242142,0.749379064870998,3.134621206870998,-5.203788086,0.2548944008639801,5.458682486863981,-0.252475615,-3.4810201367074054,-3.2285445217074056,,,,,,,,,,,,,
Harmonic Ridge,GEO,2025-09-08 07:40:00,18.00612449,1.1819517822595917,-16.82417270774041,22.80155525,0.399635575410864,-22.401919674589134,14.7349589,0.5063409831258734,-14.228617916874127,1.422745274,-3.8293862521591806,-5.2521315261591806,,,,,,,,,,,,,
Harmonic Ridge,GEO,2025-09-08 07:54:00,0.088465575,0.8336608009090298,0.7451952259090299,0.689170584,0.1439088244210982,-0.5452617595789018,0.209816068,0.7295594079210123,0.5197433399210123,0.040355033,-3.988920057787819,-4.029275090787819,,,,,,,,,,,,,
Harmonic Ridge,GEO,2025-09-08 08:09:00,1.798520643,0.5206403954322706,-1.2778802475677296,2.436178502,-0.053480397477999486,-2.4896588994779996,1.439228287,0.9680168469353319,-0.4712114400646681,0.042560096,-4.014807796627943,-4.057367892627943,,,,,,,,,,,,,
Harmonic Ridge,GEO,2025-09-08 08:24:00,-15.7292637,0.29761232901453555,16.026876029014534,-17.63745653,-0.15582592321696642,17.481630606783035,-4.43596295,1.2009428442969352,5.636905794296935,-0.795050318,-3.9089373532817353,-3.1138870352817354,,,,,,,,,,,,,
Harmonic Ridge,GEO,2025-09-08 08:40:00,11.2306255,0.17998555388539922,-11.0506399461146,14.38979733,-0.15509150704665808,-14.544888837046658,5.795854329,1.4371909931339324,-4.358663335866067,0.693649746,-3.683159750431714,-4.376809496431714,,,,,,,,,,,,,
Harmonic Ridge,GEO,2025-09-08 08:55:00,-11.64564588,0.18921392390516278,11.834859803905163,-13.63593391,-0.05987952276836994,13.57605438723163,-8.872044343,1.6415021844983333,10.513546527498335,-0.826680161,-3.4024999214702483,-2.575819760470248,,,,,,,,,,,,,
Harmonic Ridge,GEO,2025-09-08 09:09:00,11.66643739,0.296118821155544,-11.370318568844457,13.04275768,0.09379988779748749,-12.948957792202512,-11.0875971,1.8129070575532054,12.900504157553206,0.414446285,-3.113103184786727,-3.527549469786727,,,,,,,,,,,,,
Harmonic Ridge,GEO,2025-09-08 09:24:00,-0.36742745,0.4978545670382972,0.8652820170382972,-0.195659272,0.3006974788159144,0.4963567508159144,0.49451063,1.9726583309964005,1.4781477009964006,0.182161842,-2.805252353916877,-2.987414195916877,,,,,,,,,,,,,
Harmonic Ridge,GEO,2025-09-08 09:40:00,-2.57022915,0.7800533067706886,3.3502824567706884,-1.916816372,0.5319092013350278,2.448725573335028,5.498668224,2.1140951530616534,-3.384573070938347,-0.065982161,-2.508959622615506,-2.442977461615506,,,,,,,,,,,,,
Harmonic Ridge,GEO,2025-09-08 10:00:00,-23.09012852,1.1640915272795844,24.254220047279585,37.54724247,0.7731805693409287,-36.77406190065907,-4.612090838,2.2501328258947164,6.862223663894717,41.75403693,-2.2154954679632453,-43.96953239796324,,,,,,,,,,,,,
Harmonic Ridge,GEO,2025-09-08 12:00:00,-0.075953111,0.8192384919873292,0.8951916029873292,0.112685762,-0.41734408830109804,-0.5300298503010981,-0.095472671,2.5388041260021814,2.6342767970021814,1.080834464,-1.397485146981726,-2.478319610981726,,,,,,,,,,,,,
Harmonic Ridge,GEO,2025-09-08 14:00:00,5.656008624,-0.22396563252138935,-5.87997425652139,4.419923007,0.07122629915311007,-4.348696707846891,7.683882459,1.458747001846611,-6.225135457153389,0.027322905,0.14172565363322864,0.11440274863322863,,,,,,,,,,,,,
Harmonic Ridge,GEO,2025-09-08 16:00:00,-0.55224308,1.0469418986562529,1.5991849786562529,-1.278846525,0.5874118003345633,1.8662583253345635,-2.288825294,0.45644513399747644,2.7452704279974762,3.593665797,0.5032099424084647,-3.0904558545915353,,,,,,,,,,,,,
Harmonic Ridge,GEO,2025-09-08 16:04:00,32.76809424,1.0561012128115008,-31.7119930271885,-47.77162129,0.5679588582074109,48.33958014820741,-23.22418169,0.46423682112391973,23.68841851112392,-56.23605286,0.5340132451431624,56.770066105143165,,,,,,,,,,,,,
Harmonic Ridge,GEO,2025-09-08 16:25:00,-32.19045679,1.081938259687813,33.27239504968781,-18.75551389,0.48926962072204294,19.244783510722044,-7.470545611,0.5111141001126357,7.981659711112636,9.566011168,0.7100286144497401,-8.855982553550259,,,,,,,,,,,,,
Harmonic Ridge,GEO,2025-09-08 16:40:00,2.460983526,1.090580157750337,-1.3704033682496632,1.586390238,0.47172898052064166,-1.1146612574793582,-0.87543031,0.5305055412146767,1.405935851214677,-0.267179805,0.833691959975523,1.100871764975523,,,,,,,,,,,,,
Harmonic Ridge,GEO,2025-09-08 16:56:00,38.17062875,1.1050272829369636,-37.06560146706303,24.6922969,0.4978656200009523,-24.194431279999048,7.145243007,0.5162801426031649,-6.6289628643968355,-10.61300152,0.9409707852280835,11.553972305228083,,,,,,,,,,,,,
Harmonic Ridge,GEO,2025-09-08 17:10:00,-33.69736016,1.129783739845509,34.82714389984551,45.44299703,0.5580574454515166,-44.88493958454848,-13.08360294,0.4626432160069819,13.546246156006982,55.86907571,0.9974853798134171,-54.87159033018658,,,,,,,,,,,,,
Harmonic Ridge,GEO,2025-09-08 17:25:00,36.59101698,1.1731658506241573,-35.41785112937584,-44.17494053,0.6541061986698374,44.82904672866984,13.52818752,0.35700775299923104,-13.171179767000769,-56.72900751,1.0051331773716965,57.7341406873717,,,,,,,,,,,,,
Harmonic Ridge,GEO,2025-09-08 17:41:00,1.344587222,1.2391031669123285,-0.10548405508767145,0.562752731,0.7790132698877699,0.21626053888776986,3.761166895,0.1922670419955384,-3.5688998530044618,-0.17339636,0.9425965878677387,1.1159929478677386,,,,,,,,,,,,,
Harmonic Ridge,GEO,2025-09-08 17:55:00,-32.95110114,1.3106313758025956,34.26173251580259,49.51804937,0.8937213822018233,-48.624327987798175,-19.15237799,0.014232031249404642,19.166610021249404,58.28483566,0.8253813142784526,-57.45945434572155,,,,,,,,,,,,,
Harmonic Ridge,GEO,2025-09-08 18:10:00,-0.305997152,1.3963508718915034,1.7023480238915034,2.009282321,1.008570557385092,-1.000711763614908,0.314848751,-0.19365221772515068,-0.5085009687251507,0.726387682,0.6393544009524464,-0.08703328104755359,,,,,,,,,,,,,
Harmonic Ridge,GEO,2025-09-08 18:26:00,1.132001624,1.4910649168925354,0.35906329289253547,0.451621234,1.1097993735255947,0.6581781395255947,0.493815427,-0.4080399021004571,-0.9018553291004571,-0.019613502,0.38454518759618467,0.4041586895961847,,,,,,,,,,,,,
Harmonic Ridge,GEO,2025-09-08 18:40:00,1.235439487,1.5711646196612672,0.33572513266126713,0.183348179,1.1748069769534202,0.9914587979534202,0.311073953,-0.5639406773116069,-0.8750146303116069,0.011473327,0.12947777114129122,0.11800444414129121,,,,,,,,,,,,,
Harmonic Ridge,GEO,2025-09-08 18:56:00,-0.351560704,1.6549285288503703,2.0064892328503703,-0.854873613,1.222491440418569,2.077365053418569,0.017549807,-0.6765816465867376,-0.6941314535867376,0.091630695,-0.17669712537089238,-0.26832782037089237,,,,,,,,,,,,,
Harmonic Ridge,GEO,2025-09-08 19:10:00,0.113651317,1.7198017796351037,1.6061504626351037,-0.155487459,1.246722153001439,1.402209612001439,-1.267191719,-0.6967326329816781,0.5704590860183218,0.119988274,-0.43815699281329235,-0.5581452668132924,,,,,,,,,,,,,
Harmonic Ridge,GEO,2025-09-08 19:26:00,-0.467603747,1.7852485401811236,2.2528522871811236,-0.701513827,1.2665758955322715,1.9680897225322713,1.16759699,-0.6124895633739531,-1.7800865533739532,-0.004358952,-0.708347899667559,-0.7039889476675589,,,,,,,,,,,,,
Harmonic Ridge,GEO,2025-09-08 19:40:00,0.137678191,1.8376689468129686,1.6999907558129685,-0.405414917,1.2897060293456097,1.6951209463456096,-0.10533489,-0.43846953448232656,-0.33313464448232655,0.010922968,-0.9054142341681682,-0.9163372021681683,,,,,,,,,,,,,
Harmonic Ridge,GEO,2025-09-08 19:56:00,0.470745035,1.8966396709359385,1.4258946359359386,0.213780936,1.3377191975250273,1.1239382615250273,-0.13039598,-0.12851817600050103,0.001877803999498967,0.00327874,-1.074510615222767,-1.077789355222767,,,,,,,,,,,,,
Harmonic Ridge,GEO,2025-09-08 20:10:00,-0.069602624,1.9511874497512172,2.020790073751217,-0.057075571,1.4085565480490747,1.4656321190490746,0.252693483,0.22755231036039494,-0.025141172639605053,0.135242793,-1.1697443157721563,-1.3049871087721563,,,,,,,,,,,,,
Harmonic Ridge,GEO,2025-09-08 20:26:00,-0.433093637,2.0197948577532094,2.4528884947532092,-0.792054567,1.528508954930684,2.320563521930684,-0.847556297,0.7071200697375075,1.5546763667375076,-0.004358922,-1.2207773150146262,-1.2164183930146262,,,,,,,,,,,,,
Harmonic Ridge,GEO,2025-09-08 20:40:00,0.223632611,2.085339996247199,1.8617073852471988,0.233282365,1.666274861111818,1.4329924961118181,0.336291461,1.1641046332586316,0.8278131722586315,0.135242793,-1.221809650685834,-1.357052443685834,,,,,,,,,,,,,
Harmonic Ridge,GEO,2025-09-08 20:56:00,0.22905368,2.1629268369483787,1.9338731569483787,-0.106023751,1.8514009819267083,1.9574247329267083,0.114328878,1.69450713834777,1.5801782603477699,-0.085047283,-1.185681521692574,-1.100634238692574,,,,,,,,,,,,,
Harmonic Ridge,GEO,2025-09-08 21:13:00,12.00274335,2.239459251845969,-9.763284098154031,23.53857819,2.0593808098179656,-21.479197380182033,4.222093838,2.227360062519073,-1.9947337754809271,7.254931645,-1.1213880670234417,-8.376319712023442,,,,,,,,,,,,,
Harmonic Ridge,GEO,2025-09-08 22:58:00,-20.86702867,1.7450020154822636,22.612030685482264,-1.634100072,1.9071624833572605,3.5412625553572603,-5.421909171,3.6452352153967267,9.067144386396727,7.800273973,-1.0004829799737502,-8.800756952973751,,,,,,,,,,,,,
Harmonic Ridge,GEO,2025-09-08 23:00:00,16.65338836,1.7136571921386892,-14.939731167861312,5.89436695,1.868777176938526,-4.0255897730614745,30.49590906,3.649459862002911,-26.84644919799709,-0.339650105,-1.0073137738096258,-0.6676636688096258,,,,,,,,,,,,,
Harmonic Ridge,GEO,2025-09-08 23:10:00,-10.51616261,1.5488288904712102,12.06499150047121,-14.89356624,1.6636242025369823,16.55719044253698,-13.26656623,3.6715271852712297,16.93809341527123,-2.517735278,-1.0455143383824848,1.4722209396175152,,,,,,,,,,,,,
Harmonic Ridge,GEO,2025-09-08 23:26:00,0.08282391,1.2669197320087247,1.1840958220087248,2.086558733,1.3051673943164919,-0.7813913386835081,-11.35415101,3.721793638420968,15.075944648420968,2.074412654,-1.1190213306658041,-3.193433984665804,,,,,,,,,,,,,
Harmonic Ridge,GEO,2025-09-08 23:41:00,-1.738360018,1.0003625650967853,2.738722583096785,-0.490893051,0.9632254363033712,1.4541184873033712,-0.06068912,3.8006117899480567,3.861300909948057,0.817446584,-1.1996733335975696,-2.0171199175975696,,,,,,,,,,,,,
Harmonic Ridge,MEO-1,2025-09-08 14:01:00,-0.678427685,-0.1406581088257125,0.5377695761742874,0.554813929,-0.33865865396513134,-0.8934725829651313,0.660263769,0.7853781782002239,0.12511440920022399,0.108705585,0.04682430597553854,-0.06188127902446145,,,,,,,,,,,,,
Harmonic Ridge,MEO-1,2025-09-08 15:00:00,-0.595481593,-0.09178116288006877,0.5037004301199313,0.3193556,-0.37117508226273604,-0.6905306822627361,0.794949966,0.800643235029943,0.005693269029942938,-0.07212362,0.1260934391996776,0.1982170591996776,,,,,,,,,,,,,
Harmonic Ridge,MEO-1,2025-09-08 16:00:00,-0.563411338,-0.13945411961657234,0.42395721838342765,-0.044653192,-0.34054350490650015,-0.29589031290650014,0.774602206,0.8825711895301395,0.1079689835301395,-0.185823327,0.2922158770580205,0.4780392040580205,,,,,,,,,,,,,
Harmonic Ridge,MEO-1,2025-09-08 17:00:00,-0.60375211,0.0026140959512933604,0.6063662059512933,-0.271074884,-0.3395369384565285,-0.06846205445652848,0.676786087,0.9865207459236804,0.30973465892368046,0.047174382,0.21615741660555235,0.16898303460555236,,,,,,,,,,,,,
Harmonic Ridge,MEO-1,2025-09-08 18:00:00,-0.640059356,0.12867032999738126,0.7687296859973812,-0.46321632,-0.31725361179656647,0.14596270820343354,0.329910442,0.9824577185947749,0.6525472765947748,0.007417315,0.040637413309233573,0.03322009830923357,,,,,,,,,,,,,
Harmonic Ridge,MEO-1,2025-09-08 19:00:00,-0.845060995,0.016743185598159238,0.8618041805981592,-0.542391572,-0.30873183742105664,0.23365973457894335,0.099745899,0.849940600933617,0.750194701933617,0.025049698,0.07951370863263035,0.05446401063263036,,,,,,,,,,,,,
Harmonic Ridge,MEO-2,2025-09-10 11:41:00,0.01732089,-0.11161293011965177,-0.12893382011965177,0.034334149,-0.1387112323686592,-0.1730453813686592,0.003546762,0.0861171589618531,0.0825703969618531,-0.011464963,0.006505468344150227,0.017970431344150228,,,,,,,,,,,,,
Harmonic Ridge,MEO-2,2025-09-10 11:51:00,0.017133847,-0.11518272805537598,-0.13231657505537597,0.022090614,-0.14608432884452455,-0.16817494284452456,-0.015149363,0.08308543817796356,0.09823480117796356,-0.011464963,0.00861238622999734,0.020077349229997342,,,,,,,,,,,,,
Harmonic Ridge,MEO-2,2025-09-10 12:01:00,-0.016649667,-0.11725956431414555,-0.10060989731414555,0.071730789,-0.15316054532548326,-0.22489133432548325,0.071352192,0.08185208973411438,0.010499897734114388,-0.028915192,0.010801338627295605,0.039716530627295604,,,,,,,,,,,,,
Harmonic Ridge,MEO-2,2025-09-10 12:11:00,-0.014073573,-0.1180038769839582,-0.1039303039839582,0.058960408,-0.15948612498284467,-0.21844653298284467,0.026658776,0.0822327393967334,0.0555739633967334,-0.008910701,0.012924689469288498,0.0218353904692885,,,,,,,,,,,,,
Harmonic Ridge,MEO-2,2025-09-10 12:21:00,-0.043862961,-0.11766176618504277,-0.07379880518504278,0.013334915,-0.16463260059610427,-0.17796751559610427,0.090425968,0.08388788325438207,-0.006538084745617928,-0.04381116,0.01483782009185221,0.05864898009185221,,,,,,,,,,,,,
Harmonic Ridge,MEO-2,2025-09-10 12:31:00,-0.102973944,-0.11654505236874299,-0.013571108368742993,0.03641,-0.16822554005626894,-0.20463554005626894,0.137710626,0.08635336489848854,-0.05135726110151147,-0.006356499,0.016409500297945443,0.02276599929794544,,,,,,,,,,,,,
Harmonic Ridge,MEO-2,2025-09-10 13:42:00,-0.604872985,-0.11638965773240736,0.4884833272675926,0.045217603,-0.1372759649619422,-0.1824935679619422,0.78919402,0.08113145197793849,-0.7080625680220616,0.042755621,0.012892778711398269,-0.029862842288601733,,,,,,,,,,,,,
Harmonic Ridge,MEO-2,2025-09-10 13:51:00,-0.297227101,-0.12012557517056906,0.17710152582943095,-0.039529767,-0.12763403865888598,-0.08810427165888599,0.184171516,0.07395512393147631,-0.1102163920685237,-0.00378428,0.010988315733714865,0.014772595733714866,,,,,,,,,,,,,
Harmonic Ridge,MEO-2,2025-09-10 14:01:00,-0.256092004,-0.12552503252757208,0.1305669714724279,-0.041247133,-0.11634598004223769,-0.07509884704223768,0.214914382,0.06435198900933804,-0.15056239299066193,-0.00378428,0.00881080680807226,0.01259508680807226,,,,,,,,,,,,,
Harmonic Ridge,MEO-2,2025-09-10 14:11:00,-0.241582772,-0.1321400594380755,0.1094427125619245,-0.053077806,-0.10484797332008051,-0.051770167320080517,0.100638509,0.05348122499958631,-0.04715728400041369,0.03367041,0.006717957765512585,-0.026952452234487414,,,,,,,,,,,,,
Harmonic Ridge,MEO-2,2025-09-10 14:21:00,-0.246787785,-0.13980702304778755,0.10698076195221246,-0.004013434,-0.09351966890134618,-0.08950623490134618,0.102492996,0.04193948989007962,-0.060553506109920385,-0.00378428,0.004859243267416074,0.008643523267416074,,,,,,,,,,,,,
Harmonic Ridge,MEO-2,2025-09-10 15:27:00,-0.77616653,-0.20014912322300263,0.5760174067769974,0.031439345,-0.03717611261180251,-0.06861545761180252,0.096714936,-0.0017497221149619935,-0.098464658114962,0.047095207,0.0050254741220728165,-0.04206973287792718,,,,,,,,,,,,,
Harmonic Ridge,MEO-2,2025-09-10 15:31:00,-0.19744923,-0.20354085488226903,-0.0060916248822690255,0.046858054,-0.03471079428280828,-0.08156884828280828,0.020822335,-0.000603205260135662,-0.021425540260135663,0.031116179,0.005769822145061152,-0.02534635685493885,,,,,,,,,,,,,
Harmonic Ridge,MEO-2,2025-09-10 15:41:00,-0.197551704,-0.21162939553629578,-0.014077691536295789,-0.004527792,-0.02860467970704089,-0.02407688770704089,0.016995404,0.004468856609422967,-0.012526547390577032,0.01109373,0.007857506866753796,-0.003236223133246204,,,,,,,,,,,,,
Harmonic Ridge,MEO-2,2025-09-10 16:48:00,-0.658341106,-0.2535839062062493,0.40475719979375063,-0.168878008,0.03189845160443607,0.20077645960443607,-0.333790079,0.07721327427449436,0.4110033532744944,-0.195190942,0.019652069993599603,0.21484301199359962,,,,,,,,,,,,,
Harmonic Ridge,MEO-2,2025-09-10 16:51:00,-0.119109925,-0.25519464621258403,-0.13608472121258403,0.005065087,0.03592084748607873,0.030855760486078732,-0.045552712,0.0794949808275974,0.1250476928275974,-0.033576246,0.01971292831630319,0.05328917431630319,,,,,,,,,,,,,
Harmonic Ridge,MEO-2,2025-09-10 17:01:00,-0.179179491,-0.26053206809578866,-0.08135257709578866,-0.04787511,0.05006058842401688,0.09793569842401688,-0.094082613,0.08475660213407883,0.17883921513407883,0.003878415,0.019492903337019224,0.015614488337019224,,,,,,,,,,,,,
Harmonic Ridge,MEO-2,2025-09-10 17:11:00,-0.271167127,-0.2658277292461579,0.005339397753842123,0.008144267,0.06507582388756991,0.056931556887569915,-0.149303928,0.08578925721192575,0.23509318521192574,0.003878415,0.01863067524185575,0.01475226024185575,,,,,,,,,,,,,
Random Forest,GEO,2025-09-08 00:11:00,13.11178288,2.678140766112709,-10.433642113887291,52.78996231,3.5911854266662475,-49.19877688333375,-42.91500574,2.6520720668382998,45.5670778068383,29.74719472,0.43567846336291255,-29.311516256637088,,,,,,,,,,,,,
Random Forest,GEO,2025-09-08 00:24:00,-24.83713549,2.689684978881986,27.526820468881986,-75.2527814,3.570963433359714,78.82374483335971,18.7007945,2.5607877729766444,-16.140006727023355,-35.46320138,0.4378688896771752,35.90107026967718,,,,,,,,,,,,,
Random Forest,GEO,2025-09-08 00:39:00,2.640146777,2.7278596173191962,0.08771284031919624,3.879810199,3.709258399689779,-0.1705517993102208,4.213404928,2.5916409226470254,-1.6217640053529747,-0.065431803,0.5639203762920568,0.6293521792920568,,,,,,,,,,,,,
Random Forest,GEO,2025-09-08 00:54:00,20.88661929,2.1234703151547927,-18.763148974845205,33.50227412,2.6870840269342064,-30.815190093065794,31.05613169,1.914866919846346,-29.141264770153654,4.77264071,0.2908817428312355,-4.481758967168765,,,,,,,,,,,,,
Random Forest,GEO,2025-09-08 01:09:00,-2.484121658,1.5875639630410112,4.071685621041011,-2.839942042,1.9936228142500896,4.8335648562500895,-3.907376413,1.5501744082374689,5.457550821237469,-0.313548465,0.18180068986664774,0.49534915486664777,,,,,,,,,,,,,
Random Forest,GEO,2025-09-08 01:24:00,3.870459795,3.1092688854710167,-0.7611909095289833,3.483555913,5.057370608768731,1.5738146957687311,-3.901639407,3.650913039620813,7.552552446620813,-0.14285995,1.235402174690516,1.378262124690516,,,,,,,,,,,,,
Random Forest,GEO,2025-09-08 01:39:00,4.446584508,2.7520691566528996,-1.6945153513471003,5.520261291,3.5690556249919125,-1.9512056660080872,-0.250816639,2.6839379815528077,2.9347546205528077,0.307032086,0.3960253913760761,0.08899330537607614,,,,,,,,,,,,,
Random Forest,GEO,2025-09-08 01:54:00,-7.03531722,3.454820227947401,10.4901374479474,-16.38756617,4.792377991330293,21.17994416133029,-14.16058641,3.572769238196567,17.733355648196568,-5.418286458,0.646821641415588,6.065108099415588,,,,,,,,,,,,,
Random Forest,GEO,2025-09-08 02:09:00,1.521143753,1.000250456485117,-0.5208932965148831,2.441407826,1.0380154862234954,-1.4033923397765045,3.219657793,1.2446571516795488,-1.9750006413204513,-0.14285995,-0.08130721144738419,0.061552738552615824,,,,,,,,,,,,,
Random Forest,GEO,2025-09-08 02:24:00,-1.754055567,1.3394898195720428,3.0935453865720426,-1.366148803,1.0251236196873412,2.391272422687341,2.167641083,2.011119985717698,-0.1565210972823019,-0.313548465,-0.05137204537400005,0.26217641962599997,,,,,,,,,,,,,
Random Forest,GEO,2025-09-08 02:40:00,15.92827525,-0.24889867509340682,-16.177173925093406,25.44078524,-0.8085281691524554,-26.249313409152457,13.30615765,0.219089825401065,-13.087067824598934,4.851715947,-0.3919709750548607,-5.24368692205486,,,,,,,,,,,,,
Random Forest,GEO,2025-09-08 02:54:00,0.620170079,2.3306254957721624,1.7104554167721624,1.482095059,2.5907582908759257,1.1086632318759257,1.700526586,2.0823272870192744,0.3818007010192743,0.143984112,0.07782309742419286,-0.06616101457580714,,,,,,,,,,,,,
Random Forest,GEO,2025-09-08 03:09:00,3.176246542,2.327911444929894,-0.8483350970701058,2.631436545,2.5902060649303844,-0.041230480069615716,-9.231028221,2.117482079385623,11.348510300385623,0.16743034,0.11427366968668097,-0.05315667031331904,,,,,,,,,,,,,
Random Forest,GEO,2025-09-08 03:24:00,4.141316079,1.5430354638053705,-2.5982806151946294,4.747581668,2.0913374940477416,-2.656244173952258,-0.192329503,1.6826492903482655,1.8749787933482656,0.275945287,0.3863681457009694,0.1104228587009694,,,,,,,,,,,,,
Random Forest,GEO,2025-09-08 03:39:00,-9.216858581,-1.9793683102902162,7.237490270709785,-15.87790369,-6.9248897008230506,8.953013989176949,-12.38920725,-5.525640452834458,6.863566797165542,-3.524388557,-3.2450324493250604,0.27935610767493957,,,,,,,,,,,,,
Random Forest,GEO,2025-09-08 03:54:00,0.20270155,2.424705801652484,2.222004251652484,1.696127512,3.1292930186801087,1.4331655066801088,3.890172646,1.8522305631152722,-2.0379420828847277,-0.069796061,0.532654379512018,0.602450440512018,,,,,,,,,,,,,
Random Forest,GEO,2025-09-08 04:09:00,3.166083612,3.3813713021925684,0.21528769019256844,4.033427253,4.330394602319991,0.29696734931999114,3.207260056,2.5577673976705464,-0.6494926583294536,-0.236643395,0.6213889919259069,0.8580323869259069,,,,,,,,,,,,,
Random Forest,GEO,2025-09-08 04:24:00,0.440723937,3.518355995038495,3.077632058038495,1.635624114,4.554665358233634,2.9190412442336338,-0.868616651,2.8726783930479285,3.7412950440479285,0.119988274,0.6071479852661689,0.48715971126616886,,,,,,,,,,,,,
Random Forest,GEO,2025-09-08 04:40:00,2.076129898,3.4109567868791193,1.3348268888791193,2.416580204,4.576445821926955,2.1598656179269544,0.145633547,3.042008903834567,2.8963753568345667,-0.329903762,0.6785935009075212,1.0084972629075213,,,,,,,,,,,,,
Random Forest,GEO,2025-09-08 04:54:00,-0.58745927,2.103147650884108,2.690606920884108,-0.098023806,2.599689034739532,2.697712840739532,1.424576663,1.9564189534878997,0.5318422904878997,-0.2464741,0.2679299876841524,0.5144040876841524,,,,,,,,,,,,,
Random Forest,GEO,2025-09-08 05:09:00,35.72054858,1.7719636276428712,-33.94858495235713,42.28232419,2.1187957174741356,-40.16352847252586,4.288607874,1.6392911635481608,-2.6493167104518394,2.415789744,0.14974718185721195,-2.266042562142788,,,,,,,,,,,,,
Random Forest,GEO,2025-09-08 05:24:00,-2.56484355,3.0379655640702996,5.6028091140703,-2.970954809,4.076793723102351,7.047748532102351,-4.450318204,2.6875334627193257,7.137851666719326,-0.019063113,0.6088077675951201,0.6278708805951201,,,,,,,,,,,,,
Random Forest,GEO,2025-09-08 05:40:00,1.354207333,4.51835477597986,3.1641474429798606,2.966350861,5.770194561400142,2.8038437004001424,8.597062898,2.796951827125166,-5.800111070874834,0.368655295,0.7331978942251771,0.3645425992251771,,,,,,,,,,,,,
Random Forest,GEO,2025-09-08 05:54:00,2.220279891,4.363607013614525,2.1433271226145245,2.566548221,5.415623667114267,2.849075446114267,0.438858352,2.1813716286199036,1.7425132766199036,-0.150496503,0.6863007090193547,0.8367972120193548,,,,,,,,,,,,,
Random Forest,GEO,2025-09-08 06:09:00,-0.714754321,5.195068015453847,5.909822336453847,0.539621592,7.081933884760874,6.542312292760874,-3.08439627,3.379882951098492,6.464279221098492,0.135793182,1.2182937593527274,1.0825005773527274,,,,,,,,,,,,,
Random Forest,GEO,2025-09-08 06:24:00,1.174848914,2.015871234889917,0.841022320889917,1.807139341,2.6573504950069253,0.8502111540069253,2.329414778,1.2468273038817772,-1.0825874741182226,-0.174497108,0.43141760581237754,0.6059147138123775,,,,,,,,,,,,,
Random Forest,GEO,2025-09-08 06:40:00,-23.64092775,1.8566577802987316,25.497585530298732,-27.67680685,2.3744360956299655,30.051242945629966,-12.32315848,2.0303496029910293,14.353508082991029,-1.679029482,0.22438800801068873,1.9034174900106888,,,,,,,,,,,,,
Random Forest,GEO,2025-09-08 06:55:00,2.795236584,0.5799797831558753,-2.2152568008441245,3.120386671,0.020230852547417324,-3.1001558184525826,1.696335498,0.9404608325925642,-0.7558746654074359,-0.136323006,-0.4119278697993826,-0.27560486379938265,,,,,,,,,,,,,
Random Forest,GEO,2025-09-08 07:09:00,2.898205072,2.021722261351317,-0.876482810648683,2.64583762,2.161193048222949,-0.4846445717770509,-9.674528752,2.2235964832089077,11.898125235208909,-0.221388816,-0.0012766117266064239,0.22011220427339356,,,,,,,,,,,,,
Random Forest,GEO,2025-09-08 07:24:00,-2.217445955,0.6322983852729248,2.849744340272925,-2.385242142,1.0881813406081366,3.473423482608137,-5.203788086,1.4696511086982111,6.6734391946982115,-0.252475615,0.1422570517401413,0.3947326667401413,,,,,,,,,,,,,
Random Forest,GEO,2025-09-08 07:40:00,18.00612449,1.9422882896800702,-16.06383620031993,22.80155525,2.392874469122048,-20.40868078087795,14.7349589,1.9348418932674547,-12.800117006732545,1.422745274,-0.22697593792454476,-1.6497212119245448,,,,,,,,,,,,,
Random Forest,GEO,2025-09-08 07:54:00,0.088465575,3.0077835641812207,2.919317989181221,0.689170584,4.026489157634877,3.337318573634877,0.209816068,2.7194329467699085,2.5096168787699087,0.040355033,-0.32606611687189624,-0.3664211498718962,,,,,,,,,,,,,
Random Forest,GEO,2025-09-08 08:09:00,1.798520643,1.933544445755366,0.13502380275536607,2.436178502,2.439495926797706,0.0033174247977059146,1.439228287,1.8472369106530309,0.4080086236530309,0.042560096,-0.003765650790556294,-0.046325746790556295,,,,,,,,,,,,,
Random Forest,GEO,2025-09-08 08:24:00,-15.7292637,1.0944518943936545,16.823715594393654,-17.63745653,1.671716366594734,19.309172896594735,-4.43596295,1.1469845629766835,5.582947512976684,-0.795050318,0.653336352776257,1.448386670776257,,,,,,,,,,,,,
Random Forest,GEO,2025-09-08 08:40:00,11.2306255,2.7540584476023837,-8.476567052397616,14.38979733,3.604796608028755,-10.785000721971246,5.795854329,2.595330824455048,-3.200523504544952,0.693649746,0.36547155079254956,-0.3281781952074504,,,,,,,,,,,,,
Random Forest,GEO,2025-09-08 08:55:00,-11.64564588,2.2755822542832744,13.921228134283275,-13.63593391,2.6903220302563584,16.32625594025636,-8.872044343,2.301975619159886,11.174019962159887,-0.826680161,0.06884057219489764,0.8955207331948976,,,,,,,,,,,,,
Random Forest,GEO,2025-09-08 09:09:00,11.66643739,3.3649211207869003,-8.3015162692131,13.04275768,4.386754483422106,-8.656003196577894,-11.0875971,3.195408484437198,14.283005584437198,0.414446285,0.4194888219995208,0.005042536999520786,,,,,,,,,,,,,
Random Forest,GEO,2025-09-08 09:24:00,-0.36742745,2.4944607440838986,2.8618881940838987,-0.195659272,3.393167966641348,3.588827238641348,0.49451063,2.8182419707986894,2.3237313407986893,0.182161842,0.3759537635784448,0.1937919215784448,,,,,,,,,,,,,
Random Forest,GEO,2025-09-08 09:40:00,-2.57022915,3.7963890053559286,6.366618155355928,-1.916816372,5.300671824702341,7.217488196702341,5.498668224,3.5531250895665387,-1.9455431344334615,-0.065982161,0.7234900908748738,0.7894722518748738,,,,,,,,,,,,,
Random Forest,GEO,2025-09-08 10:00:00,-23.09012852,4.216248537453604,27.306377057453602,37.54724247,5.755111301231042,-31.792131168768957,-4.612090838,3.642440811632636,8.254531649632636,41.75403693,-0.07674613193720313,-41.830783061937204,,,,,,,,,,,,,
Random Forest,GEO,2025-09-08 12:00:00,-0.075953111,2.0094723412626383,2.0854254522626383,0.112685762,0.8347130756953772,0.7220273136953772,-0.095472671,3.5985606636881085,3.6940333346881085,1.080834464,-0.2523915528694303,-1.3332260168694303,,,,,,,,,,,,,
Random Forest,GEO,2025-09-08 14:00:00,5.656008624,4.255776972503378,-1.4002316514966218,4.419923007,6.982609173319705,2.562686166319705,7.683882459,4.911074646920318,-2.772807812079682,0.027322905,1.7663767605710485,1.7390538555710486,,,,,,,,,,,,,
Random Forest,GEO,2025-09-08 16:00:00,-0.55224308,2.521438153867154,3.0736812338671538,-1.278846525,3.629515799284549,4.908362324284549,-2.288825294,2.0390037223217465,4.327829016321747,3.593665797,1.142761650183034,-2.450904146816966,,,,,,,,,,,,,
Random Forest,GEO,2025-09-08 16:04:00,32.76809424,2.543977370233635,-30.22411686976637,-47.77162129,3.4284285157598604,51.20004980575986,-23.22418169,2.1054224276741302,25.329604117674133,-56.23605286,0.7396281560077335,56.975681016007734,,,,,,,,,,,,,
Random Forest,GEO,2025-09-08 16:25:00,-32.19045679,3.462761472996582,35.65321826299658,-18.75551389,4.611537173747321,23.36705106374732,-7.470545611,3.0097273539932905,10.48027296499329,9.566011168,0.6835586394957553,-8.882452528504244,,,,,,,,,,,,,
Random Forest,GEO,2025-09-08 16:40:00,2.460983526,1.8308204400489947,-0.6301630859510055,1.586390238,2.29201016172977,0.70561992372977,-0.87543031,2.0032665996141934,2.8786969096141934,-0.267179805,0.2804451813131547,0.5476249863131547,,,,,,,,,,,,,
Random Forest,GEO,2025-09-08 16:56:00,38.17062875,1.6715041565390996,-36.4991245934609,24.6922969,1.628033345033117,-23.06426355496688,7.145243007,1.7935465922103693,-5.351696414789631,-10.61300152,-0.021696530264961957,10.591304989735038,,,,,,,,,,,,,
Random Forest,GEO,2025-09-08 17:10:00,-33.69736016,2.3132477332249666,36.01060789322497,45.44299703,2.6250021925234734,-42.817994837476526,-13.08360294,2.5552992696961296,15.63890220969613,55.86907571,0.1509834774116405,-55.718092232588354,,,,,,,,,,,,,
Random Forest,GEO,2025-09-08 17:25:00,36.59101698,3.0829422022512474,-33.50807477774875,-44.17494053,3.6178906563712134,47.79283118637122,13.52818752,2.8531804144776425,-10.675007105522358,-56.72900751,0.2551464825474025,56.984153992547405,,,,,,,,,,,,,
Random Forest,GEO,2025-09-08 17:41:00,1.344587222,3.626094971768199,2.281507749768199,0.562752731,3.7147027962949704,3.1519500652949706,3.761166895,2.260033260749911,-1.5011336342500892,-0.17339636,0.0032297128386285733,0.17662607283862858,,,,,,,,,,,,,
Random Forest,GEO,2025-09-08 17:55:00,-32.95110114,-0.7108361754139682,32.24026496458603,49.51804937,-6.496120315308039,-56.01416968530804,-19.15237799,-6.254037936294555,12.898340053705446,58.28483566,-3.409830381274003,-61.694666041274004,,,,,,,,,,,,,
Random Forest,GEO,2025-09-08 18:10:00,-0.305997152,2.506595892499666,2.812593044499666,2.009282321,1.3629214059834998,-0.6463609150165004,0.314848751,-0.5876452826879389,-0.9024940336879389,0.726387682,-0.5422386633645926,-1.2686263453645927,,,,,,,,,,,,,
Random Forest,GEO,2025-09-08 18:26:00,1.132001624,0.7727386658063241,-0.3592629581936758,0.451621234,1.186474790258291,0.7348535562582911,0.493815427,0.013254427396577013,-0.48056099960342297,-0.019613502,0.34280721386349894,0.36242071586349894,,,,,,,,,,,,,
Random Forest,GEO,2025-09-08 18:40:00,1.235439487,1.7033428961878545,0.46790340918785445,0.183348179,1.9987626325559562,1.8154144535559562,0.311073953,1.4643190804851014,1.1532451274851014,0.011473327,0.22167454573801598,0.21020121873801598,,,,,,,,,,,,,
Random Forest,GEO,2025-09-08 18:56:00,-0.351560704,2.392820013563113,2.744380717563113,-0.854873613,2.3077522663054304,3.1626258793054305,0.017549807,2.341246408869792,2.323696601869792,0.091630695,-0.13836270880352636,-0.22999340380352634,,,,,,,,,,,,,
Random Forest,GEO,2025-09-08 19:10:00,0.113651317,2.0763942854147612,1.9627429684147613,-0.155487459,2.8197525448898437,2.975240003889844,-1.267191719,3.107137815278222,4.374329534278222,0.119988274,0.49384897927372123,0.3738607052737212,,,,,,,,,,,,,
Random Forest,GEO,2025-09-08 19:26:00,-0.467603747,2.014800815865565,2.482404562865565,-0.701513827,3.499000071819669,4.200513898819669,1.16759699,2.9897518851459974,1.8221548951459974,-0.004358952,1.0042196665510157,1.0085786185510157,,,,,,,,,,,,,
Random Forest,GEO,2025-09-08 19:40:00,0.137678191,2.147252678112218,2.009574487112218,-0.405414917,2.7731093981994874,3.1785243151994873,-0.10533489,1.680970503941581,1.786305393941581,0.010922968,0.35896459811822823,0.34804163011822825,,,,,,,,,,,,,
Random Forest,GEO,2025-09-08 19:56:00,0.470745035,3.64815174866201,3.17740671366201,0.213780936,4.821209701779096,4.607428765779096,-0.13039598,2.583808872230785,2.7142048522307847,0.00327874,0.6178851018250114,0.6146063618250115,,,,,,,,,,,,,
Random Forest,GEO,2025-09-08 20:10:00,-0.069602624,3.5476402014791795,3.6172428254791793,-0.057075571,4.377626819347984,4.434702390347985,0.252693483,2.527872229226024,2.275178746226024,0.135242793,0.3925346619107188,0.25729186891071876,,,,,,,,,,,,,
Random Forest,GEO,2025-09-08 20:26:00,-0.433093637,4.753835420505555,5.186929057505555,-0.792054567,6.196664243968101,6.988718810968101,-0.847556297,3.6904984966568795,4.53805479365688,-0.004358922,0.7155363358737711,0.7198952578737711,,,,,,,,,,,,,
Random Forest,GEO,2025-09-08 20:40:00,0.223632611,4.267890116887308,4.044257505887308,0.233282365,5.550298215247803,5.317015850247803,0.336291461,3.1090714661005303,2.7727800051005302,0.135242793,0.5890821547501431,0.45383936175014317,,,,,,,,,,,,,
Random Forest,GEO,2025-09-08 20:56:00,0.22905368,1.7997339771590695,1.5706802971590694,-0.106023751,1.7761688008402665,1.8821925518402665,0.114328878,1.8970844033764724,1.7827555253764724,-0.085047283,-0.28320188720735745,-0.19815460420735745,,,,,,,,,,,,,
Random Forest,GEO,2025-09-08 21:13:00,12.00274335,5.694264963459479,-6.3084783865405205,23.53857819,7.942716334179069,-15.59586185582093,4.222093838,5.6991267903533975,1.4770329523533974,7.254931645,1.0927546842323603,-6.16217696076764,,,,,,,,,,,,,
Random Forest,GEO,2025-09-08 22:58:00,-20.86702867,0.8613159941745324,21.728344664174532,-1.634100072,0.912756331060277,2.546856403060277,-5.421909171,1.3821097107016003,6.804018881701601,7.800273973,0.12954180263818726,-7.670732170361813,,,,,,,,,,,,,
Random Forest,GEO,2025-09-08 23:00:00,16.65338836,1.0574837943791655,-15.595904565620835,5.89436695,1.235280143774144,-4.659086806225856,30.49590906,1.5771290459748117,-28.918780014025188,-0.339650105,0.22389120868050935,0.5635413136805093,,,,,,,,,,,,,
Random Forest,GEO,2025-09-08 23:10:00,-10.51616261,0.7328747506664215,11.249037360666422,-14.89356624,0.7727794619504197,15.66634570195042,-13.26656623,1.3501538193475262,14.616720049347526,-2.517735278,0.1002039720271468,2.617939250027147,,,,,,,,,,,,,
Random Forest,GEO,2025-09-08 23:26:00,0.08282391,0.9804106185418608,0.8975867085418608,2.086558733,1.2105556420181263,-0.8760030909818737,-11.35415101,1.1656283997303025,12.519779409730303,2.074412654,0.20001373072408787,-1.8743989232759122,,,,,,,,,,,,,
Random Forest,GEO,2025-09-08 23:41:00,-1.738360018,2.2336000780802747,3.9719600960802746,-0.490893051,2.8195986625564418,3.310491713556442,-0.06068912,1.8865409179425283,1.9472300379425282,0.817446584,0.3193793623192022,-0.4980672216807978,,,,,,,,,,,,,
Random Forest,MEO-1,2025-09-08 14:01:00,-0.678427685,-0.42415589698755835,0.2542717880124416,0.554813929,-0.3843245384605123,-0.9391384674605123,0.660263769,0.617981385124146,-0.042282383875853924,0.108705585,0.08206649326075792,-0.026639091739242074,,,,,,,,,,,,,
Random Forest,MEO-1,2025-09-08 15:00:00,-0.595481593,-0.4320622098752269,0.1634193831247731,0.3193556,-0.4066710182066911,-0.7260266182066911,0.794949966,0.6131816931550913,-0.1817682728449087,-0.07212362,0.11152370524898654,0.18364732524898653,,,,,,,,,,,,,
Random Forest,MEO-1,2025-09-08 16:00:00,-0.563411338,-0.4493138105464102,0.11409752745358981,-0.044653192,-0.386912808128196,-0.342259616128196,0.774602206,0.5861507647838676,-0.18845144121613233,-0.185823327,0.1317163357555388,0.3175396627555388,,,,,,,,,,,,,
Random Forest,MEO-1,2025-09-08 17:00:00,-0.60375211,-0.4683514367206958,0.13540067327930416,-0.271074884,-0.2835262373324818,-0.012451353332481763,0.676786087,0.5952792492046934,-0.08150683779530654,0.047174382,0.11492890831963896,0.06775452631963896,,,,,,,,,,,,,
Random Forest,MEO-1,2025-09-08 18:00:00,-0.640059356,-0.46377211162325055,0.17628724437674942,-0.46321632,-0.28628565619776747,0.17693066380223255,0.329910442,0.5931952572938218,0.2632848152938218,0.007417315,0.10368219702967944,0.09626488202967945,,,,,,,,,,,,,
Random Forest,MEO-1,2025-09-08 19:00:00,-0.845060995,-0.4515651115343865,0.3934958834656135,-0.542391572,-0.23082794658646022,0.31156362541353977,0.099745899,0.5877983360035026,0.48805243700350265,0.025049698,0.08513212040373414,0.06008242240373414,,,,,,,,,,,,,
Random Forest,MEO-2,2025-09-10 11:41:00,0.01732089,-0.07091441751781109,-0.08823530751781108,0.034334149,-0.08656332767450794,-0.12089747667450795,0.003546762,0.04953976597064525,0.04599300397064525,-0.011464963,-0.010856133855842035,0.000608829144157965,,,,,,,,,,,,,
Random Forest,MEO-2,2025-09-10 11:51:00,0.017133847,-0.28672104769981865,-0.30385489469981863,0.022090614,-0.1580807448983731,-0.1801713588983731,-0.015149363,0.22873370275461974,0.24388306575461974,-0.011464963,-0.01290449549685158,-0.0014395324968515793,,,,,,,,,,,,,
Random Forest,MEO-2,2025-09-10 12:01:00,-0.016649667,-0.34323918449685203,-0.32658951749685206,0.071730789,-0.12134671632898503,-0.19307750532898504,0.071352192,0.33423944120393395,0.26288724920393397,-0.028915192,-0.01702801081197303,0.011887181188026969,,,,,,,,,,,,,
Random Forest,MEO-2,2025-09-10 12:11:00,-0.014073573,-0.30739508582947983,-0.2933215128294798,0.058960408,-0.19927982957078266,-0.2582402375707827,0.026658776,0.21913311889404102,0.19247434289404103,-0.008910701,-0.01156979834382618,-0.0026590973438261802,,,,,,,,,,,,,
Random Forest,MEO-2,2025-09-10 12:21:00,-0.043862961,-0.0921061673083492,-0.0482432063083492,0.013334915,-0.09934475399394921,-0.11267966899394921,0.090425968,0.0671601740602238,-0.023265793939776194,-0.04381116,-0.00719169524218254,0.03661946475781746,,,,,,,,,,,,,
Random Forest,MEO-2,2025-09-10 12:31:00,-0.102973944,-0.1090463832130112,-0.006072439213011205,0.03641,-0.10114834790385399,-0.137558347903854,0.137710626,0.05972235794633966,-0.07798826805366034,-0.006356499,-0.0034013253785793673,0.0029551736214206326,,,,,,,,,,,,,
Random Forest,MEO-2,2025-09-10 13:42:00,-0.604872985,-0.09464788386813419,0.5102251011318658,0.045217603,-0.08203314706362533,-0.12725075006362532,0.78919402,0.10800266591846602,-0.681191354081534,0.042755621,-0.003556659049387306,-0.046312280049387304,,,,,,,,,,,,,
Random Forest,MEO-2,2025-09-10 13:51:00,-0.297227101,-0.11886466258503582,0.1783624384149642,-0.039529767,-0.0930065277498388,-0.05347676074983879,0.184171516,0.08837974798073737,-0.09579176801926263,-0.00378428,-0.008000363809503969,-0.004216083809503969,,,,,,,,,,,,,
Random Forest,MEO-2,2025-09-10 14:01:00,-0.256092004,-0.14348070784776912,0.11261129615223087,-0.041247133,-0.09584714231875316,-0.05460000931875316,0.214914382,0.121453141505185,-0.09346124049481498,-0.00378428,-0.010541001267208729,-0.0067567212672087285,,,,,,,,,,,,,
Random Forest,MEO-2,2025-09-10 14:11:00,-0.241582772,-0.15460840977555482,0.08697436222444518,-0.053077806,-0.14383405826789608,-0.09075625226789608,0.100638509,0.061266690825208754,-0.03937181817479125,0.03367041,-0.009257469769634919,-0.042927879769634913,,,,,,,,,,,,,
Random Forest,MEO-2,2025-09-10 14:21:00,-0.246787785,-0.19138530991724612,0.055402475082753894,-0.004013434,-0.1338227215793159,-0.1298092875793159,0.102492996,0.08016288617009522,-0.022330109829904785,-0.00378428,-0.011159611090152366,-0.007375331090152366,,,,,,,,,,,,,
Random Forest,MEO-2,2025-09-10 15:27:00,-0.77616653,-0.28547655763587554,0.4906899723641245,0.031439345,-0.021213818657189694,-0.052653163657189694,0.096714936,0.0708980369032675,-0.0258168990967325,0.047095207,-0.0004104290522642864,-0.04750563605226429,,,,,,,,,,,,,
Random Forest,MEO-2,2025-09-10 15:31:00,-0.19744923,-0.1999085146888659,-0.002459284688865887,0.046858054,-0.012594883324891268,-0.05945293732489127,0.020822335,0.08794081803787232,0.06711848303787232,0.031116179,0.0014732871443484123,-0.02964289185565159,,,,,,,,,,,,,
Random Forest,MEO-2,2025-09-10 15:41:00,-0.197551704,-0.19046539338709914,0.0070863106129008535,-0.004527792,-0.010433756725717459,-0.005905964725717459,0.016995404,0.08664874390625081,0.0696533399062508,0.01109373,0.0019341541096912665,-0.009159575890308733,,,,,,,,,,,,,
Random Forest,MEO-2,2025-09-10 16:48:00,-0.658341106,-0.5089593142685896,0.1493817917314103,-0.168878008,0.00011064518304444967,0.16898865318304446,-0.333790079,0.27413884090434293,0.607928919904343,-0.195190942,-0.014913808739217464,0.18027713326078254,,,,,,,,,,,,,
Random Forest,MEO-2,2025-09-10 16:51:00,-0.119109925,-0.5119306473353895,-0.3928207223353895,0.005065087,0.002054814442411115,-0.0030102725575888853,-0.045552712,0.2719840435929096,0.3175367555929096,-0.033576246,-0.015109062642884124,0.018467183357115873,,,,,,,,,,,,,
Random Forest,MEO-2,2025-09-10 17:01:00,-0.179179491,-0.49513115234260074,-0.3159516613426008,-0.04787511,0.014248585651382532,0.06212369565138253,-0.094082613,0.17870504526618194,0.27278765826618195,0.003878415,-0.009867955071063493,-0.013746370071063493,,,,,,,,,,,,,
Random Forest,MEO-2,2025-09-10 17:11:00,-0.271167127,-0.4726162027111752,-0.2014490757111752,0.008144267,0.08969892313223968,0.08155465613223968,-0.149303928,0.1143705679237198,0.26367449592371983,0.003878415,-0.005373508818973016,-0.009251923818973017,,,,,,,,,,,,,
Gaussian Process,GEO,2025-09-08 00:11:00,13.11178288,0.5207237179356258,-12.591059162064374,52.78996231,0.5305495247294161,-52.259412785270584,-42.91500574,0.4497955335932318,43.36480127359323,29.74719472,0.12052291401264477,-29.626671805987353,,,,,,,,,,,,,
Gaussian Process,GEO,2025-09-08 00:24:00,-24.83713549,0.520693694199713,25.357829184199716,-75.2527814,0.5305366607517753,75.78331806075178,18.7007945,0.44978167904223676,-18.251012820957765,-35.46320138,0.12052160222753402,35.583722982227535,,,,,,,,,,,,,
Gaussian Process,GEO,2025-09-08 00:39:00,2.640146777,0.520654776824337,-2.119492000175663,3.879810199,0.5305200661322643,-3.349290132867736,4.213404928,0.449765431830924,-3.763639496169076,-0.065431803,0.1205190371371697,0.1859508401371697,,,,,,,,,,,,,
Gaussian Process,GEO,2025-09-08 00:54:00,20.88661929,0.5206115191427758,-20.366007770857223,33.50227412,0.530501670959838,-32.97177244904017,31.05613169,0.4497490158499379,-30.606382674150062,4.77264071,0.12051532982139528,-4.652125380178605,,,,,,,,,,,,,
Gaussian Process,GEO,2025-09-08 01:09:00,-2.484121658,0.5205641910624105,3.0046858490624104,-2.839942042,0.5304815601350449,3.370423602135045,-3.907376413,0.44973254783859845,4.357108960838598,-0.313548465,0.12051046720319264,0.43405893220319264,,,,,,,,,,,,,
Gaussian Process,GEO,2025-09-08 01:24:00,3.870459795,0.5205130810756261,-3.349946713924374,3.483555913,0.5304598237117076,-2.9530960892882923,-3.901639407,0.44971614470351834,4.351355551703518,-0.14285995,0.12050443963182716,0.2633643896318272,,,,,,,,,,,,,
Gaussian Process,GEO,2025-09-08 01:39:00,4.446584508,0.5204584949339023,-3.9261260130660975,5.520261291,0.5304365566148421,-4.989824734385158,-0.250816639,0.44969992316344937,0.7005165621634494,0.307032086,0.12049724091089928,-0.1865348450891007,,,,,,,,,,,,,
Gaussian Process,GEO,2025-09-08 01:54:00,-7.03531722,0.5204007542444008,7.5557179742444,-16.38756617,0.5304118583436082,16.917978028343608,-14.16058641,0.4496839993944524,14.610270409394452,-5.418286458,0.12048886831631632,5.538775326316316,,,,,,,,,,,,,
Gaussian Process,GEO,2025-09-08 02:09:00,1.521143753,0.5203401949954782,-1.0008035580045218,2.441407826,0.5303858326603683,-1.9110219933396315,3.219657793,0.44966848867655346,-2.7699893043234467,-0.14285995,0.12047932260413258,0.2633392726041326,,,,,,,,,,,,,
Gaussian Process,GEO,2025-09-08 02:24:00,-1.754055567,0.520277166017872,2.274332733017872,-1.366148803,0.5303585872669443,1.8965073902669443,2.167641083,0.44965350504301793,-1.717987577956982,-0.313548465,0.12046860800824294,0.43401707300824294,,,,,,,,,,,,,
Gaussian Process,GEO,2025-09-08 02:40:00,15.92827525,0.5202076188092118,-15.40806763119079,25.44078524,0.5303283065948236,-24.910456933405175,13.30615765,0.4496382301169505,-12.85651941988305,4.851715947,0.12045589947602593,-4.731260047523974,,,,,,,,,,,,,
Gaussian Process,GEO,2025-09-08 02:54:00,0.620170079,0.520145148784328,-0.10002493021567194,1.482095059,0.5303008858312214,-0.9517941731687786,1.700526586,0.4496255668514018,-1.2509010191485983,0.143984112,0.12044370640531574,-0.02354040559468426,,,,,,,,,,,,,
Gaussian Process,GEO,2025-09-08 03:09:00,3.176246542,0.5200769077931228,-2.656169634206877,2.631436545,0.530270661820049,-2.1011658831799513,-9.231028221,0.44961283102888966,9.680641052028891,0.16743034,0.1204295450927506,-0.04700079490724941,,,,,,,,,,,,,
Gaussian Process,GEO,2025-09-08 03:24:00,4.141316079,0.5200076881896865,-3.621308390810314,4.747581668,0.5302396814425832,-4.217341986557416,-0.192329503,0.4496010590967727,0.6419305620967728,0.275945287,0.12041426621027583,-0.15553102078972414,,,,,,,,,,,,,
Gaussian Process,GEO,2025-09-08 03:39:00,-9.216858581,0.5199378781843227,9.736796459184323,-15.87790369,0.5302080668755242,16.408111756875524,-12.38920725,0.44959035376417733,12.838797603764178,-3.524388557,0.12039789099323167,3.6447864479932317,,,,,,,,,,,,,
Gaussian Process,GEO,2025-09-08 03:54:00,0.20270155,0.5198678686519772,0.3171663186519772,1.696127512,0.530175942089824,-1.165951569910176,3.890172646,0.44958081450673265,-3.440591831493267,-0.069796061,0.12038044393018736,0.19017650493018737,,,,,,,,,,,,,
Gaussian Process,GEO,2025-09-08 04:09:00,3.166083612,0.5197980513497585,-2.6462855606502416,4.033427253,0.5301434324708493,-3.503283820529151,3.207260056,0.44957253726504176,-2.7576875187349583,-0.236643395,0.12036195269134999,0.35700534769135,,,,,,,,,,,,,
Gaussian Process,GEO,2025-09-08 04:24:00,0.440723937,0.5197288171308501,0.07900488013085005,1.635624114,0.5301106644355075,-1.1055134495644925,-0.868616651,0.4495656141542824,1.3181822651542823,0.119988274,0.12034244804765717,0.00035417404765716864,,,,,,,,,,,,,
Gaussian Process,GEO,2025-09-08 04:40:00,2.076129898,0.5196560472617823,-1.5564738507382176,2.416580204,0.5300755702033222,-1.886504633796678,0.145633547,0.4495598211387402,0.3039262741387402,-0.329903762,0.12032056421442634,0.4502243262144263,,,,,,,,,,,,,
Gaussian Process,GEO,2025-09-08 04:54:00,-0.58745927,0.5195936461578358,1.1070529161578357,-0.098023806,0.5300448616327454,0.6280686676327455,1.424576663,0.44955617800207104,-0.975020484997929,-0.2464741,0.12030053658424962,0.36677463658424964,,,,,,,,,,,,,
Gaussian Process,GEO,2025-09-08 05:09:00,35.72054858,0.5195284706240427,-35.20102010937595,42.28232419,0.5300120813937588,-41.75231210860624,4.288607874,0.4495538276243396,-3.8390540463756606,2.415789744,0.12027820595609354,-2.2955115380439066,,,,,,,,,,,,,
Gaussian Process,GEO,2025-09-08 05:24:00,-2.56484355,0.5194653971435994,3.084308947143599,-2.970954809,0.5299795510282959,3.500934360028296,-4.450318204,0.4495531562162709,4.899871360216271,-0.019063113,0.12025501408309758,0.13931812708309757,,,,,,,,,,,,,
Gaussian Process,GEO,2025-09-08 05:40:00,1.354207333,0.5194008410736326,-0.8348064919263674,2.966350861,0.5299452691211126,-2.4364055918788874,8.597062898,0.4495543683847232,-8.147508529615278,0.368655295,0.1202293772709423,-0.2484259177290577,,,,,,,,,,,,,
Gaussian Process,GEO,2025-09-08 05:54:00,2.220279891,0.5193469849723925,-1.7009329060276075,2.566548221,0.5299157419100964,-2.0366324790899037,0.438858352,0.44955712135926684,0.010698769359266835,-0.150496503,0.1202062280442431,0.2707027310442431,,,,,,,,,,,,,
Gaussian Process,GEO,2025-09-08 06:09:00,-0.714754321,0.5192923308699946,1.2340466518699946,0.539621592,0.5298847106341722,-0.009736881365827843,-3.08439627,0.44956188003231495,3.533958150032315,0.135793182,0.12018073054552204,-0.015612451454477969,,,,,,,,,,,,,
Gaussian Process,GEO,2025-09-08 06:24:00,1.174848914,0.519241144871534,-0.655607769128466,1.807139341,0.5298544234523612,-1.2772849175476388,2.329414778,0.4495685615575559,-1.8798462164424439,-0.174497108,0.12015456485245725,0.29465167285245725,,,,,,,,,,,,,
Gaussian Process,GEO,2025-09-08 06:40:00,-23.64092775,0.5191907131466948,24.160118463146695,-27.67680685,0.5298230708412256,28.206629920841223,-12.32315848,0.44957786063212624,12.772736340632127,-1.679029482,0.12012597874190077,1.7991554607419007,,,,,,,,,,,,,
Gaussian Process,GEO,2025-09-08 06:55:00,2.795236584,0.5191476436490137,-2.276088940350986,3.120386671,0.5297946941840636,-2.5905919768159364,1.696335498,0.4495886579013071,-1.246746840098693,-0.136323006,0.12009860413160629,0.2564216101316063,,,,,,,,,,,,,
Gaussian Process,GEO,2025-09-08 07:09:00,2.898205072,0.5191113643560094,-2.3790937076439906,2.64583762,0.529769198477348,-2.1160684215226517,-9.674528752,0.44960058218988214,10.124129334189883,-0.221388816,0.12007260394522708,0.34146141994522705,,,,,,,,,,,,,
Gaussian Process,GEO,2025-09-08 07:24:00,-2.217445955,0.5190769281890678,2.736522883189068,-2.385242142,0.5297430448587095,2.9149851868587096,-5.203788086,0.4496153639239935,5.653403449923994,-0.252475615,0.12004431935773488,0.3725199343577349,,,,,,,,,,,,,
Gaussian Process,GEO,2025-09-08 07:40:00,18.00612449,0.5190455043204996,-17.487078985679503,22.80155525,0.5297165904838717,-22.271838659516128,14.7349589,0.44963344263696914,-14.285325457363031,1.422745274,0.12001372814463629,-1.3027315458553637,,,,,,,,,,,,,
Gaussian Process,GEO,2025-09-08 07:54:00,0.088465575,0.5190226960492225,0.43055712104922245,0.689170584,0.5296947596289405,-0.15947582437105945,0.209816068,0.4496512338699568,0.23983516586995682,0.040355033,0.11998666144382339,0.07963162844382339,,,,,,,,,,,,,
Gaussian Process,GEO,2025-09-08 08:09:00,1.798520643,0.5190032912246458,-1.2795173517753542,2.436178502,0.5296728274174727,-1.9065056745825275,1.439228287,0.44967234812940277,-0.9895559388705972,0.042560096,0.11995741139867504,0.07739731539867503,,,,,,,,,,,,,
Gaussian Process,GEO,2025-09-08 08:24:00,-15.7292637,0.518989248874136,16.248252948874136,-17.63745653,0.5296524943454229,18.167109024345425,-4.43596295,0.449695588690917,4.885658538690917,-0.795050318,0.1199279642620571,0.9149782822620571,,,,,,,,,,,,,
Gaussian Process,GEO,2025-09-08 08:40:00,11.2306255,0.5189803334557881,-10.711645166544212,14.38979733,0.5296326676292871,-13.860164662370714,5.795854329,0.4497227189256018,-5.346131610074398,0.693649746,0.11989640833564345,-0.5737533376643565,,,,,,,,,,,,,
Gaussian Process,GEO,2025-09-08 08:55:00,-11.64564588,0.5189777752549617,12.164623655254962,-13.63593391,0.5296159132500889,14.165549823250089,-8.872044343,0.44975033759170824,9.321794680591708,-0.826680161,0.11986675567237517,0.9465469166723751,,,,,,,,,,,,,
Gaussian Process,GEO,2025-09-08 09:09:00,11.66643739,0.5189805274468892,-11.147456862553112,13.04275768,0.5296019464792756,-12.513155733520724,-11.0875971,0.44977800776121024,11.53737510776121,0.414446285,0.11983907753394718,-0.29460720746605285,,,,,,,,,,,,,
Gaussian Process,GEO,2025-09-08 09:24:00,-0.36742745,0.5189890378832207,0.8864164878832207,-0.195659272,0.529588840267099,0.725248112267099,0.49451063,0.44980966151930496,-0.04470096848069505,0.182161842,0.11980948060091383,-0.06235236139908616,,,,,,,,,,,,,
Gaussian Process,GEO,2025-09-08 09:40:00,-2.57022915,0.51900449192522,3.0892336419252198,-1.916816372,0.5295770522998938,2.446393424299894,5.498668224,0.44984568307046086,-5.04882254092954,-0.065982161,0.11977804752766928,0.18576020852766928,,,,,,,,,,,,,
Gaussian Process,GEO,2025-09-08 10:00:00,-23.09012852,0.519033070194518,23.609161590194518,37.54724247,0.5295656081381271,-37.01767686186187,-4.612090838,0.4498939240222595,5.061984762022259,41.75403693,0.11973907049300685,-41.634297859506994,,,,,,,,,,,,,
Gaussian Process,GEO,2025-09-08 12:00:00,-0.075953111,0.5194112873357791,0.5953643983357791,0.112685762,0.5295791895654182,0.41689342756541814,-0.095472671,0.4502517373941048,0.5457244083941047,1.080834464,0.11952047803940113,-0.9613139859605989,,,,,,,,,,,,,
Gaussian Process,GEO,2025-09-08 14:00:00,5.656008624,0.5200760331694861,-5.135932590830514,4.419923007,0.5297381846405965,-3.8901848223594038,7.683882459,0.4506992440344629,-7.233183214965537,0.027322905,0.11934816760238079,0.09202526260238078,,,,,,,,,,,,,
Gaussian Process,GEO,2025-09-08 16:00:00,-0.55224308,0.5208718676601627,1.0731149476601627,-1.278846525,0.530027442616526,1.8088739676165262,-2.288825294,0.4511861969029711,2.740011490902971,3.593665797,0.11924246631135274,-3.474423330688647,,,,,,,,,,,,,
Gaussian Process,GEO,2025-09-08 16:04:00,32.76809424,0.520898408842052,-32.24719583115795,-47.77162129,0.5300389286324421,48.30166021863244,-23.22418169,0.4512024392647303,23.67538412926473,-56.23605286,0.11924022087624944,56.35529308087625,,,,,,,,,,,,,
Gaussian Process,GEO,2025-09-08 16:25:00,-32.19045679,0.5210362969248893,32.71149308692489,-18.75551389,0.5301008426522119,19.28561473265221,-7.470545611,0.45128729178089705,7.921832902780897,9.566011168,0.1192298114648715,-9.446781356535128,,,,,,,,,,,,,
Gaussian Process,GEO,2025-09-08 16:40:00,2.460983526,0.5211328869515286,-1.9398506390484715,1.586390238,0.5301466164471613,-1.0562436215528386,-0.87543031,0.45134734826132505,1.326777658261325,-0.267179805,0.1192237922305666,0.3864035972305666,,,,,,,,,,,,,
Gaussian Process,GEO,2025-09-08 16:56:00,38.17062875,0.5212336929641002,-37.649395057035896,24.6922969,0.5301967303652203,-24.16210016963478,7.145243007,0.45141075873274744,-6.6938322482672525,-10.61300152,0.11921866526288338,10.732220185262882,,,,,,,,,,,,,
Gaussian Process,GEO,2025-09-08 17:10:00,-33.69736016,0.5213196755294557,34.21867983552946,45.44299703,0.5302415688048441,-44.912755461195154,-13.08360294,0.45146559012274484,13.535068530122745,55.86907571,0.1192152656916704,-55.749860444308325,,,,,,,,,,,,,
Gaussian Process,GEO,2025-09-08 17:25:00,36.59101698,0.5214091560636693,-36.06960782393633,-44.17494053,0.5302905249776283,44.70523105497763,13.52818752,0.45152355770062774,-13.076663962299373,-56.72900751,0.11921273613473353,56.84822024613474,,,,,,,,,,,,,
Gaussian Process,GEO,2025-09-08 17:41:00,1.344587222,0.5215012122826704,-0.8230860097173295,0.562752731,0.5303436605863522,-0.03240907041364782,3.761166895,0.4515843837814042,-3.309582511218596,-0.17339636,0.11921128874853164,0.2926076487485316,,,,,,,,,,,,,
Gaussian Process,GEO,2025-09-08 17:55:00,-32.95110114,0.5215785863864576,33.47267972638646,49.51804937,0.5303908192404129,-48.98765855075959,-19.15237799,0.4516366587625615,19.60401464876256,58.28483566,0.11921106301787096,-58.16562459698213,,,,,,,,,,,,,
Gaussian Process,GEO,2025-09-08 18:10:00,-0.305997152,0.5216578982053451,0.8276550502053451,2.009282321,0.5304419186509959,-1.4788404023490043,0.314848751,0.4516915894271808,0.1368428384271808,0.726387682,0.1192118767746793,-0.6071758052253208,,,,,,,,,,,,,
Gaussian Process,GEO,2025-09-08 18:26:00,1.132001624,0.5217380817138189,-0.6102635422861811,0.451621234,0.5304969423421787,0.07887570834217872,0.493815427,0.4517488462412334,-0.04206658075876657,-0.019613502,0.11921391936017628,0.13882742136017628,,,,,,,,,,,,,
Gaussian Process,GEO,2025-09-08 18:40:00,1.235439487,0.5218042461795502,-0.7136352408204498,0.183348179,0.5305454108143929,0.3471972318143929,0.311073953,0.4517977278564817,0.1407237748564817,0.011473327,0.11921667370451317,0.10774334670451316,,,,,,,,,,,,,
Gaussian Process,GEO,2025-09-08 18:56:00,-0.351560704,0.5218750174413578,0.8734357214413577,-0.854873613,0.5306010358906185,1.3854746488906184,0.017549807,0.4518521031504523,0.43430229615045235,0.091630695,0.11922089119355947,0.02759019619355947,,,,,,,,,,,,,
Gaussian Process,GEO,2025-09-08 19:10:00,0.113651317,0.5219324888520462,0.40828117185204627,-0.155487459,0.5306497965010721,0.6861372555010721,-1.267191719,0.45189830057626235,1.7190900195762624,0.119988274,0.11922548496025885,-0.0007627890397411546,,,,,,,,,,,,,
Gaussian Process,GEO,2025-09-08 19:26:00,-0.467603747,0.5219928493212758,0.9895965963212758,-0.701513827,0.5307054866377838,1.232219313637784,1.16759699,0.45194943124424986,-0.7156475587557503,-0.004358952,0.11923172554797376,0.12359067754797376,,,,,,,,,,,,,
Gaussian Process,GEO,2025-09-08 19:40:00,0.137678191,0.5220408359384748,0.38436264493847483,-0.405414917,0.5307540685519703,0.9361689855519703,-0.10533489,0.4519926428626144,0.5573275328626144,0.010922968,0.11923801516944037,0.10831504716944036,,,,,,,,,,,,,
Gaussian Process,GEO,2025-09-08 19:56:00,0.470745035,0.5220899787055993,0.05134494370559928,0.213780936,0.5308092854945348,0.31702834949453473,-0.13039598,0.4520402036348856,0.5824361836348856,0.00327874,0.11924610301255299,0.11596736301255299,,,,,,,,,,,,,
Gaussian Process,GEO,2025-09-08 20:10:00,-0.069602624,0.5221278633280331,0.5917304873280331,-0.057075571,0.5308572189584294,0.5879327899584295,0.252693483,0.45208016266327167,0.19938667966327167,0.135242793,0.11925392478463054,-0.01598886821536946,,,,,,,,,,,,,
Gaussian Process,GEO,2025-09-08 20:26:00,-0.433093637,0.5221651878391738,0.9552588248391738,-0.792054567,0.530911428862202,1.322965995862202,-0.847556297,0.4521238699441326,1.2996801669441327,-0.004358922,0.11926366212222406,0.12362258412222406,,,,,,,,,,,,,
Gaussian Process,GEO,2025-09-08 20:40:00,0.223632611,0.5221925390292506,0.2985599280292506,0.233282365,0.530958250759499,0.297675885759499,0.336291461,0.4521603475942796,0.11586888659427957,0.135242793,0.1192728341774122,-0.015969958822587796,,,,,,,,,,,,,
Gaussian Process,GEO,2025-09-08 20:56:00,0.22905368,0.5222176619693268,0.2931639819693268,-0.106023751,0.5310109305330831,0.6370346815330832,0.114328878,0.4521999628335132,0.33787108483351325,-0.085047283,0.11928400371315957,0.2043312867131596,,,,,,,,,,,,,
Gaussian Process,GEO,2025-09-08 21:13:00,12.00274335,0.5222371372412554,-11.480506212758744,23.53857819,0.5310657772027021,-23.007512412797297,4.222093838,0.45223957277169247,-3.769854265228308,7.254931645,0.11929660284680581,-7.135635042153194,,,,,,,,,,,,,
Gaussian Process,GEO,2025-09-08 22:58:00,-20.86702867,0.5221953284339281,21.389223998433927,-1.634100072,0.5313691411831413,2.1654692131831412,-5.421909171,0.45242500575534894,5.874334176755349,7.800273973,0.11938598487471914,-7.680887988125281,,,,,,,,,,,,,
Gaussian Process,GEO,2025-09-08 23:00:00,16.65338836,0.5221919447051608,-16.13119641529484,5.89436695,0.5313741939728264,-5.3629927560271735,30.49590906,0.45242752892060245,-30.043481531079397,-0.339650105,0.11938779989899241,0.4590379048989924,,,,,,,,,,,,,
Gaussian Process,GEO,2025-09-08 23:10:00,-10.51616261,0.5221736781130604,11.038336288113062,-14.89356624,0.5313989866853693,15.42496522668537,-13.26656623,0.4524395783000166,13.719005808300016,-2.517735278,0.11939689421077021,2.6371321722107703,,,,,,,,,,,,,
Gaussian Process,GEO,2025-09-08 23:26:00,0.08282391,0.5221398946592533,0.43931598465925326,2.086558733,0.5314369742530505,-1.5551217587469495,-11.35415101,0.4524569010522704,11.806607911052271,2.074412654,0.11941147469523702,-1.955001179304763,,,,,,,,,,,,,
Gaussian Process,GEO,2025-09-08 23:41:00,-1.738360018,0.5221033339287859,2.2604633519287862,-0.490893051,0.5314706353393914,1.0223636863393915,-0.06068912,0.45247097083635396,0.5131600908363539,0.817446584,0.1194251164839726,-0.6980214675160274,,,,,,,,,,,,,
Gaussian Process,MEO-1,2025-09-08 14:01:00,-0.678427685,-0.5330943229058921,0.14533336209410785,0.554813929,0.48503808469035725,-0.06977584430964279,0.660263769,0.4862944718556436,-0.17396929714435633,0.108705585,1.248104404321274,1.1393988193212738,,,,,,,,,,,,,
Gaussian Process,MEO-1,2025-09-08 15:00:00,-0.595481593,-0.4786570145498249,0.11682457845017513,0.3193556,0.3720336687105259,0.05267806871052588,0.794949966,0.7965799104999329,0.0016299444999329227,-0.07212362,-0.02302533694289393,0.04909828305710607,,,,,,,,,,,,,
Gaussian Process,MEO-1,2025-09-08 16:00:00,-0.563411338,-0.31926980522236037,0.2441415327776396,-0.044653192,0.22678724546844684,0.2714404374684468,0.774602206,0.8311159446945536,0.05651373869455367,-0.185823327,-0.5783215677802198,-0.3924982407802198,,,,,,,,,,,,,
Gaussian Process,MEO-1,2025-09-08 17:00:00,-0.60375211,-0.38225114782772773,0.22150096217227222,-0.271074884,0.048540079796009605,0.3196149637960096,0.676786087,0.6312372868317608,-0.045548800168239145,0.047174382,0.1993300399752815,0.15215565797528152,,,,,,,,,,,,,
Gaussian Process,MEO-1,2025-09-08 18:00:00,-0.640059356,-0.3527914582394178,0.28726789776058215,-0.46321632,-0.15360712060214562,0.30960919939785436,0.329910442,0.35826665600659696,0.028356214006596936,0.007417315,0.47410720570429615,0.4666898907042962,,,,,,,,,,,,,
Gaussian Process,MEO-1,2025-09-08 19:00:00,-0.845060995,-0.5996049122304586,0.24545608276954134,-0.542391572,-0.35920360359589776,0.18318796840410223,0.099745899,0.1454997498044068,0.045753850804406804,0.025049698,0.05007695125492029,0.02502725325492029,,,,,,,,,,,,,
Gaussian Process,MEO-2,2025-09-10 11:41:00,0.01732089,-0.14647405991519258,-0.16379494991519258,0.034334149,0.027597057775373763,-0.006737091224626238,0.003546762,0.0931823518396257,0.0896355898396257,-0.011464963,-0.0013843862883714786,0.01008057671162852,,,,,,,,,,,,,
Gaussian Process,MEO-2,2025-09-10 11:51:00,0.017133847,-0.1501495796775399,-0.1672834266775399,0.022090614,0.03789782721641997,0.015807213216419966,-0.015149363,0.0981303871551407,0.1132797501551407,-0.011464963,-0.0013858574297242572,0.010079105570275743,,,,,,,,,,,,,
Gaussian Process,MEO-2,2025-09-10 12:01:00,-0.016649667,-0.15408917423538782,-0.1374395072353878,0.071730789,0.04830239673162046,-0.02342839226837954,0.071352192,0.10192424562600641,0.030572053626006415,-0.028915192,-0.0013873154184919525,0.027527876581508046,,,,,,,,,,,,,
Gaussian Process,MEO-2,2025-09-10 12:11:00,-0.014073573,-0.15827924343104186,-0.14420567043104185,0.058960408,0.058697990216341894,-0.0002624177836581046,0.026658776,0.1044923202003364,0.0778335442003364,-0.008910701,-0.0013887583051931417,0.007521942694806858,,,,,,,,,,,,,
Gaussian Process,MEO-2,2025-09-10 12:21:00,-0.043862961,-0.16270472494926663,-0.11884176394926663,0.013334915,0.06896880137466377,0.055633886374663766,0.090425968,0.10577982149213704,0.01535385349213704,-0.04381116,-0.0013901841603526268,0.04242097583964737,,,,,,,,,,,,,
Gaussian Process,MEO-2,2025-09-10 12:31:00,-0.102973944,-0.16734913325381678,-0.06437518925381679,0.03641,0.07899747163543003,0.04258747163543003,0.137710626,0.10575079025860976,-0.03195983574139025,-0.006356499,-0.0013915910771681468,0.004964907922831853,,,,,,,,,,,,,
Gaussian Process,MEO-2,2025-09-10 13:42:00,-0.604872985,-0.20488060324887214,0.39999238175112783,0.045217603,0.1333203852867454,0.0881027822867454,0.78919402,0.06904007700025716,-0.7201539429997429,0.042755621,-0.0014008755600306245,-0.04415649656003062,,,,,,,,,,,,,
Gaussian Process,MEO-2,2025-09-10 13:51:00,-0.297227101,-0.20995777280804606,0.08726932819195393,-0.039529767,0.13697676992452285,0.17650653692452284,0.184171516,0.06048731618394103,-0.12368419981605898,-0.00378428,-0.001401945349439015,0.002382334650560985,,,,,,,,,,,,,
Gaussian Process,MEO-2,2025-09-10 14:01:00,-0.256092004,-0.21560853068489122,0.040483473315108764,-0.041247133,0.13993979422021874,0.18118692722021873,0.214914382,0.05023178452972675,-0.16468259747027325,-0.00378428,-0.0014031010296068932,0.002381178970393107,,,,,,,,,,,,,
Gaussian Process,MEO-2,2025-09-10 14:11:00,-0.241582772,-0.2212412370948753,0.020341534905124692,-0.053077806,0.14168317919607507,0.19476098519607507,0.100638509,0.03929568423667197,-0.06134282476332803,0.03367041,-0.0014042205099332589,-0.03507463050993326,,,,,,,,,,,,,
Gaussian Process,MEO-2,2025-09-10 14:21:00,-0.246787785,-0.22682608745412322,0.01996169754587679,-0.004013434,0.14215375785598025,0.14616719185598026,0.102492996,0.027794609516497343,-0.07469838648350266,-0.00378428,-0.0014053022973741958,0.0023789777026258043,,,,,,,,,,,,,
Gaussian Process,MEO-2,2025-09-10 15:27:00,-0.77616653,-0.2602526997904276,0.5159138302095725,0.031439345,0.11189517804939723,0.08045583304939724,0.096714936,-0.054664263697039944,-0.15137919969703995,0.047095207,-0.0014113986077198678,-0.04850660560771987,,,,,,,,,,,,,
Gaussian Process,MEO-2,2025-09-10 15:31:00,-0.19744923,-0.26196962449072225,-0.06452039449072225,0.046858054,0.10825849629923141,0.06140044229923141,0.020822335,-0.05967860158857652,-0.08050093658857652,0.031116179,-0.0014117052139365762,-0.03252788421393658,,,,,,,,,,,,,
Gaussian Process,MEO-2,2025-09-10 15:41:00,-0.197551704,-0.26604989014765423,-0.06849818614765424,-0.004527792,0.09837050520498648,0.10289829720498649,0.016995404,-0.07206782606119641,-0.0890632300611964,0.01109373,-0.0014124382399869674,-0.012506168239986968,,,,,,,,,,,,,
Gaussian Process,MEO-2,2025-09-10 16:48:00,-0.658341106,-0.2836666077366878,0.3746744982633122,-0.168878008,0.011541928798338137,0.18041993679833812,-0.333790079,-0.14390844742925762,0.1898816315707424,-0.195190942,-0.0014160552961616766,0.19377488670383833,,,,,,,,,,,,,
Gaussian Process,MEO-2,2025-09-10 16:51:00,-0.119109925,-0.2839925934168031,-0.1648826684168031,0.005065087,0.007267291811894094,0.0022022048118940938,-0.045552712,-0.14641802497951445,-0.10086531297951445,-0.033576246,-0.0014161625561522624,0.032160083443847735,,,,,,,,,,,,,
Gaussian Process,MEO-2,2025-09-10 17:01:00,-0.179179491,-0.2847591838549906,-0.10557969285499061,-0.04787511,-0.006891508318402736,0.04098360168159726,-0.094082613,-0.1541759242865,-0.060093311286500015,0.003878415,-0.001416485254090429,-0.005294900254090429,,,,,,,,,,,,,
Gaussian Process,MEO-2,2025-09-10 17:11:00,-0.271167127,-0.2850229525590232,-0.013855825559023205,0.008144267,-0.02075408025228183,-0.02889834725228183,-0.149303928,-0.16092290495508116,-0.011618976955081156,0.003878415,-0.0014167540513123746,-0.005295169051312375,,,,,,,,,,,,,
BiLSTM-GRU,GEO,2025-09-08 00:11:00,13.11178288,0.06917242304051976,-13.04261045695948,52.78996231,0.2157348631032699,-52.57422744689673,-42.91500574,0.21634086157491259,43.13134660157491,29.74719472,0.24784379013614877,-29.49935092986385,,,,,,,,,,,,,
BiLSTM-GRU,GEO,2025-09-08 00:24:00,-24.83713549,0.056794216607071124,24.89392970660707,-75.2527814,0.20658578975630476,75.4593671897563,18.7007945,0.233266005515303,-18.467528494484696,-35.46320138,0.25330315078083476,35.71650453078084,,,,,,,,,,,,,
BiLSTM-GRU,GEO,2025-09-08 00:39:00,2.640146777,0.047573765630979634,-2.59257301136902,3.879810199,0.19477656745850266,-3.6850336315414975,4.213404928,0.2528423714786408,-3.960562556521359,-0.065431803,0.2580529342542705,0.3234847372542705,,,,,,,,,,,,,
BiLSTM-GRU,GEO,2025-09-08 00:54:00,20.88661929,0.04364048999577197,-20.842978800004225,33.50227412,0.18243823725575245,-33.31983588274425,31.05613169,0.27189356469557074,-30.78423812530443,4.77264071,0.26063400365822076,-4.512006706341779,,,,,,,,,,,,,
BiLSTM-GRU,GEO,2025-09-08 01:09:00,-2.484121658,0.04460979619831687,2.528731454198317,-2.839942042,0.17055130358565898,3.010493345585659,-3.907376413,0.289837771734441,4.197214184734441,-0.313548465,0.2605856217164994,0.5741340867164995,,,,,,,,,,,,,
BiLSTM-GRU,GEO,2025-09-08 01:24:00,3.870459795,0.049957821133199215,-3.8205019738668007,3.483555913,0.1600996166641471,-3.323456296335853,-3.901639407,0.30621408561770724,4.207853492617707,-0.14285995,0.2575521867016037,0.4004121367016037,,,,,,,,,,,,,
BiLSTM-GRU,GEO,2025-09-08 01:39:00,4.446584508,0.05909967158305036,-4.38748483641695,5.520261291,0.15198186530727767,-5.368279425692722,-0.250816639,0.32065517282988193,0.5714718118298819,0.307032086,0.25136829816341677,-0.05566378783658321,,,,,,,,,,,,,
BiLSTM-GRU,GEO,2025-09-08 01:54:00,-7.03531722,0.07148800206514203,7.106805222065142,-16.38756617,0.146839333144391,16.53440550314439,-14.16058641,0.33295251666122094,14.493538926661222,-5.418286458,0.2421244458565751,5.660410903856575,,,,,,,,,,,,,
BiLSTM-GRU,GEO,2025-09-08 02:09:00,1.521143753,0.08661339091045922,-1.4345303620895409,2.441407826,0.14500089884271605,-2.2964069271572836,3.219657793,0.3430464068415359,-2.8766113861584643,-0.14285995,0.23018112884034483,0.3730410788403449,,,,,,,,,,,,,
BiLSTM-GRU,GEO,2025-09-08 02:24:00,-1.754055567,0.10405050773069197,1.858106074730692,-1.366148803,0.14638029519430013,1.5125290981943,2.167641083,0.3510011091396903,-1.8166399738603096,-0.313548465,0.21615840475744352,0.5297068697574435,,,,,,,,,,,,,
BiLSTM-GRU,GEO,2025-09-08 02:40:00,15.92827525,0.12476846316726724,-15.803506786832733,25.44078524,0.15086181639508295,-25.289923423604918,13.30615765,0.3573114914825791,-12.948846158517421,4.851715947,0.19985523351886592,-4.651860713481134,,,,,,,,,,,,,
BiLSTM-GRU,GEO,2025-09-08 02:54:00,0.620170079,0.14429921218644756,-0.4758708668135524,1.482095059,0.15658972508220528,-1.3255053339177947,1.700526586,0.36117979416015156,-1.3393467918398485,0.143984112,0.18532741896645116,0.041343306966451165,,,,,,,,,,,,,
BiLSTM-GRU,GEO,2025-09-08 03:09:00,3.176246542,0.16624073336518772,-3.010005808634812,2.631436545,0.16363397070579683,-2.467802574294203,-9.231028221,0.36378338873772276,9.594811609737723,0.16743034,0.170408677216098,0.002978337216097998,,,,,,,,,,,,,
BiLSTM-GRU,GEO,2025-09-08 03:24:00,4.141316079,0.18867412836340042,-3.9526419506365995,4.747581668,0.17059615969838907,-4.57698550830161,-0.192329503,0.36492066018379876,0.5572501631837987,0.275945287,0.1569457735952265,-0.1189995134047735,,,,,,,,,,,,,
BiLSTM-GRU,GEO,2025-09-08 03:39:00,-9.216858581,0.2109461252666786,9.427804706266679,-15.87790369,0.17653127272040603,16.054434962720407,-12.38920725,0.36464862066205656,12.753855870662056,-3.524388557,0.1455479731361779,3.669936530136178,,,,,,,,,,,,,
BiLSTM-GRU,GEO,2025-09-08 03:54:00,0.20270155,0.2323674388285924,0.02966588882859239,1.696127512,0.18073334345782627,-1.5153941685421737,3.890172646,0.3629357531602028,-3.527236892839797,-0.069796061,0.13652044197948013,0.20631650297948012,,,,,,,,,,,,,
BiLSTM-GRU,GEO,2025-09-08 04:09:00,3.166083612,0.2522388703583498,-2.9138447416416504,4.033427253,0.1828208043233951,-3.850606448676605,3.207260056,0.3596927073394161,-2.8475673486605837,-0.236643395,0.1298843772554442,0.3665277722554442,,,,,,,,,,,,,
BiLSTM-GRU,GEO,2025-09-08 04:24:00,0.440723937,0.27000971974789206,-0.17071421725210795,1.635624114,0.18275020273003362,-1.4528739112699665,-0.868616651,0.3547930241205941,1.223409675120594,0.119988274,0.12540696859028197,0.005418694590281964,,,,,,,,,,,,,
BiLSTM-GRU,GEO,2025-09-08 04:40:00,2.076129898,0.2862053845052518,-1.7899245134947481,2.416580204,0.18059373518661592,-2.235986468813384,0.145633547,0.34764912238062934,0.20201557538062934,-0.329903762,0.12254599357544115,0.45244975557544115,,,,,,,,,,,,,
BiLSTM-GRU,GEO,2025-09-08 04:54:00,-0.58745927,0.29789303454500415,0.8853523045450041,-0.098023806,0.17739594376070966,0.27541974976070965,1.424576663,0.3397619118482543,-1.0848147511517459,-0.2464741,0.12121265342178075,0.36768675342178075,,,,,,,,,,,,,
BiLSTM-GRU,GEO,2025-09-08 05:09:00,35.72054858,0.30790359756697544,-35.41264498243302,42.28232419,0.1731557155557126,-42.10916847444428,4.288607874,0.32972104532633845,-3.958886828673662,2.415789744,0.12057112606141804,-2.295218617938582,,,,,,,,,,,,,
BiLSTM-GRU,GEO,2025-09-08 05:24:00,-2.56484355,0.3155755956113876,2.8804191456113877,-2.970954809,0.16859707132924975,3.13955188032925,-4.450318204,0.3182692255109017,4.768587429510902,-0.019063113,0.12043218968331983,0.13949530268331983,,,,,,,,,,,,,
BiLSTM-GRU,GEO,2025-09-08 05:40:00,1.354207333,0.3216121009834838,-1.0325952320165162,2.966350861,0.16384036695016502,-2.802510494049835,8.597062898,0.3049062078135226,-8.292156690186479,0.368655295,0.12068105267900553,-0.24797424232099446,,,,,,,,,,,,,
BiLSTM-GRU,GEO,2025-09-08 05:54:00,2.220279891,0.3253785629851069,-1.8949013280148932,2.566548221,0.15997721930344697,-2.406571001696553,0.438858352,0.2926366271071566,-0.1462217248928434,-0.150496503,0.12125999121540917,0.27175649421540915,,,,,,,,,,,,,
BiLSTM-GRU,GEO,2025-09-08 06:09:00,-0.714754321,0.32806190221355647,1.0428162232135565,0.539621592,0.15621696142858058,-0.3834046305714195,-3.08439627,0.2793336129524127,3.3637298829524127,0.135793182,0.12239775226699277,-0.013395429733007239,,,,,,,,,,,,,
BiLSTM-GRU,GEO,2025-09-08 06:24:00,1.174848914,0.32933411754459435,-0.8455147964554057,1.807139341,0.15281977012102177,-1.6543195708789784,2.329414778,0.266295404265721,-2.063119373734279,-0.174497108,0.12425429377744202,0.298751401777442,,,,,,,,,,,,,
BiLSTM-GRU,GEO,2025-09-08 06:40:00,-23.64092775,0.32880017552002494,23.969727925520026,-27.67680685,0.14956151367590126,27.8263683636759,-12.32315848,0.25310860420593445,12.576267084205934,-1.679029482,0.12718429344939866,1.8062137754493988,,,,,,,,,,,,,
BiLSTM-GRU,GEO,2025-09-08 06:55:00,2.795236584,0.3259856899972666,-2.4692508940027333,3.120386671,0.14691693818898155,-2.9734697328110182,1.696335498,0.2417869191509344,-1.4545485788490657,-0.136323006,0.13082860592001808,0.2671516119200181,,,,,,,,,,,,,
BiLSTM-GRU,GEO,2025-09-08 07:09:00,2.898205072,0.32073197065070974,-2.57747310134929,2.64583762,0.14501710318432495,-2.500820516815675,-9.674528752,0.23241672761208043,9.90694547961208,-0.221388816,0.13487442105310987,0.35626323705310986,,,,,,,,,,,,,
BiLSTM-GRU,GEO,2025-09-08 07:24:00,-2.217445955,0.31165975500200055,2.5291057100020007,-2.385242142,0.1439980584994202,2.5292402004994203,-5.203788086,0.22400125519685699,5.427789341196857,-0.252475615,0.1395964144788514,0.3920720294788514,,,,,,,,,,,,,
BiLSTM-GRU,GEO,2025-09-08 07:40:00,18.00612449,0.29753885831729066,-17.70858563168271,22.80155525,0.14470270634995114,-22.65685254365005,14.7349589,0.21730709652995792,-14.517651803470043,1.422745274,0.1445761577093792,-1.2781691162906208,,,,,,,,,,,,,
BiLSTM-GRU,GEO,2025-09-08 07:54:00,0.088465575,0.2812586359411755,0.1927930609411755,0.689170584,0.14743235817457415,-0.5417382258254259,0.209816068,0.2137971532309979,0.0039810852309979106,0.040355033,0.1484221617065309,0.10806712870653089,,,,,,,,,,,,,
BiLSTM-GRU,GEO,2025-09-08 08:09:00,1.798520643,0.2600245194985985,-1.5384961235014014,2.436178502,0.15307868516109432,-2.283099816838906,1.439228287,0.2129369460412543,-1.2262913409587457,0.042560096,0.1515725967493249,0.10901250074932492,,,,,,,,,,,,,
BiLSTM-GRU,GEO,2025-09-08 08:24:00,-15.7292637,0.23559791293548943,15.96486161293549,-17.63745653,0.16186444384278326,17.799320973842786,-4.43596295,0.21551891666374087,4.651481866663741,-0.795050318,0.15341438158274417,0.9484646995827442,,,,,,,,,,,,,
BiLSTM-GRU,GEO,2025-09-08 08:40:00,11.2306255,0.20737629244754113,-11.023249207552459,14.38979733,0.17465946569769236,-14.215137864302308,5.795854329,0.22245731262441626,-5.5733970163755835,0.693649746,0.15384944944829193,-0.539800296551708,,,,,,,,,,,,,
BiLSTM-GRU,GEO,2025-09-08 08:55:00,-11.64564588,0.1804444351401732,11.826090315140172,-13.63593391,0.1894081952590198,13.82534210525902,-8.872044343,0.23303826968453878,9.105082612684539,-0.826680161,0.15302442461090984,0.9797045856109098,,,,,,,,,,,,,
BiLSTM-GRU,GEO,2025-09-08 09:09:00,11.66643739,0.15635637495850702,-11.510081015041493,13.04275768,0.20482022537227607,-12.837937454627724,-11.0875971,0.24635410962096027,11.33395120962096,0.414446285,0.15158156903072512,-0.2628647159692749,,,,,,,,,,,,,
BiLSTM-GRU,GEO,2025-09-08 09:24:00,-0.36742745,0.1330999760386969,0.5005274260386969,-0.195659272,0.2220139107949556,0.4176731827949556,0.49451063,0.2638789761637599,-0.23063165383624012,0.182161842,0.14989872571364446,-0.03226311628635553,,,,,,,,,,,,,
BiLSTM-GRU,GEO,2025-09-08 09:40:00,-2.57022915,0.11254100426940798,2.682770154269408,-1.916816372,0.2396597724867648,2.156476144486765,5.498668224,0.2854495752145049,-5.213218648785495,-0.065982161,0.1487136083879352,0.21469576938793522,,,,,,,,,,,,,
BiLSTM-GRU,GEO,2025-09-08 10:00:00,-23.09012852,0.09437503116269269,23.184503551162692,37.54724247,0.25829051222894034,-37.28895195777106,-4.612090838,0.3146912430042615,4.926782081004262,41.75403693,0.1492089873561597,-41.60482794264384,,,,,,,,,,,,,
BiLSTM-GRU,GEO,2025-09-08 12:00:00,-0.075953111,0.1013069055915976,0.17726001659159762,0.112685762,0.22776826672553496,0.11508250472553497,-0.095472671,0.41333763409001234,0.5088103050900123,1.080834464,0.1973398715227806,-0.8834945924772195,,,,,,,,,,,,,
BiLSTM-GRU,GEO,2025-09-08 14:00:00,5.656008624,0.09779208561924696,-5.558216538380753,4.419923007,0.16022255275186484,-4.259700454248136,7.683882459,0.2440923925104859,-7.439790066489515,0.027322905,0.1905617148757462,0.16323880987574618,,,,,,,,,,,,,
BiLSTM-GRU,GEO,2025-09-08 16:00:00,-0.55224308,0.06160104871285817,0.6138441287128582,-1.278846525,0.2194335926819136,1.4982801176819136,-2.288825294,0.09783615239537657,2.386661446395377,3.593665797,0.19429638311739733,-3.3993694138826025,,,,,,,,,,,,,
BiLSTM-GRU,GEO,2025-09-08 16:04:00,32.76809424,0.060544808071817,-32.707549431928186,-47.77162129,0.22131597576660472,47.99293726576661,-23.22418169,0.10096011982697464,23.325141809826977,-56.23605286,0.19625672034048142,56.43230958034048,,,,,,,,,,,,,
BiLSTM-GRU,GEO,2025-09-08 16:25:00,-32.19045679,0.0571662039396781,32.24762299393968,-18.75551389,0.22805960462585206,18.98357349462585,-7.470545611,0.12521528597787931,7.59576089697788,9.566011168,0.20832947475923896,-9.35768169324076,,,,,,,,,,,,,
BiLSTM-GRU,GEO,2025-09-08 16:40:00,2.460983526,0.05765450500795788,-2.403329020992042,1.586390238,0.22906729351230648,-1.3573229444876933,-0.87543031,0.14894053814448469,1.0243708481444846,-0.267179805,0.2184138200796356,0.4855936250796356,,,,,,,,,,,,,
BiLSTM-GRU,GEO,2025-09-08 16:56:00,38.17062875,0.0615616205828532,-38.10906712941715,24.6922969,0.2262475679480404,-24.46604933205196,7.145243007,0.1778208160736775,-6.967422190926323,-10.61300152,0.22994300763366812,10.842944527633668,,,,,,,,,,,,,
BiLSTM-GRU,GEO,2025-09-08 17:10:00,-33.69736016,0.06823934077427855,33.76559950077428,45.44299703,0.22049779119711083,-45.22249923880289,-13.08360294,0.20436021288323006,13.287963152883231,55.86907571,0.24019840843633095,-55.62887730156367,,,,,,,,,,,,,
BiLSTM-GRU,GEO,2025-09-08 17:25:00,36.59101698,0.07902082076624783,-36.51199615923375,-44.17494053,0.2112348267055132,44.386175356705515,13.52818752,0.23237430086476257,-13.295813219135237,-56.72900751,0.2508279099442135,56.979835419944216,,,,,,,,,,,,,
BiLSTM-GRU,GEO,2025-09-08 17:41:00,1.344587222,0.09468457432603197,-1.2499026476739679,0.562752731,0.1984709943095188,-0.3642817366904812,3.761166895,0.2600137626226281,-3.501153132377372,-0.17339636,0.26114796476639973,0.4345443247663997,,,,,,,,,,,,,
BiLSTM-GRU,GEO,2025-09-08 17:55:00,-32.95110114,0.11175573612198737,33.062856876121984,49.51804937,0.18560768171661327,-49.33244168828339,-19.15237799,0.2810281215990907,19.43340611159909,58.28483566,0.2688490836458324,-58.015986576354166,,,,,,,,,,,,,
BiLSTM-GRU,GEO,2025-09-08 18:10:00,-0.305997152,0.13315490614808764,0.43915205814808767,2.009282321,0.17097240381208811,-1.838309917187912,0.314848751,0.2991968189203128,-0.01565193207968718,0.726387682,0.2753129886778932,-0.4510746933221068,,,,,,,,,,,,,
BiLSTM-GRU,GEO,2025-09-08 18:26:00,1.132001624,0.15885551065704023,-0.9731461133429598,0.451621234,0.1554952444378072,-0.29612598956219277,0.493815427,0.3127033446017072,-0.1811120823982928,-0.019613502,0.27981740658974213,0.29943090858974214,,,,,,,,,,,,,
BiLSTM-GRU,GEO,2025-09-08 18:40:00,1.235439487,0.18308435980044485,-1.0523551271995553,0.183348179,0.14297945330234563,-0.04036872569765437,0.311073953,0.31900494832268556,0.007930995322685541,0.011473327,0.28156547682176,0.27009214982176,,,,,,,,,,,,,
BiLSTM-GRU,GEO,2025-09-08 18:56:00,-0.351560704,0.2117565831904034,0.5633172871904034,-0.854873613,0.13084099791164505,0.985714610911645,0.017549807,0.31953375764743486,0.3019839506474349,0.091630695,0.281009638906881,0.18937894390688104,,,,,,,,,,,,,
BiLSTM-GRU,GEO,2025-09-08 19:10:00,0.113651317,0.2367861272447998,0.1231348102447998,-0.155487459,0.12281352586130696,0.27830098486130694,-1.267191719,0.31406107872186434,1.5812527977218642,0.119988274,0.27836921938610953,0.15838094538610953,,,,,,,,,,,,,
BiLSTM-GRU,GEO,2025-09-08 19:26:00,-0.467603747,0.2641940630505777,0.7317978100505778,-0.701513827,0.11722377938866346,0.8187376063886634,1.16759699,0.30120909803895257,-0.8663878919610475,-0.004358952,0.27310711956874734,0.27746607156874736,,,,,,,,,,,,,
BiLSTM-GRU,GEO,2025-09-08 19:40:00,0.137678191,0.2861964488664792,0.1485182578664792,-0.405414917,0.11578690228200225,0.5212018192820023,-0.10533489,0.2845952139222028,0.38993010392220284,0.010922968,0.266829017455734,0.25590604945573403,,,,,,,,,,,,,
BiLSTM-GRU,GEO,2025-09-08 19:56:00,0.470745035,0.30802078380609743,-0.16272425119390255,0.213780936,0.11820093095943504,-0.09558000504056496,-0.13039598,0.26031205980411587,0.39070803980411584,0.00327874,0.2581686960888552,0.2548899560888552,,,,,,,,,,,,,
BiLSTM-GRU,GEO,2025-09-08 20:10:00,-0.069602624,0.32342049977036563,0.39302312377036563,-0.057075571,0.12372327984676916,0.18079885084676917,0.252693483,0.2354165137139138,-0.017276969286086186,0.135242793,0.24972844972311792,0.11448565672311792,,,,,,,,,,,,,
BiLSTM-GRU,GEO,2025-09-08 20:26:00,-0.433093637,0.3360043311977242,0.7690979681977241,-0.792054567,0.1335089087846437,0.9255634757846437,-0.847556297,0.20428312133268892,1.051839418332689,-0.004358922,0.239685962728924,0.244044884728924,,,,,,,,,,,,,
BiLSTM-GRU,GEO,2025-09-08 20:40:00,0.223632611,0.3421039125519306,0.11847130155193061,0.233282365,0.14458206694057166,-0.08870029805942833,0.336291461,0.17610820274127775,-0.16018325825872226,0.135242793,0.23107033644457114,0.09582754344457114,,,,,,,,,,,,,
BiLSTM-GRU,GEO,2025-09-08 20:56:00,0.22905368,0.3430186572025762,0.11396497720257617,-0.106023751,0.1593175126278068,0.2653412636278068,0.114328878,0.14458333074643748,0.030254452746437482,-0.085047283,0.22203675523509606,0.30708403823509606,,,,,,,,,,,,,
BiLSTM-GRU,GEO,2025-09-08 21:13:00,12.00274335,0.33665433122419686,-11.666089018775802,23.53857819,0.17637076042320943,-23.362207429576788,4.222093838,0.11386015808818473,-4.108233679911815,7.254931645,0.21407730672527686,-7.040854338274723,,,,,,,,,,,,,
BiLSTM-GRU,GEO,2025-09-08 22:58:00,-20.86702867,0.1594041573733608,21.02643282737336,-1.634100072,0.2535875246043228,1.887687596604323,-5.421909171,0.055607031603738026,5.477516202603738,7.800273973,0.22139943680797514,-7.578874536192025,,,,,,,,,,,,,
BiLSTM-GRU,GEO,2025-09-08 23:00:00,16.65338836,0.1549123742285406,-16.49847598577146,5.89436695,0.25397781815156023,-5.64038913184844,30.49590906,0.05674966993559227,-30.439159390064408,-0.339650105,0.2223728692782806,0.5620229742782805,,,,,,,,,,,,,
BiLSTM-GRU,GEO,2025-09-08 23:10:00,-10.51616261,0.13274395702352612,10.648906567023527,-14.89356624,0.2551284398220048,15.148694679822006,-13.26656623,0.0634119596632618,13.329978189663262,-2.517735278,0.22747456762002377,2.745209845620024,,,,,,,,,,,,,
BiLSTM-GRU,GEO,2025-09-08 23:26:00,0.08282391,0.09915443958248238,0.016330529582482378,2.086558733,0.25421775015277515,-1.8323409828472248,-11.35415101,0.07693964983957391,11.431090659839574,2.074412654,0.23626864158553068,-1.8381440124144695,,,,,,,,,,,,,
BiLSTM-GRU,GEO,2025-09-08 23:41:00,-1.738360018,0.07098506399934418,1.8093450819993442,-0.490893051,0.2502930954753746,0.7411861464753746,-0.06068912,0.09220520410596367,0.15289432410596365,0.817446584,0.2448031015260943,-0.5726434824739057,,,,,,,,,,,,,
BiLSTM-GRU,MEO-1,2025-09-08 14:01:00,-0.678427685,-0.6062615425192341,0.0721661424807658,0.554813929,0.27349780609529833,-0.2813161229047017,0.660263769,0.2069785514547542,-0.45328521754524576,0.108705585,0.04779997179039181,-0.06090561320960818,,,,,,,,,,,,,
BiLSTM-GRU,MEO-1,2025-09-08 15:00:00,-0.595481593,-0.6086595338640329,-0.0131779408640329,0.3193556,0.2780078227615778,-0.0413477772384222,0.794949966,0.16869097234729388,-0.6262589936527061,-0.07212362,0.045392394442155745,0.11751601444215574,,,,,,,,,,,,,
BiLSTM-GRU,MEO-1,2025-09-08 16:00:00,-0.563411338,-0.6124134877961349,-0.04900214979613493,-0.044653192,0.2885003458349428,0.3331535378349428,0.774602206,0.15810559152399425,-0.6164966144760057,-0.185823327,0.04622249591672957,0.2320458229167296,,,,,,,,,,,,,
BiLSTM-GRU,MEO-1,2025-09-08 17:00:00,-0.60375211,-0.613514045874871,-0.009761935874871064,-0.271074884,0.29101695527718435,0.5620918392771843,0.676786087,0.18322301498131127,-0.4935630720186887,0.047174382,0.05125183229434355,0.004077450294343546,,,,,,,,,,,,,
BiLSTM-GRU,MEO-1,2025-09-08 18:00:00,-0.640059356,-0.6073714578812901,0.03268789811870987,-0.46321632,0.2799824985033814,0.7431988185033814,0.329910442,0.21609214172737953,-0.11381830027262049,0.007417315,0.05713725661718869,0.04971994161718869,,,,,,,,,,,,,
BiLSTM-GRU,MEO-1,2025-09-08 19:00:00,-0.845060995,-0.5944848192668103,0.2505761757331897,-0.542391572,0.2663811722986255,0.8087727442986254,0.099745899,0.22892077922693077,0.12917488022693077,0.025049698,0.05944549347575164,0.03439579547575164,,,,,,,,,,,,,
BiLSTM-GRU,MEO-2,2025-09-10 11:41:00,0.01732089,-0.12188767473124636,-0.13920856473124635,0.034334149,0.01702997187118107,-0.01730417712881893,0.003546762,0.035571456833491534,0.03202469483349153,-0.011464963,-0.003813483177234323,0.007651479822765677,,,,,,,,,,,,,
BiLSTM-GRU,MEO-2,2025-09-10 11:51:00,0.017133847,-0.12199645249635334,-0.13913029949635333,0.022090614,0.01656910710575025,-0.005521506894249753,-0.015149363,0.03517715670617436,0.05032651970617436,-0.011464963,-0.0038106082373546763,0.007654354762645324,,,,,,,,,,,,,
BiLSTM-GRU,MEO-2,2025-09-10 12:01:00,-0.016649667,-0.12211637831715658,-0.10546671131715657,0.071730789,0.016098705475782484,-0.055632083524217515,0.071352192,0.03463538868460428,-0.036716803315395716,-0.028915192,-0.0038214015708417795,0.02509379042915822,,,,,,,,,,,,,
BiLSTM-GRU,MEO-2,2025-09-10 12:11:00,-0.014073573,-0.12224487493431323,-0.10817130193431322,0.058960408,0.01563136349574177,-0.04332904450425823,0.026658776,0.033956833058877464,0.0072980570588774656,-0.008910701,-0.003845621280296973,0.0050650797197030265,,,,,,,,,,,,,
BiLSTM-GRU,MEO-2,2025-09-10 12:21:00,-0.043862961,-0.12237775109903111,-0.07851479009903112,0.013334915,0.01517779515272357,0.0018428801527235715,0.090425968,0.03315260158130088,-0.057273366418699116,-0.04381116,-0.003882288766888764,0.039928871233111236,,,,,,,,,,,,,
BiLSTM-GRU,MEO-2,2025-09-10 12:31:00,-0.102973944,-0.12250932198180547,-0.019535377981805477,0.03641,0.014746831037729717,-0.02166316896227028,0.137710626,0.03223315817071366,-0.10547746782928634,-0.006356499,-0.003929800963406312,0.002426698036593688,,,,,,,,,,,,,
BiLSTM-GRU,MEO-2,2025-09-10 13:42:00,-0.604872985,-0.12296574795051629,0.4819072370494837,0.045217603,0.012671601322219866,-0.032546001677780136,0.78919402,0.023292660700895848,-0.7659013592991042,0.042755621,-0.004364368875568292,-0.04711998987556829,,,,,,,,,,,,,
BiLSTM-GRU,MEO-2,2025-09-10 13:51:00,-0.297227101,-0.12294119609672677,0.17428590490327323,-0.039529767,0.012553204510960004,0.05208297151096,0.184171516,0.022006508979325996,-0.16216500702067402,-0.00378428,-0.0044037395885260155,-0.0006194595885260154,,,,,,,,,,,,,
BiLSTM-GRU,MEO-2,2025-09-10 14:01:00,-0.256092004,-0.12289637586590843,0.13319562813409155,-0.041247133,0.01246396732759657,0.05371110032759657,0.214914382,0.020596721569208727,-0.19431766043079127,-0.00378428,-0.0044374116452570314,-0.0006531316452570313,,,,,,,,,,,,,
BiLSTM-GRU,MEO-2,2025-09-10 14:11:00,-0.241582772,-0.12283762152617778,0.11874515047382223,-0.053077806,0.012419648446086583,0.06549745444608658,0.100638509,0.019235718195734913,-0.08140279080426509,0.03367041,-0.004459252747927426,-0.03812966274792742,,,,,,,,,,,,,
BiLSTM-GRU,MEO-2,2025-09-10 14:21:00,-0.246787785,-0.12277042064166244,0.12401736435833757,-0.004013434,0.01242108184256007,0.01643451584256007,0.102492996,0.01795347652043139,-0.08453951947956861,-0.00378428,-0.004468224358527277,-0.000683944358527277,,,,,,,,,,,,,
BiLSTM-GRU,MEO-2,2025-09-10 15:27:00,-0.77616653,-0.12240090288102055,0.6537656271189795,0.031439345,0.013342316200094509,-0.01809702879990549,0.096714936,0.013539583535859146,-0.08317535246414086,0.047095207,-0.004184827794451263,-0.051280034794451264,,,,,,,,,,,,,
BiLSTM-GRU,MEO-2,2025-09-10 15:31:00,-0.19744923,-0.12239089358454687,0.07505833641545313,0.046858054,0.013423927714218985,-0.03343412628578102,0.020822335,0.013569888955029794,-0.007252446044970207,0.031116179,-0.004149814751508966,-0.03526599375150897,,,,,,,,,,,,,
BiLSTM-GRU,MEO-2,2025-09-10 15:41:00,-0.197551704,-0.12237138352637042,0.07518032047362957,-0.004527792,0.013622987391755412,0.01815077939175541,0.016995404,0.01380178645014489,-0.0031936175498551087,0.01109373,-0.004055384551451869,-0.015149114551451869,,,,,,,,,,,,,
BiLSTM-GRU,MEO-2,2025-09-10 16:48:00,-0.658341106,-0.12212691023878529,0.5362141957612147,-0.168878008,0.014090552634155939,0.18296856063415592,-0.333790079,0.019516418932042902,0.35330649793204294,-0.195190942,-0.0033085223575320065,0.191882419642468,,,,,,,,,,,,,
BiLSTM-GRU,MEO-2,2025-09-10 16:51:00,-0.119109925,-0.12209458049298294,-0.002984655492982935,0.005065087,0.014057056330383356,0.008991969330383355,-0.045552712,0.019851246410649018,0.06540395841064903,-0.033576246,-0.0032769289058815097,0.030299317094118487,,,,,,,,,,,,,
BiLSTM-GRU,MEO-2,2025-09-10 17:01:00,-0.179179491,-0.12196343104078701,0.057216059959212986,-0.04787511,0.013910200083686236,0.061785310083686235,-0.094082613,0.020951617801981424,0.11503423080198141,0.003878415,-0.0031766619754188233,-0.007055076975418823,,,,,,,,,,,,,
BiLSTM-GRU,MEO-2,2025-09-10 17:11:00,-0.271167127,-0.12179131956112296,0.14937580743887705,0.008144267,0.01370998152681912,0.005565714526819119,-0.149303928,0.022005625570051677,0.17130955357005168,0.003878415,-0.003085972163582975,-0.006964387163582975,,,,,,,,,,,,,
Transformer,GEO,2025-09-08 00:11:00,13.11178288,-0.009893433358338644,-13.12167631335834,52.78996231,0.2674233670572698,-52.52253894294273,-42.91500574,0.21155475299902585,43.126560492999026,29.74719472,0.17303390576815486,-29.574160814231846,,,,,,,,,,,,,
Transformer,GEO,2025-09-08 00:24:00,-24.83713549,-0.01880620652329254,24.818329283476707,-75.2527814,0.2885056833323034,75.5412870833323,18.7007945,0.22620897107410928,-18.474585528925893,-35.46320138,0.17703604224606773,35.64023742224607,,,,,,,,,,,,,
Transformer,GEO,2025-09-08 00:39:00,2.640146777,-0.02798698867877239,-2.6681337656787725,3.879810199,0.3121950130618047,-3.5676151859381955,4.213404928,0.24133911167601818,-3.972065816323982,-0.065431803,0.1832699759707258,0.24870177897072582,,,,,,,,,,,,,
Transformer,GEO,2025-09-08 00:54:00,20.88661929,-0.03553257902519458,-20.922151869025193,33.50227412,0.33434999153702283,-33.16792412846298,31.05613169,0.25423954096715745,-30.80189214903284,4.77264071,0.19092600243694224,-4.581714707563058,,,,,,,,,,,,,
Transformer,GEO,2025-09-08 01:09:00,-2.484121658,-0.041073878517232154,2.4430477794827676,-2.839942042,0.35406635128185926,3.1940083932818593,-3.907376413,0.2646121572810039,4.1719885702810044,-0.313548465,0.1994851708022887,0.5130336358022887,,,,,,,,,,,,,
Transformer,GEO,2025-09-08 01:24:00,3.870459795,-0.04437534130993362,-3.9148351363099336,3.483555913,0.3705012113461703,-3.1130547016538297,-3.901639407,0.2721922333554913,4.173831640355491,-0.14285995,0.20829303121872156,0.35115298121872157,,,,,,,,,,,,,
Transformer,GEO,2025-09-08 01:39:00,4.446584508,-0.04535937476897409,-4.491943882768974,5.520261291,0.38295595620431977,-5.13730533479568,-0.250816639,0.2767545359514022,0.5275711749514023,0.307032086,0.21664898803663946,-0.09038309796336053,,,,,,,,,,,,,
Transformer,GEO,2025-09-08 01:54:00,-7.03531722,-0.04411852443261777,6.991198695567382,-16.38756617,0.3909494742755211,16.778515644275522,-14.16058641,0.27814273130304384,14.438729141303044,-5.418286458,0.22390463453058962,5.64219109253059,,,,,,,,,,,,,
Transformer,GEO,2025-09-08 02:09:00,1.521143753,-0.04091063011325888,-1.562054383113259,2.441407826,0.39426905344997604,-2.047138772550024,3.219657793,0.276317911932461,-2.943339881067539,-0.14285995,0.22954944696487595,0.37240939696487596,,,,,,,,,,,,,
Transformer,GEO,2025-09-08 02:24:00,-1.754055567,-0.03613259062129462,1.7179229763787054,-1.366148803,0.3929945387425061,1.7591433417425062,2.167641083,0.2714156479161064,-1.8962254350838936,-0.313548465,0.2332738770110674,0.5468223420110674,,,,,,,,,,,,,
Transformer,GEO,2025-09-08 02:40:00,15.92827525,-0.029856011412209033,-15.958131261412209,25.44078524,0.3869837629285674,-25.05380147707143,13.30615765,0.2632010475755114,-13.042956602424487,4.851715947,0.23504408687875444,-4.6166718601212455,,,,,,,,,,,,,
Transformer,GEO,2025-09-08 02:54:00,0.620170079,-0.023847501366301038,-0.6440175803663011,1.482095059,0.37835352623064866,-1.1037415327693512,1.700526586,0.25404914849463156,-1.4464774375053686,0.143984112,0.23486279320102854,0.09087868120102854,,,,,,,,,,,,,
Transformer,GEO,2025-09-08 03:09:00,3.176246542,-0.017335406398589825,-3.19358194839859,2.631436545,0.366377170964144,-2.265059374035856,-9.231028221,0.24300239658284978,9.47403061758285,0.16743034,0.23318766549153713,0.06575732549153712,,,,,,,,,,,,,
Transformer,GEO,2025-09-08 03:24:00,4.141316079,-0.011112591453768902,-4.152428670453769,4.747581668,0.35245000010468397,-4.395131667895315,-0.192329503,0.23161456881532608,0.4239440718153261,0.275945287,0.23039814531919656,-0.04554714168080343,,,,,,,,,,,,,
Transformer,GEO,2025-09-08 03:39:00,-9.216858581,-0.005412586592958957,9.211445994407041,-15.87790369,0.3374922728145743,16.215395962814576,-12.38920725,0.22087397378660897,12.61008122378661,-3.524388557,0.22694012088067672,3.751328677880677,,,,,,,,,,,,,
Transformer,GEO,2025-09-08 03:54:00,0.20270155,-0.0003135861770015569,-0.20301513617700156,1.696127512,0.3223859702838162,-1.3737415417161838,3.890172646,0.2116492258299198,-3.6785234201700803,-0.069796061,0.2231951128008311,0.2929911738008311,,,,,,,,,,,,,
Transformer,GEO,2025-09-08 04:09:00,3.166083612,0.004241904762771365,-3.1618417072372287,4.033427253,0.3079211215067199,-3.7255061314932805,3.207260056,0.20454319533859772,-3.002716860661402,-0.236643395,0.21941483469204154,0.4560582296920416,,,,,,,,,,,,,
Transformer,GEO,2025-09-08 04:24:00,0.440723937,0.008396164461227026,-0.43232777253877297,1.635624114,0.2947585744095811,-1.340865539590419,-0.868616651,0.19977757673100088,1.0683942277310008,0.119988274,0.21568530402861746,0.09569703002861746,,,,,,,,,,,,,
Transformer,GEO,2025-09-08 04:40:00,2.076129898,0.012563271020813643,-2.0635666269791866,2.416580204,0.28272488724678047,-2.1338553167532197,0.145633547,0.1970226340193341,0.05138908701933409,-0.329903762,0.21167585851405418,0.5415796205140542,,,,,,,,,,,,,
Transformer,GEO,2025-09-08 04:54:00,-0.58745927,0.016085778049414787,0.6035450480494148,-0.098023806,0.2742131704927377,0.3722369764927377,1.424576663,0.19598577905907583,-1.2285908839409243,-0.2464741,0.2079533966408167,0.4544274966408167,,,,,,,,,,,,,
Transformer,GEO,2025-09-08 05:09:00,35.72054858,0.01973940128599888,-35.700809178714,42.28232419,0.2673462440315898,-42.014977945968404,4.288607874,0.19537184251874035,-4.0932360314812595,2.415789744,0.20348767689014596,-2.212302067109854,,,,,,,,,,,,,
Transformer,GEO,2025-09-08 05:24:00,-2.56484355,0.02316226240343905,2.588005812403439,-2.970954809,0.2627990477542513,3.2337538567542516,-4.450318204,0.19418725645123153,4.6445054604512315,-0.019063113,0.1982729980286497,0.2173361110286497,,,,,,,,,,,,,
Transformer,GEO,2025-09-08 05:40:00,1.354207333,0.026328035866630864,-1.327879297133369,2.966350861,0.2602911033629183,-2.7060597576370817,8.597062898,0.1911038094960465,-8.405959088503954,0.368655295,0.19165834758076716,-0.17699694741923283,,,,,,,,,,,,,
Transformer,GEO,2025-09-08 05:54:00,2.220279891,0.0284500846003283,-2.1918298063996717,2.566548221,0.25974214053196554,-2.306806080468035,0.438858352,0.1861104746091819,-0.2527478773908181,-0.150496503,0.18487916526613707,0.3353756682661371,,,,,,,,,,,,,
Transformer,GEO,2025-09-08 06:09:00,-0.714754321,0.029820546828375885,0.7445748678283759,0.539621592,0.26036760259942,-0.27925398940058005,-3.08439627,0.17799457022271611,3.262390840222716,0.135793182,0.17658450825749716,0.04079132625749715,,,,,,,,,,,,,
Transformer,GEO,2025-09-08 06:24:00,1.174848914,0.03009442265243939,-1.1447544913475607,1.807139341,0.26165456473640225,-1.545484776263598,2.329414778,0.1671065178076989,-2.162308260192301,-0.174497108,0.1673075388996377,0.34180464689963774,,,,,,,,,,,,,
Transformer,GEO,2025-09-08 06:40:00,-23.64092775,0.02912134061600237,23.670049090616,-27.67680685,0.2630325717393619,27.93983942173936,-12.32315848,0.15309026506210005,12.476248745062101,-1.679029482,0.15650165952628964,1.8355311415262896,,,,,,,,,,,,,
Transformer,GEO,2025-09-08 06:55:00,2.795236584,0.027103480828666787,-2.768133103171333,3.120386671,0.26369387333051475,-2.856692797669485,1.696335498,0.13873837177677512,-1.5575971262232249,-0.136323006,0.14572497933854883,0.2820479853385488,,,,,,,,,,,,,
Transformer,GEO,2025-09-08 07:09:00,2.898205072,0.024410213112692092,-2.873794858887308,2.64583762,0.26332124435864446,-2.3825163756413557,-9.674528752,0.12539160137295416,9.799920353372954,-0.221388816,0.13530319861941645,0.35669201461941646,,,,,,,,,,,,,
Transformer,GEO,2025-09-08 07:24:00,-2.217445955,0.02085310680938228,2.2382990618093825,-2.385242142,0.2615665537541556,2.6468086957541557,-5.203788086,0.11234625639005455,5.316134342390055,-0.252475615,0.123978442325629,0.376454057325629,,,,,,,,,,,,,
Transformer,GEO,2025-09-08 07:40:00,18.00612449,0.016468536286670193,-17.98965595371333,22.80155525,0.2580379768509185,-22.54351727314908,14.7349589,0.10110438054360357,-14.633854519456397,1.422745274,0.11201451955499866,-1.3107307544450013,,,,,,,,,,,,,
Transformer,GEO,2025-09-08 07:54:00,0.088465575,0.012166131519809761,-0.07629944348019024,0.689170584,0.2536498468140451,-0.43552073718595485,0.209816068,0.09431410672010793,-0.11550196127989207,0.040355033,0.10192516601985546,0.061570133019855464,,,,,,,,,,,,,
Transformer,GEO,2025-09-08 08:09:00,1.798520643,0.006937007744621915,-1.7915836352553782,2.436178502,0.24788887021195977,-2.1882896317880403,1.439228287,0.09065021493802314,-1.3485780720619769,0.042560096,0.09183033301728659,0.04927023701728659,,,,,,,,,,,,,
Transformer,GEO,2025-09-08 08:24:00,-15.7292637,0.000746986894959667,15.73001068689496,-17.63745653,0.24145133753790693,17.878907867537908,-4.43596295,0.090830909868305,4.526793859868305,-0.795050318,0.08282558138347432,0.8778758993834743,,,,,,,,,,,,,
Transformer,GEO,2025-09-08 08:40:00,11.2306255,-0.007442661428582992,-11.238068161428583,14.38979733,0.23438698180182882,-14.155410348198172,5.795854329,0.09508365362076726,-5.700770675379233,0.693649746,0.07482969857338637,-0.6188200474266136,,,,,,,,,,,,,
Transformer,GEO,2025-09-08 08:55:00,-11.64564588,-0.017157355522306406,11.628488524477694,-13.63593391,0.2280683093202946,13.864002219320295,-8.872044343,0.10256941327633237,8.974613756276334,-0.826680161,0.06919718490999978,0.8958773459099998,,,,,,,,,,,,,
Transformer,GEO,2025-09-08 09:09:00,11.66643739,-0.02841343226113824,-11.694850822261138,13.04275768,0.2227716870533424,-12.819985992946657,-11.0875971,0.11236297291952771,11.199960072919527,0.414446285,0.06581931962817067,-0.34862696537182936,,,,,,,,,,,,,
Transformer,GEO,2025-09-08 09:24:00,-0.36742745,-0.04308060636400929,0.3243468436359907,-0.195659272,0.2179645975210836,0.4136238695210836,0.49451063,0.12572133736074936,-0.36878929263925064,0.182161842,0.0643981416712247,-0.11776370032877528,,,,,,,,,,,,,
Transformer,GEO,2025-09-08 09:40:00,-2.57022915,-0.061710480528753275,2.5085186694712465,-1.916816372,0.21392992911587477,2.1307463011158747,5.498668224,0.14324829591367017,-5.35541992808633,-0.065982161,0.06549407211735137,0.13147623311735135,,,,,,,,,,,,,
Transformer,GEO,2025-09-08 10:00:00,-23.09012852,-0.08875673356852215,23.001371786431477,37.54724247,0.21042670073651926,-37.33681576926348,-4.612090838,0.17013733213441404,4.782228170134414,41.75403693,0.07063146553947455,-41.68340546446052,,,,,,,,,,,,,
Transformer,GEO,2025-09-08 12:00:00,-0.075953111,-0.23955831924227433,-0.1636052082422743,0.112685762,0.22631030129153934,0.11362453929153934,-0.095472671,0.39052111592736394,0.48599378692736395,1.080834464,0.1648095208501931,-0.916024943149807,,,,,,,,,,,,,
Transformer,GEO,2025-09-08 14:00:00,5.656008624,-0.19415149474029825,-5.850160118740298,4.419923007,0.28225245200638305,-4.137670554993617,7.683882459,0.31564449576565745,-7.368237963234343,0.027322905,0.2444200655004688,0.2170971605004688,,,,,,,,,,,,,
Transformer,GEO,2025-09-08 16:00:00,-0.55224308,-0.04000232393634165,0.5122407560636584,-1.278846525,0.24674535123193175,1.5255918762319318,-2.288825294,0.21275916428394495,2.501584458283945,3.593665797,0.20149587662054524,-3.3921699203794544,,,,,,,,,,,,,
Transformer,GEO,2025-09-08 16:04:00,32.76809424,-0.03839096049734422,-32.80648520049735,-47.77162129,0.24529078828436318,48.01691207828436,-23.22418169,0.21334703867949945,23.437528728679503,-56.23605286,0.1996119377729677,56.43566479777297,,,,,,,,,,,,,
Transformer,GEO,2025-09-08 16:25:00,-32.19045679,-0.03490870897270848,32.15554808102729,-18.75551389,0.23848689288427655,18.994000782884275,-7.470545611,0.22029433057106407,7.690839941571064,9.566011168,0.1906510218785607,-9.375360146121439,,,,,,,,,,,,,
Transformer,GEO,2025-09-08 16:40:00,2.460983526,-0.03679602419225195,-2.497779550192252,1.586390238,0.2346610804375821,-1.3517291575624177,-0.87543031,0.2289450661431888,1.104375376143189,-0.267179805,0.18548899395364357,0.45266879895364354,,,,,,,,,,,,,
Transformer,GEO,2025-09-08 16:56:00,38.17062875,-0.04167725978182554,-38.21230600978183,24.6922969,0.23172904446716946,-24.46056785553283,7.145243007,0.24104642577401436,-6.904196581225986,-10.61300152,0.18143619319260273,10.794437713192602,,,,,,,,,,,,,
Transformer,GEO,2025-09-08 17:10:00,-33.69736016,-0.047452540629871254,33.64990761937013,45.44299703,0.23026268623332047,-45.212734343766684,-13.08360294,0.25345912343446647,13.337062063434466,55.86907571,0.17933627277401776,-55.68973943722598,,,,,,,,,,,,,
Transformer,GEO,2025-09-08 17:25:00,36.59101698,-0.054312463610545036,-36.64532944361054,-44.17494053,0.22991038711785183,44.404850917117855,13.52818752,0.26774102236246516,-13.260446497637535,-56.72900751,0.17878116483877898,56.907788674838784,,,,,,,,,,,,,
Transformer,GEO,2025-09-08 17:41:00,1.344587222,-0.06158619391673456,-1.4061734159167345,0.562752731,0.230903374427536,-0.331849356572464,3.761166895,0.2827491811779611,-3.478417713822039,-0.17339636,0.1802843038008946,0.3536806638008946,,,,,,,,,,,,,
Transformer,GEO,2025-09-08 17:55:00,-32.95110114,-0.06743744273751018,32.88366369726249,49.51804937,0.23277771913804324,-49.28527165086196,-19.15237799,0.29436499894570295,19.446742988945704,58.28483566,0.18342510126438855,-58.10141055873561,,,,,,,,,,,,,
Transformer,GEO,2025-09-08 18:10:00,-0.305997152,-0.07289594466085358,0.2331012073391464,2.009282321,0.2354988576580852,-1.773783463341915,0.314848751,0.30380446143651413,-0.011044289563485854,0.726387682,0.1886063119454198,-0.5377813700545803,,,,,,,,,,,,,
Transformer,GEO,2025-09-08 18:26:00,1.132001624,-0.07765861004031688,-1.2096602340403169,0.451621234,0.238648057324705,-0.21297317667529497,0.493815427,0.30893704208116574,-0.18487838491883424,-0.019613502,0.195937562153496,0.215551064153496,,,,,,,,,,,,,
Transformer,GEO,2025-09-08 18:40:00,1.235439487,-0.08088837711855681,-1.316327864118557,0.183348179,0.24101369272122625,0.05766551372122625,0.311073953,0.30824120432215996,-0.002832748677840058,0.011473327,0.20350207319748015,0.19202874619748014,,,,,,,,,,,,,
Transformer,GEO,2025-09-08 18:56:00,-0.351560704,-0.0834580802943328,0.2681026237056672,-0.854873613,0.2425121477437039,1.0973857607437039,0.017549807,0.3008361532439811,0.2832863462439811,0.091630695,0.21286248200028685,0.12123178700028685,,,,,,,,,,,,,
Transformer,GEO,2025-09-08 19:10:00,0.113651317,-0.08463183812408012,-0.19828315512408012,-0.155487459,0.24217246618206895,0.39765992518206894,-1.267191719,0.28850041027359496,1.555692129273595,0.119988274,0.2210997570650594,0.1011114830650594,,,,,,,,,,,,,
Transformer,GEO,2025-09-08 19:26:00,-0.467603747,-0.08455758507192274,0.3830461619280773,-0.701513827,0.2393520317664639,0.9408658587664639,1.16759699,0.26825241130386873,-0.8993445786961314,-0.004358952,0.22986925196926403,0.23422820396926403,,,,,,,,,,,,,
Transformer,GEO,2025-09-08 19:40:00,0.137678191,-0.08306416003019312,-0.22074235103019313,-0.405414917,0.23452458402374987,0.6399395010237499,-0.10533489,0.2461034203333522,0.3514383103333522,0.010922968,0.2364666785937377,0.2255437105937377,,,,,,,,,,,,,
Transformer,GEO,2025-09-08 19:56:00,0.470745035,-0.0795294981259552,-0.5502745331259552,0.213780936,0.2263794851822229,0.01259854918222289,-0.13039598,0.2173423087750821,0.34773828877508206,0.00327874,0.24233541921283597,0.23905667921283597,,,,,,,,,,,,,
Transformer,GEO,2025-09-08 20:10:00,-0.069602624,-0.07476866801236776,-0.005166044012367754,-0.057075571,0.2173212440458335,0.2743968150458335,0.252693483,0.19078531561871567,-0.061908167381284324,0.135242793,0.24582590464472237,0.11058311164472237,,,,,,,,,,,,,
Transformer,GEO,2025-09-08 20:26:00,-0.433093637,-0.0675257761901577,0.36556786080984227,-0.792054567,0.20554141072454518,0.9975959777245451,-0.847556297,0.16091719833088938,1.0084734953308894,-0.004358922,0.24795400782156746,0.25231292982156744,,,,,,,,,,,,,
Transformer,GEO,2025-09-08 20:40:00,0.223632611,-0.05988779073710046,-0.28352040173710047,0.233282365,0.19485459781389658,-0.03842776718610341,0.336291461,0.13688054948016812,-0.1994109115198319,0.135242793,0.24837654591000025,0.11313375291000025,,,,,,,,,,,,,
Transformer,GEO,2025-09-08 20:56:00,0.22905368,-0.050228726259843426,-0.27928240625984346,-0.106023751,0.1833795138602587,0.2894032648602587,0.114328878,0.11355197762523647,-0.0007769003747635228,-0.085047283,0.24758007344082272,0.33262735644082275,,,,,,,,,,,,,
Transformer,GEO,2025-09-08 21:13:00,12.00274335,-0.0397686735299177,-12.042512023529918,23.53857819,0.17343668296094056,-23.36514150703906,4.222093838,0.09518107872762666,-4.126912759272374,7.254931645,0.2457387875808284,-7.009192857419172,,,,,,,,,,,,,
Transformer,GEO,2025-09-08 22:58:00,-20.86702867,-0.026462514548782484,20.840566155451217,-1.634100072,0.21207716184012584,1.8461772338401259,-5.421909171,0.13895032954989625,5.560859500549896,7.800273973,0.23011572636068406,-7.570158246639316,,,,,,,,,,,,,
Transformer,GEO,2025-09-08 23:00:00,16.65338836,-0.02740912061848591,-16.680797480618487,5.89436695,0.2145084368706358,-5.679858513129364,30.49590906,0.14158643826608014,-30.354322621733917,-0.339650105,0.22984303738395778,0.5694931423839578,,,,,,,,,,,,,
Transformer,GEO,2025-09-08 23:10:00,-10.51616261,-0.03266920322295655,10.483493406777043,-14.89356624,0.22738180097552796,15.120948040975527,-13.26656623,0.1551142750786157,13.421680505078616,-2.517735278,0.22858237178561414,2.746317649785614,,,,,,,,,,,,,
Transformer,GEO,2025-09-08 23:26:00,0.08282391,-0.04258264758513691,-0.1254065575851369,2.086558733,0.2501805015286924,-1.8363782314713075,-11.35415101,0.17743082237379307,11.531581832373794,2.074412654,0.2271128673284385,-1.8472997866715617,,,,,,,,,,,,,
Transformer,GEO,2025-09-08 23:41:00,-1.738360018,-0.052970854168971904,1.685389163831028,-0.490893051,0.27351841111838543,0.7644114621183855,-0.06068912,0.198318194380749,0.259007314380749,0.817446584,0.22669703766049648,-0.5907495463395036,,,,,,,,,,,,,
Transformer,MEO-1,2025-09-08 14:01:00,-0.678427685,-0.6706223362937066,0.007805348706293347,0.554813929,0.335230454550542,-0.21958347444945803,0.660263769,0.3183010360175933,-0.34196273298240665,0.108705585,0.04980666874213999,-0.05889891625786001,,,,,,,,,,,,,
Transformer,MEO-1,2025-09-08 15:00:00,-0.595481593,-0.6637437080248718,-0.06826211502487178,0.3193556,0.32687956218896785,0.0075239621889678365,0.794949966,0.28105917083758114,-0.5138907951624189,-0.07212362,0.057478990683445204,0.1296026106834452,,,,,,,,,,,,,
Transformer,MEO-1,2025-09-08 16:00:00,-0.563411338,-0.6559584391342738,-0.09254710113427378,-0.044653192,0.32454967600457096,0.36920286800457097,0.774602206,0.27386861670551155,-0.5007335892944884,-0.185823327,0.06270893983275283,0.24853226683275284,,,,,,,,,,,,,
Transformer,MEO-1,2025-09-08 17:00:00,-0.60375211,-0.6512964363120195,-0.04754432631201955,-0.271074884,0.33080186475168316,0.6018767487516832,0.676786087,0.2919059456079368,-0.38488014139206317,0.047174382,0.06239819944291814,0.01522381744291814,,,,,,,,,,,,,
Transformer,MEO-1,2025-09-08 18:00:00,-0.640059356,-0.6473145317702075,-0.0072551757702075115,-0.46321632,0.3391136845916722,0.8023300045916721,0.329910442,0.3185064490440286,-0.011403992955971443,0.007417315,0.05805256301289887,0.05063524801289887,,,,,,,,,,,,,
Transformer,MEO-1,2025-09-08 19:00:00,-0.845060995,-0.6432315362957229,0.20182945870427704,-0.542391572,0.3412109249723919,0.8836024969723919,0.099745899,0.3244837609044606,0.22473786190446063,0.025049698,0.054829421571434,0.029779723571434002,,,,,,,,,,,,,
Transformer,MEO-2,2025-09-10 11:41:00,0.01732089,-0.1434098346307225,-0.1607307246307225,0.034334149,0.03383073375167517,-0.000503415248324833,0.003546762,0.03300081650433347,0.02945405450433347,-0.011464963,-0.004891206272148644,0.006573756727851356,,,,,,,,,,,,,
Transformer,MEO-2,2025-09-10 11:51:00,0.017133847,-0.14402650669475692,-0.16116035369475692,0.022090614,0.03406032390537176,0.011969709905371759,-0.015149363,0.03373132043630009,0.04888068343630009,-0.011464963,-0.004875162297212377,0.006589800702787623,,,,,,,,,,,,,
Transformer,MEO-2,2025-09-10 12:01:00,-0.016649667,-0.1446367458579863,-0.1279870788579863,0.071730789,0.034258629529490624,-0.03747215947050938,0.071352192,0.03419644950256483,-0.03715574249743517,-0.028915192,-0.004854471812699324,0.024060720187300676,,,,,,,,,,,,,
Transformer,MEO-2,2025-09-10 12:11:00,-0.014073573,-0.14523265638154909,-0.13115908338154908,0.058960408,0.03442234251871597,-0.02453806548128403,0.026658776,0.03437412487278624,0.0077153488727862395,-0.008910701,-0.004827313707346503,0.004083387292653497,,,,,,,,,,,,,
Transformer,MEO-2,2025-09-10 12:21:00,-0.043862961,-0.1458056175122756,-0.1019426565122756,0.013334915,0.03454707407366351,0.02121215907366351,0.090425968,0.034251968574697485,-0.05617399942530251,-0.04381116,-0.00479216702450128,0.03901899297549872,,,,,,,,,,,,,
Transformer,MEO-2,2025-09-10 12:31:00,-0.102973944,-0.14634620150227148,-0.043372257502271486,0.03641,0.03462756319491299,-0.0017824368050870093,0.137710626,0.03382849545647508,-0.10388213054352492,-0.006356499,-0.0047478953662705835,0.0016086036337294163,,,,,,,,,,,,,
Transformer,MEO-2,2025-09-10 13:42:00,-0.604872985,-0.14837273177859225,0.45650025322140775,0.045217603,0.0334818398376773,-0.0117357631623227,0.78919402,0.024343933100973957,-0.7648500868990261,0.042755621,-0.004165687471649722,-0.04692130847164972,,,,,,,,,,,,,
Transformer,MEO-2,2025-09-10 13:51:00,-0.297227101,-0.14831431048430352,0.14891279051569647,-0.039529767,0.03310585907395619,0.07263562607395618,0.184171516,0.022802253326352648,-0.16136926267364737,-0.00378428,-0.004067314129925976,-0.00028303412992597594,,,,,,,,,,,,,
Transformer,MEO-2,2025-09-10 14:01:00,-0.256092004,-0.14815697981754067,0.10793502418245932,-0.041247133,0.032640941705768506,0.0738880747057685,0.214914382,0.021143013542475626,-0.19377136845752435,-0.00378428,-0.003955523433692118,-0.00017124343369211755,,,,,,,,,,,,,
Transformer,MEO-2,2025-09-10 14:11:00,-0.241582772,-0.147906514273889,0.09367625772611099,-0.053077806,0.0321376892348038,0.08521549523480379,0.100638509,0.01958286539280788,-0.08105564360719211,0.03367041,-0.003842701844751707,-0.03751311184475171,,,,,,,,,,,,,
Transformer,MEO-2,2025-09-10 14:21:00,-0.246787785,-0.14757048167054415,0.09921730332945586,-0.004013434,0.03160975628274103,0.035623190282741024,0.102492996,0.01815923470330139,-0.08433376129669862,-0.00378428,-0.0037305149688971603,5.376503110283981e-05,,,,,,,,,,,,,
Transformer,MEO-2,2025-09-10 15:27:00,-0.77616653,-0.14418414991185757,0.6319823800881424,0.031439345,0.02856288877733808,-0.0028764562226619196,0.096714936,0.013525000241164768,-0.08318993575883524,0.047095207,-0.003126831417107041,-0.05022203841710704,,,,,,,,,,,,,
Transformer,MEO-2,2025-09-10 15:31:00,-0.19744923,-0.14397267118001464,0.053476558819985365,0.046858054,0.028448597561068344,-0.01840945643893166,0.020822335,0.013520073634081324,-0.007302261365918676,0.031116179,-0.003104221196917519,-0.03422040019691752,,,,,,,,,,,,,
Transformer,MEO-2,2025-09-10 15:41:00,-0.197551704,-0.14346705952330832,0.05408464447669167,-0.004527792,0.028211699691532366,0.03273949169153237,0.016995404,0.013629736732606606,-0.003365667267393393,0.01109373,-0.003057726131560455,-0.014151456131560455,,,,,,,,,,,,,
Transformer,MEO-2,2025-09-10 16:48:00,-0.658341106,-0.1412236551789855,0.5171174508210145,-0.168878008,0.028241022639754258,0.19711903063975425,-0.333790079,0.01782724053588957,0.3516173195358896,-0.195190942,-0.0031695677455147652,0.19202137425448523,,,,,,,,,,,,,
Transformer,MEO-2,2025-09-10 16:51:00,-0.119109925,-0.14116505967631177,-0.02205513467631176,0.005065087,0.02828910136365046,0.02322401436365046,-0.045552712,0.01811128734486195,0.06366399934486196,-0.033576246,-0.0031910681734669466,0.03038517782653305,,,,,,,,,,,,,
Transformer,MEO-2,2025-09-10 17:01:00,-0.179179491,-0.14098519976634707,0.03819429123365292,-0.04787511,0.028461906430143395,0.0763370164301434,-0.094082613,0.019084362660523352,0.11316697566052335,0.003878415,-0.0032701664821437547,-0.007148581482143755,,,,,,,,,,,,,
Transformer,MEO-2,2025-09-10 17:11:00,-0.271167127,-0.14082349851863102,0.130343628481369,0.008144267,0.028645977124192815,0.020501710124192815,-0.149303928,0.02007852457147174,0.16938245257147175,0.003878415,-0.0033584501641026688,-0.007236865164102669,,,,,,,,,,,,,
GEO Gated MoE,GEO,2025-09-08 00:11:00,13.11178288,-2.1844159210516128,-15.296198801051613,52.78996231,-0.011775706835139177,-52.80173801683514,-42.91500574,2.271750999755916,45.186756739755914,29.74719472,-0.9612357263480276,-30.70843044634803,0.14263138059206548,0.18199304059276744,3.5287327731969484,-0.9530400413677588,-2.3270473016436783,-0.19376874742790662,-1.256981773441032,-0.008195684980268791,0.3770546615123749,0.3529273361668787,0.5,7.75,3.5212202479117356
GEO Gated MoE,GEO,2025-09-08 00:24:00,-24.83713549,-2.315986947793893,22.52114854220611,-75.2527814,-0.1775672530504001,75.0752141469496,18.7007945,2.4412248921272033,-16.2595696078728,-35.46320138,-1.0555328894357776,34.40766849056423,0.0008122829517626107,0.010658980324943501,3.6874230931778187,-1.0456581015640012,-2.3167992307456555,-0.1882262333753436,-1.2461982010506156,-0.00987478787177637,0.3778652250766754,0.3529273361668787,0.7166666666666667,7.75,3.5212202479117356
GEO Gated MoE,GEO,2025-09-08 00:39:00,2.640146777,-2.4047639512320194,-5.044910728232019,3.879810199,-0.28979732462389096,-4.169607523623891,4.213404928,2.6506601375637135,-1.5627447904362866,-0.065431803,-1.1701234143312054,-1.1046916113312053,-0.10520056665617705,-0.10794052603360904,3.882044534702932,-1.1585076900130429,-2.2995633845758423,-0.18185679859028192,-1.2313843971392189,-0.011615724318162518,0.37900039553642273,0.3529273361668787,0.9666666666666667,7.75,3.5212202479117356
GEO Gated MoE,GEO,2025-09-08 00:54:00,20.88661929,-2.4230939792478585,-23.309713269247858,33.50227412,-0.31407269030395735,-33.81634681030396,31.05613169,2.851820277236413,-28.204311412763587,4.77264071,-1.2870460069748324,-6.0596867169748325,-0.14547469209549768,-0.13841884494457535,4.06647554286628,-1.2739185199408605,-2.2776192871523606,-0.17565384535938203,-1.2146552656298675,-0.013127487033971902,0.3803374767303467,0.3529273361668787,1.2166666666666666,7.75,3.5212202479117356
GEO Gated MoE,GEO,2025-09-08 01:09:00,-2.484121658,-2.374464790598939,0.10965686740106095,-2.839942042,-0.25616909330839316,2.583772948691607,-3.907376413,3.017418822479206,6.9247952354792055,-0.313548465,-1.3994442265929703,-1.0858957615929703,-0.12219088669257294,-0.08651910007551189,4.214096063217693,-1.3850419421242846,-2.252273903906366,-0.16964999323288127,-1.196677240738487,-0.014402284468685828,0.3818553686141968,0.3529273361668787,1.4666666666666666,7.75,3.5212202479117356
GEO Gated MoE,GEO,2025-09-08 01:24:00,3.870459795,-2.2684085363839017,-6.138868331383902,3.483555913,-0.12999967693126607,-3.613555589931266,-3.901639407,3.1203466954459467,7.021986102445947,-0.14285995,-1.4972002484544342,-1.3543402984544342,-0.0434664717705483,0.03377562300334441,4.298459398946435,-1.4817586115295898,-2.2249420646133533,-0.16377529993461049,-1.1781127035004884,-0.015441636924844487,0.3835185766220093,0.3529273361668787,1.7166666666666666,7.75,3.5212202479117356
GEO Gated MoE,GEO,2025-09-08 01:39:00,4.446584508,-2.1190101716469534,-6.565594679646953,5.520261291,0.04481755360627632,-5.475443737393723,-0.250816639,3.1370648103437757,3.3878814493437757,0.307032086,-1.5672040050036062,-1.8742360910036062,0.07812013947128926,0.20269687177573492,4.296681252717474,-1.5509525219193605,-2.1971303111182428,-0.1578793181694586,-1.159616442373698,-0.016251483084245705,0.38527175784111023,0.3529273361668787,1.9666666666666666,7.75,3.5212202479117356
GEO Gated MoE,GEO,2025-09-08 01:54:00,-7.03531722,-1.942810598189513,5.092506621810487,-16.38756617,0.24608742341449574,16.633653593414497,-14.16058641,3.0505454334060422,17.211131843406044,-5.418286458,-1.5943508111372995,3.8239356468627004,0.2276089149177818,0.3978413053808372,4.192378803162421,-1.5775181211428675,-2.1704195131072948,-0.15175388196634143,-1.1418333697563783,-0.016832689994431965,0.387035608291626,0.3529273361668787,2.216666666666667,7.75,3.5212202479117356
GEO Gated MoE,GEO,2025-09-08 02:09:00,1.521143753,-1.7564040740781468,-3.2775478270781466,2.441407826,0.45236150039582906,-1.9890463256041708,3.219657793,2.8524163159505553,-0.36724147704944476,-0.14285995,-1.5632346679186013,-1.4203747179186013,0.3900182232037077,0.5975247508601649,3.9777945149481586,-1.5460595772864358,-2.1464222972818545,-0.1451632504643358,-1.1253781989976033,-0.017175090632165435,0.38870829343795776,0.3529273361668787,2.466666666666667,7.75,3.5212202479117356
GEO Gated MoE,GEO,2025-09-08 02:24:00,-1.754055567,-1.5740867347916776,0.17996883220832238,-1.366148803,0.6459422624561064,2.012091065456106,2.167641083,2.54405528728872,0.3764142042887202,-0.313548465,-1.4603670068781125,-1.1468185418781125,0.5526139085878765,0.7838236077235416,3.6548571074138194,-1.443110093088137,-2.126700643379554,-0.13788134526743528,-1.1108018201250993,-0.017256913789975403,0.39017224311828613,0.3529273361668787,2.716666666666667,7.75,3.5212202479117356
GEO Gated MoE,GEO,2025-09-08 02:40:00,15.92827525,-1.3953461698715839,-17.323621419871586,25.44078524,0.8253631206735055,-24.615422119326496,13.30615765,2.1062736757843865,-11.199883974215613,4.851715947,-1.2614006118531946,-6.113116558853195,0.7165803435419588,0.9545215496207415,3.2040965268562416,-1.2443818154485835,-2.1119265134135428,-0.12915842894723603,-1.0978228510718548,-0.017018796404611153,0.39136821031570435,0.3529273361668787,2.9833333333333334,7.75,3.5212202479117356
GEO Gated MoE,GEO,2025-09-08 02:54:00,0.620170079,-1.256447062985264,-1.876617141985264,1.482095059,0.9552318001780544,-0.5268632588219455,1.700526586,1.6494366996786185,-0.05108988632138156,0.143984112,-1.0096064036125463,-1.1535905156125463,0.8488144468873913,1.0758790449630262,2.738345807579556,-0.9931092966491438,-2.1052615098726553,-0.12064724478497185,-1.0889091079009374,-0.01649710696340237,0.3920067548751831,0.3529273361668787,3.216666666666667,7.75,3.5212202479117356
GEO Gated MoE,GEO,2025-09-08 03:09:00,3.176246542,-1.1244856132226526,-4.3007321552226525,2.631436545,1.0686379528229515,-1.5627985921770486,-9.231028221,1.1088153101850484,10.33984353118505,0.16743034,-0.6654009266376101,-0.8328312666376101,0.9806142370171798,1.1793166498616539,2.190791195923558,-0.6498249092210452,-2.1050998502398324,-0.11067869703870227,-1.0819758857385098,-0.015576017416564919,0.3921988606452942,0.3529273361668787,3.466666666666667,7.75,3.5212202479117356
GEO Gated MoE,GEO,2025-09-08 03:24:00,4.141316079,-1.0037011826897348,-5.145017261689735,4.747581668,1.1632648094567366,-3.584316858543263,-0.192329503,0.5444510159302505,0.7367805189302505,0.275945287,-0.25959746682056856,-0.5355427538205686,1.1083080084699763,1.2633143604700043,1.622067163698035,-0.24534153522610752,-2.112009191159711,-0.10004955101326782,-1.0776161477677846,-0.014255931594461035,0.3918605446815491,0.3529273361668787,3.716666666666667,7.75,3.5212202479117356
GEO Gated MoE,GEO,2025-09-08 03:39:00,-9.216858581,-0.8842285402193131,8.332630040780687,-15.87790369,1.2503694030243389,17.12827309302434,-12.38920725,-0.013081317334683318,12.376125932665317,-3.524388557,0.18290227183596694,3.707290828835967,1.2408644042715817,1.3395117211077128,1.0623728296942339,0.19543997650323658,-2.125092944490895,-0.08914231808337394,-1.0754541470289172,-0.012537704667269639,0.39102932810783386,0.3529273361668787,3.966666666666667,7.75,3.5212202479117356
GEO Gated MoE,GEO,2025-09-08 03:54:00,0.20270155,-0.7549046957566292,-0.9576062457566292,1.696127512,1.3416868315570853,-0.35444068044291455,3.890172646,-0.5352563371712957,-4.425428983171296,-0.069796061,0.6292769847875522,0.6990730457875522,1.387792038251266,1.4201590933594481,0.5396222011374587,0.6397392033080389,-2.1426967340078953,-0.07847226180236283,-1.0748785383087545,-0.010462218520486705,0.3898044526576996,0.3529273361668787,4.216666666666667,7.75,3.5212202479117356
GEO Gated MoE,GEO,2025-09-08 04:09:00,3.166083612,-0.605848510176562,-3.771932122176562,4.033427253,1.446534973710885,-2.586892279289115,3.207260056,-0.9980014742861976,-4.205261530286197,-0.236643395,1.0413707955702511,1.2780141905702511,1.5566755519390016,1.5151595112640268,0.07708531757915243,1.049492555839501,-2.1625240621155637,-0.0686245375531419,-1.07508679186535,-0.008121760269249906,0.38833656907081604,0.3529273361668787,4.466666666666667,7.75,3.5212202479117356
GEO Gated MoE,GEO,2025-09-08 04:24:00,0.440723937,-0.4309638575206811,-0.8716877945206811,1.635624114,1.5693643894057332,-0.06625972459426688,-0.868616651,-1.3834072835995008,-0.5147906325995009,0.119988274,1.3792464115681047,1.2592581375681047,1.750904470175681,1.629529588323728,-0.3082473061366848,1.3849076096854391,-2.181868327696362,-0.06016519891799483,-1.075159977462816,-0.005661198117334565,0.3868081271648407,0.3529273361668787,4.716666666666667,7.75,3.5212202479117356
GEO Gated MoE,GEO,2025-09-08 04:40:00,2.076129898,-0.21573203465036395,-2.291861932650364,2.416580204,1.7178215334323226,-0.6987586705676776,0.145633547,-1.6971558141067078,-1.8427893611067079,-0.329903762,1.6156114307902496,1.9455151927902496,1.983090569474307,1.7709966122511118,-0.623112801854514,1.6187312531737645,-2.198822604124671,-0.05317507881878928,-1.0740430122521938,-0.003119822383514881,0.38532307744026184,0.3529273361668787,4.983333333333333,7.75,3.5212202479117356
GEO Gated MoE,GEO,2025-09-08 04:54:00,-0.58745927,-0.009373096583309426,0.5780861734166906,-0.098023806,1.8541019881754313,1.9521257941754313,1.424576663,-1.8858125144783255,-3.3103891774783256,-0.2464741,1.688634732002163,1.935108832002163,2.198795925601615,1.9031174418161512,-0.8145293185474194,1.6898020583389273,-2.2081690221849244,-0.04901545364071993,-1.0712831959309062,-0.0011673263367641962,0.384304404258728,0.3529273361668787,5.216666666666667,7.75,3.5212202479117356
GEO Gated MoE,GEO,2025-09-08 05:09:00,35.72054858,0.21727825199828432,-35.50327032800171,42.28232419,1.9921929163178416,-40.29013127368216,4.288607874,-2.001533974689848,-6.290141848689848,2.415789744,1.608627076835719,-0.8071626671642811,2.4278491722163555,2.038805613732856,-0.9356560089543089,1.6081847591032825,-2.2105709202180712,-0.04661269741501443,-1.0658779657355393,0.00044231773243638695,0.38363027572631836,0.3529273361668787,5.466666666666667,7.75,3.5212202479117356
GEO Gated MoE,GEO,2025-09-08 05:24:00,-2.56484355,0.43092113849888536,2.9957646884988853,-2.970954809,2.1034020356405994,5.074356844640599,-4.450318204,-2.0352703382753363,2.415047865724664,-0.019063113,1.3580580161353406,1.3771211291353407,2.6347921498362132,2.14957189530356,-0.9776731915928483,1.3566665664006177,-2.203871011337328,-0.046169859662960645,-1.057597146682488,0.0013914497347230215,0.3834688365459442,0.3529273361668787,5.716666666666667,7.75,3.5212202479117356
GEO Gated MoE,GEO,2025-09-08 05:40:00,1.354207333,0.6192360415436586,-0.7349712914563413,2.966350861,2.16952539082983,-0.79682547017017,8.597062898,-1.9930885103947207,-10.590151408394721,0.368655295,0.911615950281951,0.542960655281951,2.8054307150105595,2.2170525124924607,-0.9475488336123614,0.910040971524949,-2.186194673466901,-0.04752712166263063,-1.0455396767823593,0.0015749787570019658,0.3839007019996643,0.3529273361668787,5.983333333333333,7.75,3.5212202479117356
GEO Gated MoE,GEO,2025-09-08 05:54:00,2.220279891,0.7294608547556019,-1.4908190362443983,2.566548221,2.1659063176676816,-0.4006419033323185,0.438858352,-1.9015405689208844,-2.3403989209208844,-0.150496503,0.3903249789574169,0.5408214819574169,2.8915993155285213,2.215869994780687,-0.8690415152052355,0.38928400646767236,-2.1621384607729195,-0.049963677113005124,-1.0324990537156489,0.0010409724897445516,0.38478294014930725,0.3529273361668787,6.216666666666667,7.75,3.5212202479117356
GEO Gated MoE,GEO,2025-09-08 06:09:00,-0.714754321,0.7724251513322109,1.487179472332211,0.539621592,2.085848670339086,1.546227078339086,-3.08439627,-1.7588386936539264,1.3255575763460736,0.135793182,-0.2691813005270771,-0.40497448252707713,2.900890225420562,2.139466510269896,-0.7423748212738417,-0.2690347385724445,-2.1284650740883513,-0.05361783993081008,-1.0164638723800847,-0.00014656195463261246,0.38621312379837036,0.3529273361668787,6.466666666666667,7.75,3.5212202479117356
GEO Gated MoE,GEO,2025-09-08 06:24:00,1.174848914,0.7251704994152228,-0.4496784145847772,1.807139341,1.922119379323731,0.11498003832373094,2.329414778,-1.5809804721530423,-3.910395250153042,-0.174497108,-0.9889529844176628,-0.8144558764176628,2.813298825882347,1.9803473093231356,-0.5819437346366112,-0.9871653865218465,-2.088128326467124,-0.05822792999940474,-0.9990367375164311,-0.001787597895816312,0.3880886733531952,0.3529273361668787,6.716666666666667,7.75,3.5212202479117356
GEO Gated MoE,GEO,2025-09-08 06:40:00,-23.64092775,0.5711213429242821,24.212049092924282,-27.67680685,1.6604578141387625,29.33726466413876,-12.32315848,-1.3631546569895872,10.960003823010412,-1.679029482,-1.7663695524883578,-0.08734007048835779,2.6109755843706206,1.7247165468777828,-0.3832010354688615,-1.762590334510107,-2.0398542414463385,-0.0642587327390202,-0.9799536215207256,-0.003779217978250843,0.3905087113380432,0.3529273361668787,6.983333333333333,7.75,3.5212202479117356
GEO Gated MoE,GEO,2025-09-08 06:55:00,2.795236584,0.33677835140500356,-2.4584582325949964,3.120386671,1.3490606348676086,-1.7713260361323913,1.696335498,-1.140461376990661,-2.836796874990661,-0.136323006,-2.4509177290811994,-2.3145947230811994,2.3285836814935488,1.4202513887400774,-0.17778903292210307,-2.445278492209153,-1.9918053300885452,-0.07119075387246868,-0.9626723440685581,-0.005639236872046316,0.3931068778038025,0.3529273361668787,7.233333333333333,7.75,3.5212202479117356
GEO Gated MoE,GEO,2025-09-08 07:09:00,2.898205072,0.05507895097050031,-2.8431261210295,2.64583762,1.0218330625600551,-1.6240045574399449,-9.674528752,-0.9216825772561226,8.752846174743878,-0.221388816,-3.010099981563973,-2.788711165563973,2.001481057578648,1.1008998434111263,0.026333351896525192,-3.0028760549636404,-1.9464021066081478,-0.07906678085107122,-0.9480159291526478,-0.007223926600332581,0.3957696259021759,0.3529273361668787,7.466666666666667,7.75,3.5212202479117356
GEO Gated MoE,GEO,2025-09-08 07:24:00,-2.217445955,-0.2896418484441987,1.9278041065558014,-2.385242142,0.6600900635852719,3.045332205585272,-5.203788086,-0.6799614220273426,4.523826663972658,-0.252475615,-3.489723187028387,-3.2372475720283873,1.6095707025850408,0.749379064870998,0.2548944008639801,-3.481020136707406,-1.8992125510292395,-0.08928900128572617,-0.9348558228913226,-0.008703050320981315,0.39882373809814453,0.3529273361668787,7.716666666666667,7.75,3.5212202479117356
GEO Gated MoE,GEO,2025-09-08 07:40:00,18.00612449,-0.6711497197504459,-18.677274209750447,22.80155525,0.2972740138514411,-22.504281236148557,14.7349589,-0.4184336664321473,-15.153392566432148,1.422745274,-3.839476055944128,-5.262221329944127,1.1819517822595915,0.399635575410864,0.5063409831258732,-3.8293862521591806,-1.8531015020100374,-0.10236156155942289,-0.9247746495580205,-0.010089803784947199,0.40223392844200134,0.3529273361668787,7.983333333333333,7.75,3.5212202479117356
GEO Gated MoE,GEO,2025-09-08 07:54:00,0.088465575,-0.9849843397341804,-1.0734499147341805,0.689170584,0.028419729371414515,-0.6607508546285854,0.209816068,-0.19053946976022096,-0.4003555377602209,0.040355033,-4.000203263434759,-4.040558296434759,0.8336608009090298,0.1439088244210982,0.7295594079210124,-3.9889200577878183,-1.8186451406432103,-0.11548909504968369,-0.9200988776812333,-0.011283205646940575,0.40525925159454346,0.3529273361668787,8.216666666666667,7.75,3.5212202479117356
GEO Gated MoE,GEO,2025-09-08 08:09:00,1.798520643,-1.2696197228400772,-3.068140365840077,2.436178502,-0.18432765066984164,-2.620506152669842,1.439228287,0.047972544473425804,-1.3912557425265741,0.042560096,-4.027551466657323,-4.070111562657323,0.5206403954322706,-0.0534803974779996,0.9680168469353321,-4.0148077966279425,-1.7902601182723479,-0.13084725319184204,-0.9200443024619063,-0.01274367002938065,0.40842610597610474,0.3529273361668787,8.466666666666667,7.75,3.5212202479117356
GEO Gated MoE,GEO,2025-09-08 08:24:00,-15.7292637,-1.4753335087360873,14.253930191263914,-17.63745653,-0.30264743892541807,17.334809091074582,-4.43596295,0.2753988325727308,4.711361782572731,-0.795050318,-3.9235368494955623,-3.1284865314955623,0.2976123290145356,-0.1558259232169663,1.2009428442969352,-3.9089373532817353,-1.7729458377506229,-0.14682151570845176,-0.9255440117242044,-0.014599496213826862,0.4113754332065582,0.3529273361668787,8.716666666666667,7.75,3.5212202479117356
GEO Gated MoE,GEO,2025-09-08 08:40:00,11.2306255,-1.5886899235221403,-12.819315423522141,14.38979733,-0.31861824492191726,-14.708415574921919,5.795854329,0.4995307689356585,-5.296323560064342,0.693649746,-3.7003543436949022,-4.394004089694902,0.1799855538853991,-0.15509150704665786,1.4371909931339326,-3.683159750431713,-1.7686754774075395,-0.16352673787525943,-0.9376602241982741,-0.017194593263189367,0.41411033272743225,0.3529273361668787,8.983333333333333,7.75,3.5212202479117356
GEO Gated MoE,GEO,2025-09-08 08:55:00,-11.64564588,-1.5898152986057672,10.055830581394233,-13.63593391,-0.23773932827080968,13.398194581729191,-8.872044343,0.6869227860029046,9.558967129002905,-0.826680161,-3.422777985219123,-2.596097824219123,0.18921392390516295,-0.05987952276837005,1.6415021844983335,-3.4024999214702483,-1.77902922251093,-0.17785980550243963,-0.9545793984954289,-0.020278063748875058,0.416135311126709,0.3529273361668787,9.233333333333333,7.75,3.5212202479117356
GEO Gated MoE,GEO,2025-09-08 09:09:00,11.66643739,-1.5051943809704846,-13.171631770970485,13.04275768,-0.09542436566903517,-13.138182045669035,-11.0875971,0.8383136245457863,11.925910724545787,0.414446285,-3.1367940308043387,-3.5512403158043386,0.2961188211555441,0.09379988779748744,1.812907057553205,-3.113103184786727,-1.8013132021260287,-0.1892242534665226,-0.9745934330074186,-0.023690846017611872,0.4174425005912781,0.3529273361668787,9.466666666666667,7.75,3.5212202479117356
GEO Gated MoE,GEO,2025-09-08 09:24:00,-0.36742745,-1.3400906257552276,-0.9726631757552276,-0.195659272,0.10229351114961327,0.29795278314961327,0.49451063,0.9731404067396885,0.4786297767396885,0.182161842,-2.8330425056964144,-3.0152043476964145,0.4978545670382972,0.30069747881591435,1.9726583309964003,-2.8052523539168774,-1.8379451927935249,-0.19840396766630108,-0.9995179242567118,-0.027790151779536976,0.41813260316848755,0.3529273361668787,9.716666666666667,7.75,3.5212202479117356
GEO Gated MoE,GEO,2025-09-08 09:40:00,-2.57022915,-1.1097050987376442,1.4605240512623556,-1.916816372,0.3280078033580931,2.244824175358093,5.498668224,1.0856120591046086,-4.413056164895392,-0.065982161,-2.541390379125473,-2.475408218125473,0.7800533067706886,0.5319092013350278,2.1140951530616534,-2.5089596226155058,-1.8897584055083327,-0.20390139797693474,-1.0284830939570448,-0.03243075650996716,0.4180060029029846,0.3529273361668787,9.983333333333333,7.75,3.5212202479117356
GEO Gated MoE,GEO,2025-09-08 10:00:00,-23.09012852,-0.8046037301506048,22.285524789849397,37.54724247,0.5698135328374521,-36.97742893716255,-4.612090838,1.1850448878372815,5.797135725837282,41.75403693,-2.253638286173599,-44.007675216173595,1.1640915272795842,0.7731805693409288,2.250132825894716,-2.2154954679632444,-1.968695257430189,-0.20336703650347676,-1.0650879380574345,-0.038142818210354895,0.4166080057621002,0.3529273361668787,10.316666666666666,7.75,3.5212202479117356
GEO Gated MoE,GEO,2025-09-08 12:00:00,-0.075953111,-1.557890991281673,-1.481937880281673,0.112685762,-0.45811618268061055,-0.5708019446806105,-0.095472671,1.4192897945556706,1.5147624655556706,1.080834464,-1.439343917166595,-2.5201783811665948,0.8192384919873292,-0.41734408830109804,2.538804126002181,-1.397485146981726,-2.377129483269002,-0.040772094379512513,-1.1195143314465104,-0.04185877018486897,0.3939448893070221,0.3529273361668787,12.316666666666666,7.75,3.5212202479117356
GEO Gated MoE,GEO,2025-09-08 14:00:00,5.656008624,-2.6520575963985147,-8.308066220398516,4.419923007,0.2599024998947099,-4.1600205071052905,7.683882459,0.4890987915896452,-7.194783667410356,0.027322905,0.14082943999789746,0.11350653499789745,-0.22396563252138946,0.07122629915311007,1.4587470018466113,0.14172565363322887,-2.428091963877125,0.18867620074159983,-0.9696482102569661,-0.0008962136353314054,0.37161123752593994,0.3529273361668787,14.316666666666666,7.75,3.5212202479117356
GEO Gated MoE,GEO,2025-09-08 16:00:00,-0.55224308,-1.4249208138654965,-0.8726777338654965,-1.278846525,0.7410866105511938,2.019933135551194,-2.288825294,-0.5647740896064056,1.7240512043935943,3.593665797,0.5165373111412974,-3.0771284858587027,1.0469418986562529,0.5874118003345632,0.45644513399747655,0.5032099424084653,-2.4718627125217494,0.15367481021663063,-1.0212192236038822,0.013327368732832134,0.37269020080566406,0.3529273361668787,16.316666666666666,7.75,3.5212202479117356
GEO Gated MoE,GEO,2025-09-08 16:04:00,32.76809424,-1.4203933698672908,-34.188487609867295,-47.77162129,0.7158754136487808,48.48749670364878,-23.22418169,-0.5628443290713723,22.66133736092863,-56.23605286,0.5466072816928766,56.78266014169288,1.0561012128115008,0.5679588582074109,0.4642368211239196,0.534013245143163,-2.4764945826787916,0.1479165554413699,-1.027081150195292,0.012594036549713666,0.3730925917625427,0.3529273361668787,16.383333333333333,7.75,3.5212202479117356
GEO Gated MoE,GEO,2025-09-08 16:25:00,-32.19045679,-1.4215678544594308,30.768888935540566,-18.75551389,0.6058329753843117,19.361346865384313,-7.470545611,-0.5479739890417842,6.922571621958216,9.566011168,0.7177656407043117,-8.848245527295688,1.081938259687813,0.48926962072204305,0.5111141001126357,0.7100286144497397,-2.503506114147244,0.11656335466226858,-1.0590880891544199,0.007737026254571955,0.37535232305526733,0.3529273361668787,16.733333333333334,7.75,3.5212202479117356
GEO Gated MoE,GEO,2025-09-08 16:40:00,2.460983526,-1.433288773483071,-3.894272299483071,1.586390238,0.5658130490512548,-1.020577188948745,-0.87543031,-0.5512137382363067,0.32421657176369334,-0.267179805,0.8371971884772611,1.1043769934772611,1.090580157750337,0.47172898052064155,0.5305055412146766,0.8336919599755229,-2.523868931233408,0.09408406853061332,-1.0817192794509833,0.0035052285017381224,0.3770627975463867,0.3529273361668787,16.983333333333334,7.75,3.5212202479117356
GEO Gated MoE,GEO,2025-09-08 16:56:00,38.17062875,-1.4392006326394087,-39.609829382639404,24.6922969,0.5690332709348687,-24.12326362906513,7.145243007,-0.5875495219917442,-7.7327925289917445,-10.61300152,0.9396147038290583,11.552616223829057,1.1050272829369636,0.49786562000095225,0.5162801426031649,0.9409707852280835,-2.5442279155763723,0.07116765093391644,-1.103829664594909,-0.001356081399025183,0.3789164423942566,0.3529273361668787,17.25,7.75,3.5212202479117356
GEO Gated MoE,GEO,2025-09-08 17:10:00,-33.69736016,-1.429336846968699,32.26802331303131,45.44299703,0.6107413520316286,-44.83225567796837,-13.08360294,-0.6575792802886425,12.426023659711358,55.86907571,0.9918342774551387,-54.87724143254486,1.129783739845509,0.5580574454515166,0.4626432160069819,0.997485379813417,-2.559120586814208,0.052683906580111975,-1.1202224962956244,-0.005651102358278315,0.3805273473262787,0.3529273361668787,17.483333333333334,7.75,3.5212202479117356
GEO Gated MoE,GEO,2025-09-08 17:25:00,36.59101698,-1.3972402485420663,-37.98825722854207,-44.17494053,0.6891146629512657,44.86405519295127,13.52818752,-0.7766582296714633,-14.304845749671463,-56.72900751,0.9950682329087548,57.72407574290876,1.1731658506241576,0.6541061986698373,0.35700775299923104,1.0051331773716965,-2.570406099166224,0.035008464281428286,-1.1336659826706943,-0.01006494446294165,0.3822152018547058,0.3529273361668787,17.733333333333334,7.75,3.5212202479117356
GEO Gated MoE,GEO,2025-09-08 17:41:00,1.344587222,-1.3365754180600589,-2.6811626400600588,0.562752731,0.7979416075138747,0.23518887651387466,3.761166895,-0.9501983955729634,-4.711365290572964,-0.17339636,0.9282477515352333,1.1016441115352333,1.2391031669123285,0.7790132698877696,0.1922670419955385,0.942596587867739,-2.5756785849723873,0.018928337626105046,-1.142465437568502,-0.014348836332505693,0.38395482301712036,0.3529273361668787,18.0,7.75,3.5212202479117356
GEO Gated MoE,GEO,2025-09-08 17:55:00,-32.95110114,-1.2632107776423114,31.687890362357688,49.51804937,0.9010491041470424,-48.61700026585296,-19.15237799,-1.1308899521678295,18.02148803783217,58.28483566,0.8077690060149703,-57.47706665398503,1.3106313758025956,0.8937213822018234,0.01423203124940492,0.8253813142784526,-2.573842153444907,0.007327721945218982,-1.1451219834172344,-0.017612308263482424,0.38541993498802185,0.3529273361668787,18.233333333333334,7.75,3.5212202479117356
GEO Gated MoE,GEO,2025-09-08 18:10:00,-0.305997152,-1.1686776147979323,-0.8626804627979323,2.009282321,1.0059888123183223,-1.0032935086816779,0.314848751,-1.3364328328939719,-1.6512815838939718,0.726387682,0.6188257842185225,-0.10756189778147751,1.3963508718915034,1.008570557385092,-0.1936522177251509,0.6393544009524464,-2.5650284866894357,-0.002581745066769836,-1.142780615168821,-0.020528616733923893,0.38693249225616455,0.3529273361668787,18.483333333333334,7.75,3.5212202479117356
GEO Gated MoE,GEO,2025-09-08 18:26:00,1.132001624,-1.0571986035059282,-2.1892002275059284,0.451621234,1.0993051251900978,0.6476838911900978,0.493815427,-1.5428838760376946,-2.0366993030376945,-0.019613502,0.36160167717337055,0.38121517917337056,1.4910649168925352,1.1097993735255949,-0.4080399021004571,0.3845451875961847,-2.5482635203984634,-0.010494248335497003,-1.1348439739372376,-0.0229435104228142,0.3884899616241455,0.3529273361668787,18.75,7.75,3.5212202479117356
GEO Gated MoE,GEO,2025-09-08 18:40:00,1.235439487,-0.9569739874967953,-2.1924134744967954,0.183348179,1.159320144636909,0.975971965636909,0.311073953,-1.687935542925596,-1.999009495925596,0.011473327,0.10500113062555913,0.09352780362555912,1.5711646196612674,1.1748069769534202,-0.5639406773116069,0.12947777114129116,-2.5281386071580627,-0.01548683231651108,-1.123994865613989,-0.024476640515732034,0.38981956243515015,0.3529273361668787,18.983333333333334,7.75,3.5212202479117356
GEO Gated MoE,GEO,2025-09-08 18:56:00,-0.351560704,-0.8451834174260171,-0.4936227134260171,-0.854873613,1.2029701758730436,2.0578437888730434,0.017549807,-1.784793998146273,-1.802343805146273,0.091630695,-0.2023108927999021,-0.2939415877999021,1.6549285288503708,1.2224914404185687,-0.6765816465867374,-0.17669712537089255,-2.500111946276388,-0.019521264545525205,-1.1082123515595357,-0.02561376742900956,0.3913247585296631,0.3529273361668787,19.25,7.75,3.5212202479117356
GEO Gated MoE,GEO,2025-09-08 19:10:00,0.113651317,-0.7525118277473732,-0.8661631447473732,-0.155487459,1.224568646748179,1.3800561057481788,-1.267191719,-1.7892061991666812,-0.5220144801666813,0.119988274,-0.4642927822496913,-0.5842810562496913,1.7198017796351037,1.246722153001439,-0.6967326329816779,-0.43815699281329223,-2.472313607382477,-0.022153506253259972,-1.0924735661850034,-0.02613578943639902,0.3926525413990021,0.3529273361668787,19.483333333333334,7.75,3.5212202479117356
GEO Gated MoE,GEO,2025-09-08 19:26:00,-0.467603747,-0.6529161465926299,-0.18531239959262985,-0.701513827,1.2416736042745506,1.9431874312745507,1.16759699,-1.686056812155569,-2.853653802155569,-0.004358952,-0.734639365708605,-0.730280413708605,1.7852485401811236,1.2665758955322715,-0.6124895633739531,-0.7083478996675587,-2.4381646867737534,-0.024902291257720782,-1.073567248781616,-0.02629146604104632,0.39420825242996216,0.3529273361668787,19.75,7.75,3.5212202479117356
GEO Gated MoE,GEO,2025-09-08 19:40:00,0.137678191,-0.5696700814737199,-0.7073482724737199,-0.405414917,1.2619779482827007,1.6673928652827006,-0.10533489,-1.4957365467575252,-1.3904016567575253,0.010922968,-0.9315551189935496,-0.9424780869935496,1.8376689468129686,1.2897060293456093,-0.4384695344823268,-0.905414234168168,-2.4073390282866884,-0.02772808106290852,-1.0572670122751984,-0.026140884825381516,0.39561593532562256,0.3529273361668787,19.983333333333334,7.75,3.5212202479117356
GEO Gated MoE,GEO,2025-09-08 19:56:00,0.470745035,-0.4757788234056808,-0.9465238584056808,0.213780936,1.3056009076182566,1.0918199716182566,-0.13039598,-1.1685856594784239,-1.0381896794784238,0.00327874,-1.1002830048425953,-1.1035617448425954,1.896639670935939,1.3377191975250273,-0.12851817600050125,-1.0745106152227668,-2.3724184943416198,-0.03211828990677077,-1.0400674834779227,-0.025772389619828556,0.39727410674095154,0.3529273361668787,20.25,7.75,3.5212202479117356
GEO Gated MoE,GEO,2025-09-08 20:10:00,-0.069602624,-0.392167763556849,-0.322565139556849,-0.057075571,1.371178095672491,1.428253666672491,0.252693483,-0.7995461942979469,-1.052239677297947,0.135242793,-1.1951382094462843,-1.3303810024462843,1.9511874497512172,1.4085565480490747,0.22755231036039475,-1.1697443157721563,-2.343355213308066,-0.037378452376583715,-1.0270985046583416,-0.025393893674128115,0.3987443149089813,0.3529273361668787,20.483333333333334,7.75,3.5212202479117356
GEO Gated MoE,GEO,2025-09-08 20:26:00,-0.433093637,-0.2935911782892773,0.1395024587107227,-0.792054567,1.4832934111375666,2.2753479781375665,-0.847556297,-0.3083205743672428,0.5392357226327572,-0.004358922,-1.2458158498473384,-1.2414569278473384,2.019794857753209,1.528508954930684,0.7071200697375075,-1.2207773150146266,-2.3133860360424863,-0.04521554379311743,-1.0154406441047503,-0.025038534832711873,0.40039369463920593,0.3529273361668787,20.75,7.75,3.5212202479117356
GEO Gated MoE,GEO,2025-09-08 20:40:00,0.223632611,-0.20596670129032368,-0.42959931229032366,0.233282365,1.6126844136869711,1.3794020486869711,0.336291461,0.15564093999622974,-0.18065052100377027,0.135242793,-1.2467165724525433,-1.3819593654525433,2.0853399962471997,1.666274861111818,1.1641046332586316,-1.221809650685834,-2.2913066975375234,-0.053590447424847004,-1.0084636932624018,-0.024906921766709222,0.4017511010169983,0.3529273361668787,20.983333333333334,7.75,3.5212202479117356
GEO Gated MoE,GEO,2025-09-08 20:56:00,0.22905368,-0.1093058034039367,-0.33835948340393673,-0.106023751,1.7868714338701548,1.8928951848701547,0.114328878,0.6900586627123284,0.5757297847123284,-0.085047283,-1.2107587529758805,-1.1257114699758806,2.1629268369483787,1.8514009819267083,1.69450713834777,-1.1856815216925742,-2.2722326403523154,-0.0645295480565535,-1.0044484756354415,-0.025077231283306273,0.40312960743904114,0.3529273361668787,21.25,7.75,3.5212202479117356
GEO Gated MoE,GEO,2025-09-08 21:13:00,12.00274335,-0.020974151681862452,-12.023717501681862,23.53857819,1.9823151390329528,-21.556263050967047,4.222093838,1.2225910431006595,-2.9995027948993407,7.254931645,-1.147127081251567,-8.402058726251568,2.2394592518459686,2.0593808098179656,2.2273600625190735,-1.121388067023442,-2.260433403527831,-0.0770656707850129,-1.004769019418414,-0.025739014228124968,0.40431830286979675,0.3529273361668787,21.533333333333335,7.75,3.5212202479117356
GEO Gated MoE,GEO,2025-09-08 22:58:00,-20.86702867,-0.5975949990906573,20.269433670909343,-1.634100072,1.781714673768576,3.415814745768576,-5.421909171,2.5887273467058507,8.010636517705851,7.800273973,-1.0411897884182109,-8.841463761418211,1.7450020154822634,1.9071624833572605,3.6452352153967267,-1.0004829799737502,-2.3425970145729207,-0.12544780958868446,-1.056507868690876,-0.04070680844446056,0.4064423739910126,0.3529273361668787,23.283333333333335,7.75,3.5212202479117356
GEO Gated MoE,GEO,2025-09-08 23:00:00,16.65338836,-0.6310392075219602,-17.284427567521963,5.89436695,1.743374055279955,-4.150992894720045,30.49590906,2.592361142349655,-27.903547917650343,-0.339650105,-1.0484088770247535,-0.7087587720247535,1.7136571921386887,1.868777176938526,3.6494598620029115,-1.007313773809626,-2.344696399660649,-0.125403121658571,-1.0570987196532566,-0.041095103215127354,0.40647467970848083,0.3529273361668787,23.316666666666666,7.75,3.5212202479117356
GEO Gated MoE,GEO,2025-09-08 23:10:00,-10.51616261,-0.8052987951348323,9.710863814865167,-14.89356624,1.539015723545376,16.432581963545378,-13.26656623,2.612300431673562,15.878866661673563,-2.517735278,-1.088554953754569,1.429180324245431,1.54882889047121,1.6636242025369818,3.67152718527123,-1.045514338382485,-2.3541276856060422,-0.1246084789916058,-1.0592267535976683,-0.04304061537208384,0.40667724609375,0.3529273361668787,23.483333333333334,7.75,3.5212202479117356
GEO Gated MoE,GEO,2025-09-08 23:26:00,0.08282391,-1.0977407425616166,-1.1805646525616167,2.086558733,1.183640496575827,-0.902918236424173,-11.35415101,2.6622816779239713,14.016432687923972,2.074412654,-1.1651539563479991,-3.239566610347999,1.2669197320087244,1.3051673943164923,3.7217936384209684,-1.1190213306658043,-2.364660474570341,-0.12152689774066537,-1.0595119604969971,-0.046132625682194756,0.4071648120880127,0.3529273361668787,23.75,7.75,3.5212202479117356
GEO Gated MoE,GEO,2025-09-08 23:41:00,-1.738360018,-1.3680275792580858,0.37033243874191424,-0.490893051,0.8462756753573752,1.3371687263573753,-0.06068912,2.7445432061031236,2.805232326103124,0.817446584,-1.2486277358133484,-2.0660743198133487,1.0003625650967851,0.9632254363033712,3.800611789948056,-1.1996733335975696,-2.368390144354871,-0.11694976094599599,-1.0560685838449322,-0.04895440221577896,0.40782666206359863,0.3529273361668787,24.0,7.75,3.5212202479117356
GEO Gated MoE,MEO-1,2025-09-08 14:01:00,-0.678427685,-0.30577240395163896,0.372655281048361,0.554813929,-0.28463481528496903,-0.8394487442849691,0.660263769,0.6641113289081977,0.0038475599081977396,0.108705585,0.030722022350113114,-0.07798356264988687,-0.14065810882571245,-0.33865865396513134,0.7853781782002238,0.04682430597553848,-0.16511429512592649,0.05402383868016231,-0.12126684929202614,-0.016102283625425366,0.44354870915412903,0.48764311609054123,22.016666666666666,10.0,0.9669170930301227
GEO Gated MoE,MEO-1,2025-09-08 15:00:00,-0.595481593,-0.25564019393730614,0.3398413990626939,0.3193556,-0.3105628770376342,-0.6299184770376343,0.794949966,0.6804091103489108,-0.11454085565108918,-0.07212362,0.11163890918344287,0.18376252918344288,-0.09178116288006877,-0.37117508226273593,0.800643235029943,0.12609343919967755,-0.16385903105723737,0.060612205225101766,-0.12023412468103215,-0.01445453001623469,0.44031840562820435,0.48764311609054123,23.0,10.0,0.9669170930301227
GEO Gated MoE,MEO-1,2025-09-08 16:00:00,-0.563411338,-0.30826621896839546,0.25514511903160453,-0.044653192,-0.2960947333431071,-0.2514415413431071,0.774602206,0.7566966674856956,-0.01790553851430432,-0.185823327,0.2772262728130616,0.4630495998130616,-0.13945411961657223,-0.34054350490650004,0.8825711895301394,0.29221587705802043,-0.16881209935182326,0.044448771563392914,-0.12587452204444377,-0.014989604244958798,0.4454602897167206,0.48764311609054123,24.0,10.0,0.9669170930301227
GEO Gated MoE,MEO-1,2025-09-08 17:00:00,-0.60375211,-0.1761250935214038,0.42762701647859613,-0.271074884,-0.3193256075810282,-0.048250723581028165,0.676786087,0.8525164163548672,0.1757303293548672,0.047174382,0.19922492074118198,0.15205053874118196,0.0026140959512932493,-0.3395369384565285,0.9865207459236807,0.21615741660555232,-0.17873918947269704,0.02021133087550033,-0.13400432956881347,-0.016932495864370335,0.4542295038700104,0.48764311609054123,25.0,10.0,0.9669170930301227
GEO Gated MoE,MEO-1,2025-09-08 18:00:00,-0.640059356,-0.05439591415598258,0.5856634418440174,-0.46321632,-0.31254967824319657,0.15066664175680344,0.329910442,0.8456156103655968,0.5157051683655969,0.007417315,0.021999396014034986,0.014582081014034985,0.12867032999738115,-0.31725361179656625,0.982457718594775,0.04063741330923357,-0.18306624415336373,0.004703933553369689,-0.1368421082291782,-0.01863801729519858,0.46188002824783325,0.48764311609054123,26.0,10.0,0.9669170930301227
GEO Gated MoE,MEO-1,2025-09-08 19:00:00,-0.845060995,-0.16028309920538747,0.6847778957946125,-0.542391572,-0.30695551560786244,0.23543605639213755,0.099745899,0.7182251493381185,0.6184792503381186,0.025049698,0.06015694102313478,0.03510724302313478,0.016743185598159238,-0.30873183742105664,0.8499406009336172,0.07951370863263038,-0.1770262848035467,0.0017763218131942107,-0.13171545159549866,-0.0193567676094956,0.46687260270118713,0.48764311609054123,27.0,10.0,0.9669170930301227
GEO Gated MoE,MEO-2,2025-09-10 11:41:00,0.01732089,-0.17259215331685462,-0.18991304331685463,0.034334149,-0.14068565863438284,-0.17501980763438285,0.003546762,0.06012623831132808,0.05657947631132808,-0.011464963,0.0028736899485104447,0.014338652948510444,-0.11161293011965176,-0.13871123236865918,0.08611715896185304,0.006505468344150227,-0.060979223197202864,-0.0019744262657236753,-0.02599092065052496,-0.0036317783956397822,0.40855538845062256,0.39350640910291224,24.0,11.166666666666666,0.10610743254571464
GEO Gated MoE,MEO-2,2025-09-10 11:51:00,0.017133847,-0.17681113536624027,-0.19394498236624028,0.022090614,-0.14683710181614953,-0.16892771581614954,-0.015149363,0.0576499700894674,0.0727993330894674,-0.011464963,0.005010200860705855,0.016475163860705855,-0.115182728055376,-0.14608432884452452,0.08308543817796356,0.00861238622999734,-0.06162840731086429,-0.0007527729716250171,-0.025435468088496154,-0.0036021853692914853,0.40686196088790894,0.39350640910291224,24.166666666666668,11.166666666666666,0.10610743254571464
GEO Gated MoE,MEO-2,2025-09-10 12:01:00,-0.016649667,-0.17937901784087473,-0.16272935084087473,0.071730789,-0.1526383649146284,-0.22436915391462842,0.071352192,0.05710564584708251,-0.014246546152917483,-0.028915192,0.007235183843628687,0.036150375843628686,-0.11725956431414557,-0.15316054532548326,0.08185208973411441,0.010801338627295601,-0.06211945352672915,0.0005221804108548524,-0.024746443887031896,-0.003566154783666915,0.40514445304870605,0.39350640910291224,24.333333333333332,11.166666666666666,0.10610743254571464
GEO Gated MoE,MEO-2,2025-09-10 12:11:00,-0.014073573,-0.18047881307276098,-0.16640524007276097,0.058960408,-0.1576438447173201,-0.2166042527173201,0.026658776,0.05828700208401654,0.03162822608401654,-0.008910701,0.009400540792386718,0.018311241792386718,-0.1180038769839582,-0.15948612498284465,0.08223273939673335,0.012924689469288497,-0.06247493608880278,0.0018422802655245398,-0.023945737312716812,-0.0035241486769017785,0.40339216589927673,0.39350640910291224,24.5,11.166666666666666,0.10610743254571464
GEO Gated MoE,MEO-2,2025-09-10 12:21:00,-0.043862961,-0.1803826766517676,-0.1365197156517676,0.013334915,-0.1614326550548635,-0.1747675700548635,0.090425968,0.06083076293183822,-0.029595205068161774,-0.04381116,0.011361081948233088,0.055172241948233086,-0.11766176618504276,-0.16463260059610427,0.08388788325438203,0.01483782009185221,-0.06272091046672484,0.0031999455412407597,-0.023057120322543805,-0.003476738143619121,0.40159574151039124,0.39350640910291224,24.666666666666668,11.166666666666666,0.10610743254571464
GEO Gated MoE,MEO-2,2025-09-10 12:31:00,-0.102973944,-0.17942925810457455,-0.07645531410457455,0.03641,-0.16363858910574974,-0.20004858910574974,0.137710626,0.06424802831380431,-0.07346259768619569,-0.006356499,0.012984936971904962,0.019341435971904963,-0.11654505236874299,-0.1682255400562689,0.08635336489848855,0.016409500297945443,-0.06288420573583155,0.004586950950519175,-0.02210533658468423,-0.0034245633260404805,0.3997499942779541,0.39350640910291224,24.833333333333332,11.166666666666666,0.10610743254571464
GEO Gated MoE,MEO-2,2025-09-10 13:42:00,-0.604872985,-0.17955590721176115,0.4253170777882388,0.045217603,-0.12319325541895074,-0.16841085841895073,0.78919402,0.06563150616508805,-0.723562513834912,0.042755621,0.009904130943171425,-0.032851490056828574,-0.11638965773240738,-0.1372759649619422,0.0811314519779385,0.012892778711398274,-0.06316624947935377,0.014082709542991453,-0.015499945812850455,-0.002988647768226849,0.38647207617759705,0.39350640910291224,26.016666666666666,11.166666666666666,0.10610743254571464
GEO Gated MoE,MEO-2,2025-09-10 13:51:00,-0.297227101,-0.18326946529638877,0.11395763570361123,-0.039529767,-0.11260564975909701,-0.07307588275909702,0.184171516,0.05907716161022425,-0.12509435438977576,-0.00378428,0.008052883336828982,0.011837163336828983,-0.12012557517056907,-0.12763403865888595,0.07395512393147631,0.010988315733714862,-0.06314389012581968,0.015028388899788934,-0.014877962321252061,-0.00293543239688588,0.3851034939289093,0.39350640910291224,26.166666666666668,11.166666666666666,0.10610743254571464
GEO Gated MoE,MEO-2,2025-09-10 14:01:00,-0.256092004,-0.1886199061368985,0.06747209786310149,-0.041247133,-0.10040059318755475,-0.05915346018755475,0.214914382,0.050069566016950715,-0.1648448159830493,-0.00378428,0.005930936110266774,0.009715216110266774,-0.12552503252757208,-0.11634598004223769,0.06435198900933807,0.008810806808072258,-0.0630948736093264,0.015945386854682945,-0.014282422992387352,-0.0028798706978054836,0.38377198576927185,0.39350640910291224,26.333333333333332,11.166666666666666,0.10610743254571464
GEO Gated MoE,MEO-2,2025-09-10 14:11:00,-0.241582772,-0.1951589047986719,0.0464238672013281,-0.053077806,-0.08814611449019341,-0.03506830849019341,0.100638509,0.0396839306534104,-0.0609545783465896,0.03367041,0.003888805110018479,-0.02978160488998152,-0.13214005943807552,-0.10484797332008049,0.053481224999586296,0.006717957765512582,-0.06301884536059638,0.016701858829887072,-0.013797294346175895,-0.002829152655494103,0.3826671838760376,0.39350640910291224,26.5,11.166666666666666,0.10610743254571464
GEO Gated MoE,MEO-2,2025-09-10 14:21:00,-0.246787785,-0.20272533190140724,0.044062453098592774,-0.004013434,-0.0762385159747701,-0.07222508197477011,0.102492996,0.028507647284386973,-0.07398534871561303,-0.00378428,0.0020748576546698173,0.005859137654669817,-0.13980702304778753,-0.09351966890134618,0.04193948989007962,0.004859243267416072,-0.06291830885361972,0.017281152926576077,-0.013431842605692645,-0.0027843856127462547,0.38180971145629883,0.39350640910291224,26.666666666666668,11.166666666666666,0.10610743254571464
GEO Gated MoE,MEO-2,2025-09-10 15:27:00,-0.77616653,-0.2626324292956608,0.5135341007043392,0.031439345,-0.020793340820454996,-0.052232685820454997,0.096714936,-0.016164434014414752,-0.11287937001441475,0.047095207,0.002329500410020592,-0.04476570658997941,-0.20014912322300263,-0.03717611261180251,-0.0017497221149620108,0.005025474122072817,-0.06248330607265816,0.016382771791347513,-0.014414711899452742,-0.0026959737120522253,0.38240712881088257,0.39350640910291224,27.766666666666666,11.166666666666666,0.10610743254571464
GEO Gated MoE,MEO-2,2025-09-10 15:31:00,-0.19744923,-0.2660654951370731,-0.06861626513707311,0.046858054,-0.01861640200480424,-0.06547445600480424,0.020822335,-0.015266603447154681,-0.03608893844715468,0.031116179,0.0030663712879273122,-0.02804980771207269,-0.20354085488226903,-0.034710794282808266,-0.000603205260135662,0.005769822145061151,-0.06252464025480407,0.016094392278004025,-0.01466339818701902,-0.002703450857133839,0.3827435076236725,0.39350640910291224,27.833333333333332,11.166666666666666,0.10610743254571464
GEO Gated MoE,MEO-2,2025-09-10 15:41:00,-0.197551704,-0.2743103041417965,-0.07675860014179653,-0.004527792,-0.013315908194699574,-0.008788116194699575,0.016995404,-0.010896588181141434,-0.027891992181141433,0.01109373,0.005129329871008394,-0.0059644001289916055,-0.2116293955362958,-0.02860467970704089,0.004468856609422953,0.007857506866753797,-0.06268090860550073,0.015288771512341315,-0.015365444790564387,-0.002728176995745403,0.3836958408355713,0.39350640910291224,28.0,11.166666666666666,0.10610743254571464
GEO Gated MoE,MEO-2,2025-09-10 16:48:00,-0.658341106,-0.31872230224102255,0.3396188037589774,-0.168878008,0.04034605969468521,0.2092240676946852,-0.333790079,0.0556195841132385,0.38940966311323855,-0.195190942,0.016601649791603654,0.21179259179160365,-0.2535839062062493,0.03189845160443607,0.07721327427449437,0.0196520699935996,-0.06513839603477321,0.008447608090249137,-0.021593690161255872,-0.0030504202019959476,0.3925258219242096,0.39350640910291224,29.116666666666667,11.166666666666666,0.10610743254571464
GEO Gated MoE,MEO-2,2025-09-10 16:51:00,-0.119109925,-0.3204534668674486,-0.20134354186744857,0.005065087,0.04406898553437324,0.039003898534373235,-0.045552712,0.05763106294062383,0.10318377494062383,-0.033576246,0.016644980994469337,0.050221226994469334,-0.25519464621258403,0.03592084748607874,0.0794949808275974,0.019712928316303183,-0.06525882065486453,0.0081481380482945,-0.021863917886973568,-0.003067947321833844,0.39295607805252075,0.39350640910291224,29.166666666666668,11.166666666666666,0.10610743254571464
GEO Gated MoE,MEO-2,2025-09-10 17:01:00,-0.179179491,-0.3261608441859658,-0.1469813531859658,-0.04787511,0.057249170264727714,0.10512428026472771,-0.094082613,0.062042954107691714,0.1561255671076917,0.003878415,0.016366762763706362,0.012488347763706362,-0.2605320680957886,0.05006058842401688,0.08475660213407883,0.019492903337019224,-0.06562877609017718,0.007188581840710834,-0.022713648026387118,-0.0031261405733128615,0.39437535405158997,0.39350640910291224,29.333333333333332,11.166666666666666,0.10610743254571464
GEO Gated MoE,MEO-2,2025-09-10 17:11:00,-0.271167127,-0.33176157459385225,-0.06059444759385224,0.008144267,0.07137486351565135,0.06323059651565135,-0.149303928,0.062321787675584536,0.21162571567558452,0.003878415,0.015447546846166525,0.011569131846166526,-0.2658277292461579,0.0650758238875699,0.08578925721192573,0.01863067524185575,-0.06593384534769438,0.006299039628081458,-0.023467469536341195,-0.003183128395689225,0.39575982093811035,0.39350640910291224,29.5,11.166666666666666,0.10610743254571464
